place_id,name,country,city,category,latitude,longitude
1,Quattro Fontane,Italy,Rome,Attraction,41.901969,12.490741
2,,Italy,Rome,Attraction,41.873186,12.501797
3,Porta Magica,Italy,Rome,Attraction,41.895502,12.50374
4,,Italy,Rome,Attraction,41.898807,12.509556
5,,Italy,Rome,Attraction,41.898739,12.509602
6,Catacombe di Priscilla,Italy,Rome,Attraction,41.929726,12.508765
7,"bunker ""Ferro di Cavallo""",Italy,Rome,Attraction,41.934481,12.498636
8,Fontana dell'Acqua Acetosa,Italy,Rome,Attraction,41.931521,12.485651
9,Catacombe di Sant'Agnese,Italy,Rome,Attraction,41.922768,12.51876
10,Fontana dei Libri,Italy,Rome,Attraction,41.898402,12.474202
11,,Italy,Rome,Attraction,41.928485,12.481233
12,Monte Mario,Italy,Rome,Attraction,41.924405,12.452132
13,Ninfeo di Egeria,Italy,Rome,Attraction,41.859159,12.524261
14,Cannone di Mezzogiorno,Italy,Rome,Attraction,41.891446,12.461536
15,,Italy,Rome,Attraction,41.885619,12.49449
16,Obelisco Matteiano,Italy,Rome,Attraction,41.883389,12.495335
17,Madonna con Gesù bambino,Italy,Rome,Attraction,41.9011,12.479451
18,Fonte dell'Acqua Sacra,Italy,Rome,Attraction,41.930239,12.534558
19,"Statua ""parlante"" di Pasquino",Italy,Rome,Attraction,41.897715,12.472308
20,Torre di Perna,Italy,Rome,Attraction,41.766306,12.456538
21,Arco di Paolo V,Italy,Rome,Attraction,41.888977,12.453117
22,,Italy,Rome,Attraction,41.882225,12.474271
23,Porta Latina,Italy,Rome,Attraction,41.876519,12.502488
24,Colle Palatino,Italy,Rome,Attraction,41.889306,12.487109
25,Monumento a Pier Paolo Pasolini,Italy,Rome,Attraction,41.741537,12.248943
26,Villa Romana - Via Pollenza,Italy,Rome,Attraction,41.946544,12.577425
27,Villa e Cisterna delle Vignacce,Italy,Rome,Attraction,41.854281,12.555215
28,Museo dell'Astronomia e Planetario,Italy,Rome,Attraction,41.830911,12.477479
29,Porta Metronia,Italy,Rome,Attraction,41.882323,12.498639
30,Villa di Massenzio,Italy,Rome,Attraction,41.853698,12.518942
31,,Italy,Rome,Attraction,41.85667,12.514574
32,Catacombe di San Sebastiano,Italy,Rome,Attraction,41.85593,12.515797
33,,Italy,Rome,Attraction,41.85964,12.496038
34,Arco di Via Nola,Italy,Rome,Attraction,41.887544,12.514546
35,Arco di Via Nola,Italy,Rome,Attraction,41.887528,12.514493
36,Arco su Porta San Lorenzo,Italy,Rome,Attraction,41.897237,12.51048
37,Porta San Lorenzo,Italy,Rome,Attraction,41.897465,12.51031
38,Museo Storico dei Bersaglieri,Italy,Rome,Attraction,41.909267,12.501079
39,Galeria,Italy,Rome,Attraction,42.024985,12.299937
40,Galleria Spada,Italy,Rome,Attraction,41.893887,12.472201
41,Museo di Roma,Italy,Rome,Attraction,41.897278,12.472777
42,Porta Romana,Italy,Rome,Attraction,41.757389,12.295753
43,Museo Nazionale Romano,Italy,Rome,Attraction,41.901198,12.472838
44,Monumento a Terenzio Mamiani della Rovere,Italy,Rome,Attraction,41.899798,12.465751
45,Palazzo Doria Pamphilj,Italy,Rome,Attraction,41.897824,12.481561
46,,Italy,Rome,Attraction,41.859693,12.495686
47,,Italy,Rome,Attraction,41.859632,12.495659
48,,Italy,Rome,Attraction,41.859551,12.495423
49,,Italy,Rome,Attraction,41.859888,12.494936
50,,Italy,Rome,Attraction,41.859538,12.495556
51,,Italy,Rome,Attraction,41.859767,12.495151
52,,Italy,Rome,Attraction,41.859499,12.495481
53,,Italy,Rome,Attraction,41.859573,12.495838
54,,Italy,Rome,Attraction,41.859664,12.495285
55,,Italy,Rome,Attraction,41.859439,12.495527
56,,Italy,Rome,Attraction,41.859721,12.495217
57,,Italy,Rome,Attraction,41.859612,12.495351
58,,Italy,Rome,Attraction,41.859819,12.495052
59,,Italy,Rome,Attraction,41.856111,12.496101
60,,Italy,Rome,Attraction,41.856186,12.495887
61,,Italy,Rome,Attraction,41.854209,12.488524
62,,Italy,Rome,Attraction,41.853732,12.488857
63,,Italy,Rome,Attraction,41.854006,12.488895
64,,Italy,Rome,Attraction,41.854128,12.488406
65,,Italy,Rome,Attraction,41.854334,12.48824
66,,Italy,Rome,Attraction,41.85393,12.488805
67,,Italy,Rome,Attraction,41.854147,12.48868
68,,Italy,Rome,Attraction,41.854369,12.488464
69,,Italy,Rome,Attraction,41.853613,12.488906
70,,Italy,Rome,Attraction,41.854061,12.488679
71,,Italy,Rome,Attraction,41.85366,12.489059
72,,Italy,Rome,Attraction,41.853879,12.488927
73,,Italy,Rome,Attraction,41.854427,12.488347
74,,Italy,Rome,Attraction,41.854056,12.488507
75,,Italy,Rome,Attraction,41.853756,12.488987
76,,Italy,Rome,Attraction,41.853973,12.489003
77,,Italy,Rome,Attraction,41.854033,12.482427
78,,Italy,Rome,Attraction,41.852972,12.491495
79,,Italy,Rome,Attraction,41.853142,12.490999
80,,Italy,Rome,Attraction,41.853103,12.490451
81,,Italy,Rome,Attraction,41.853125,12.491698
82,,Italy,Rome,Attraction,41.852917,12.491426
83,,Italy,Rome,Attraction,41.853267,12.491905
84,,Italy,Rome,Attraction,41.853074,12.491621
85,,Italy,Rome,Attraction,41.853042,12.490526
86,,Italy,Rome,Attraction,41.85285,12.491329
87,,Italy,Rome,Attraction,41.853225,12.491833
88,,Italy,Rome,Attraction,41.853023,12.491563
89,,Italy,Rome,Attraction,41.853016,12.491154
90,,Italy,Rome,Attraction,41.853173,12.491763
91,,Italy,Rome,Attraction,41.863936,12.486701
92,Harry's Bar,Italy,Rome,Attraction,41.909077,12.488319
93,,Italy,Rome,Attraction,41.919762,12.460955
94,,Italy,Rome,Attraction,41.930168,12.399105
95,,Italy,Rome,Attraction,41.929675,12.398602
96,,Italy,Rome,Attraction,41.92948,12.398398
97,,Italy,Rome,Attraction,41.861071,12.46862
98,,Italy,Rome,Attraction,41.861063,12.465131
99,,Italy,Rome,Attraction,41.860996,12.466631
100,,Italy,Rome,Attraction,41.861102,12.464105
101,,Italy,Rome,Attraction,41.860967,12.466081
102,,Italy,Rome,Attraction,41.861021,12.467344
103,,Italy,Rome,Attraction,41.860913,12.464999
104,,Italy,Rome,Attraction,41.861037,12.467702
105,,Italy,Rome,Attraction,41.86112,12.466415
106,,Italy,Rome,Attraction,41.861014,12.464474
107,,Italy,Rome,Attraction,41.861063,12.468245
108,,Italy,Rome,Attraction,41.861174,12.467493
109,,Italy,Rome,Attraction,41.861008,12.466978
110,,Italy,Rome,Attraction,41.861112,12.464637
111,,Italy,Rome,Attraction,41.861136,12.46678
112,,Italy,Rome,Attraction,41.860993,12.466436
113,,Italy,Rome,Attraction,41.861089,12.46567
114,,Italy,Rome,Attraction,41.860926,12.465521
115,,Italy,Rome,Attraction,41.861071,12.468794
116,,Italy,Rome,Attraction,41.861066,12.464971
117,,Italy,Rome,Attraction,41.860936,12.464783
118,,Italy,Rome,Attraction,41.861156,12.467114
119,,Italy,Rome,Attraction,41.860946,12.4659
120,,Italy,Rome,Attraction,41.8612,12.467664
121,,Italy,Rome,Attraction,41.861047,12.467883
122,,Italy,Rome,Attraction,41.861115,12.466217
123,,Italy,Rome,Attraction,41.861047,12.464283
124,,Italy,Rome,Attraction,41.861073,12.468429
125,,Italy,Rome,Attraction,41.861078,12.465497
126,,Italy,Rome,Attraction,41.860996,12.466794
127,,Italy,Rome,Attraction,41.861138,12.466575
128,,Italy,Rome,Attraction,41.860985,12.466255
129,,Italy,Rome,Attraction,41.860923,12.46534
130,,Italy,Rome,Attraction,41.861029,12.467521
131,,Italy,Rome,Attraction,41.861073,12.464818
132,,Italy,Rome,Attraction,41.860977,12.464609
133,,Italy,Rome,Attraction,41.861164,12.467305
134,,Italy,Rome,Attraction,41.861021,12.467152
135,,Italy,Rome,Attraction,41.861151,12.466947
136,,Italy,Rome,Attraction,41.861053,12.468074
137,,Italy,Rome,Attraction,41.861102,12.465876
138,,Italy,Rome,Attraction,41.860933,12.465719
139,,Italy,Rome,Attraction,41.87397,12.476595
140,,Italy,Rome,Attraction,41.874277,12.477057
141,,Italy,Rome,Attraction,41.874586,12.477475
142,,Italy,Rome,Attraction,41.874436,12.47751
143,,Italy,Rome,Attraction,41.874361,12.477149
144,,Italy,Rome,Attraction,41.874453,12.477306
145,,Italy,Rome,Attraction,41.874054,12.476983
146,,Italy,Rome,Attraction,41.873895,12.476503
147,,Italy,Rome,Attraction,41.874222,12.476965
148,,Italy,Rome,Attraction,41.874723,12.479036
149,,Italy,Rome,Attraction,41.874486,12.47762
150,,Italy,Rome,Attraction,41.874972,12.478109
151,,Italy,Rome,Attraction,41.873778,12.476296
152,,Italy,Rome,Attraction,41.874008,12.476915
153,,Italy,Rome,Attraction,41.874173,12.477143
154,,Italy,Rome,Attraction,41.874407,12.477667
155,,Italy,Rome,Attraction,41.87484,12.479064
156,,Italy,Rome,Attraction,41.87382,12.476382
157,,Italy,Rome,Attraction,41.874178,12.476891
158,,Italy,Rome,Attraction,41.873838,12.476639
159,,Italy,Rome,Attraction,41.874369,12.47781
160,,Italy,Rome,Attraction,41.874923,12.478014
161,,Italy,Rome,Attraction,41.873679,12.476044
162,,Italy,Rome,Attraction,41.873741,12.47621
163,,Italy,Rome,Attraction,41.874524,12.477401
164,,Italy,Rome,Attraction,41.874261,12.477261
165,,Italy,Rome,Attraction,41.874354,12.477419
166,,Italy,Rome,Attraction,41.874063,12.476749
167,,Italy,Rome,Attraction,41.875627,12.471678
168,,Italy,Rome,Attraction,41.874941,12.478371
169,,Italy,Rome,Attraction,41.875491,12.479499
170,,Italy,Rome,Attraction,41.875301,12.480596
171,,Italy,Rome,Attraction,41.875491,12.479196
172,,Italy,Rome,Attraction,41.874973,12.48054
173,,Italy,Rome,Attraction,41.875851,12.479961
174,,Italy,Rome,Attraction,41.874658,12.477514
175,,Italy,Rome,Attraction,41.875533,12.479598
176,,Italy,Rome,Attraction,41.875192,12.480579
177,,Italy,Rome,Attraction,41.875443,12.479093
178,,Italy,Rome,Attraction,41.875668,12.479564
179,,Italy,Rome,Attraction,41.875813,12.479879
180,,Italy,Rome,Attraction,41.875121,12.47844
181,,Italy,Rome,Attraction,41.8756,12.479745
182,,Italy,Rome,Attraction,41.875336,12.479209
183,,Italy,Rome,Attraction,41.875391,12.478985
184,,Italy,Rome,Attraction,41.875565,12.479343
185,,Italy,Rome,Attraction,41.875092,12.478367
186,,Italy,Rome,Attraction,41.875304,12.478799
187,,Italy,Rome,Attraction,41.875375,12.479291
188,,Italy,Rome,Attraction,41.875343,12.478889
189,,Italy,Rome,Attraction,41.875598,12.479417
190,,Italy,Rome,Attraction,41.875044,12.47828
191,,Italy,Rome,Attraction,41.875272,12.478734
192,,Italy,Rome,Attraction,41.875758,12.479771
193,,Italy,Rome,Attraction,41.875086,12.478701
194,,Italy,Rome,Attraction,41.875533,12.479291
195,,Italy,Rome,Attraction,41.875137,12.478799
196,,Italy,Rome,Attraction,41.875224,12.478643
197,,Italy,Rome,Attraction,41.874802,12.48051
198,,Italy,Rome,Attraction,41.8757,12.479966
199,,Italy,Rome,Attraction,41.875002,12.478483
200,,Italy,Rome,Attraction,41.875423,12.479369
201,,Italy,Rome,Attraction,41.875735,12.480069
202,,Italy,Rome,Attraction,41.875172,12.478561
203,,Italy,Rome,Attraction,41.874908,12.480519
204,,Italy,Rome,Attraction,41.875896,12.480048
205,,Italy,Rome,Attraction,41.873481,12.469091
206,,Italy,Rome,Attraction,41.873474,12.469163
207,,Italy,Rome,Attraction,41.873483,12.469003
208,,Italy,Rome,Attraction,41.863958,12.481383
209,,Italy,Rome,Attraction,41.863865,12.48041
210,,Italy,Rome,Attraction,41.863889,12.480048
211,,Italy,Rome,Attraction,41.865474,12.481738
212,,Italy,Rome,Attraction,41.86248,12.48223
213,,Italy,Rome,Attraction,41.861348,12.48178
214,,Italy,Rome,Attraction,41.8634,12.482043
215,,Italy,Rome,Attraction,41.863868,12.480314
216,,Italy,Rome,Attraction,41.866538,12.481689
217,,Italy,Rome,Attraction,41.866228,12.482283
218,,Italy,Rome,Attraction,41.864787,12.481605
219,,Italy,Rome,Attraction,41.861364,12.481658
220,,Italy,Rome,Attraction,41.866355,12.482019
221,,Italy,Rome,Attraction,41.862145,12.482058
222,,Italy,Rome,Attraction,41.86329,12.481982
223,,Italy,Rome,Attraction,41.864155,12.481472
224,,Italy,Rome,Attraction,41.866379,12.481674
225,,Italy,Rome,Attraction,41.862327,12.482116
226,,Italy,Rome,Attraction,41.863874,12.480173
227,,Italy,Rome,Attraction,41.866367,12.481908
228,,Italy,Rome,Attraction,41.860887,12.476676
229,,Italy,Rome,Attraction,41.859441,12.477987
230,,Italy,Rome,Attraction,41.861202,12.476895
231,,Italy,Rome,Attraction,41.860246,12.478229
232,,Italy,Rome,Attraction,41.860373,12.475862
233,,Italy,Rome,Attraction,41.861683,12.48205
234,,Italy,Rome,Attraction,41.860012,12.475785
235,,Italy,Rome,Attraction,41.85801,12.47782
236,,Italy,Rome,Attraction,41.860326,12.475632
237,,Italy,Rome,Attraction,41.861197,12.477999
238,,Italy,Rome,Attraction,41.859675,12.475593
239,,Italy,Rome,Attraction,41.861567,12.482028
240,,Italy,Rome,Attraction,41.859854,12.476498
241,,Italy,Rome,Attraction,41.859963,12.475048
242,,Italy,Rome,Attraction,41.859966,12.477791
243,,Italy,Rome,Attraction,41.861605,12.4781
244,,Italy,Rome,Attraction,41.861005,12.477994
245,,Italy,Rome,Attraction,41.859729,12.475687
246,,Italy,Rome,Attraction,41.861216,12.482002
247,,Italy,Rome,Attraction,41.859565,12.475524
248,,Italy,Rome,Attraction,41.859511,12.475585
249,,Italy,Rome,Attraction,41.861052,12.476787
250,,Italy,Rome,Attraction,41.859691,12.478063
251,,Italy,Rome,Attraction,41.860264,12.475793
252,,Italy,Rome,Attraction,41.860279,12.47614
253,,Italy,Rome,Attraction,41.859887,12.475279
254,,Italy,Rome,Attraction,41.860056,12.475215
255,,Italy,Rome,Attraction,41.860139,12.475618
256,,Italy,Rome,Attraction,41.861493,12.48208
257,,Italy,Rome,Attraction,41.86006,12.476564
258,,Italy,Rome,Attraction,41.859291,12.474259
259,,Italy,Rome,Attraction,41.860473,12.477889
260,,Italy,Rome,Attraction,41.859799,12.475585
261,,Italy,Rome,Attraction,41.860747,12.47795
262,,Italy,Rome,Attraction,41.860722,12.476568
263,,Italy,Rome,Attraction,41.859881,12.475626
264,,Italy,Rome,Attraction,41.85979,12.476405
265,,Italy,Rome,Attraction,41.860401,12.475737
266,,Italy,Rome,Attraction,41.85948,12.47465
267,,Italy,Rome,Attraction,41.859793,12.475145
268,,Italy,Rome,Attraction,41.85962,12.47775
269,,Italy,Rome,Attraction,41.857684,12.477708
270,,Italy,Rome,Attraction,41.860163,12.475391
271,,Italy,Rome,Attraction,41.858194,12.47788
272,,Italy,Rome,Attraction,41.860009,12.475438
273,,Italy,Rome,Attraction,41.86129,12.482113
274,,Italy,Rome,Attraction,41.860133,12.475972
275,,Italy,Rome,Attraction,41.859742,12.474637
276,,Italy,Rome,Attraction,41.860324,12.477868
277,,Italy,Rome,Attraction,41.857842,12.477769
278,,Italy,Rome,Attraction,41.86025,12.475528
279,,Italy,Rome,Attraction,41.861413,12.478058
280,,Italy,Rome,Attraction,41.860549,12.476445
281,,Italy,Rome,Attraction,41.860619,12.477909
282,,Italy,Rome,Attraction,41.859874,12.474892
283,,Italy,Rome,Attraction,41.860136,12.47782
284,,Italy,Rome,Attraction,41.860561,12.477356
285,,Italy,Rome,Attraction,41.860431,12.476278
286,,Italy,Rome,Attraction,41.859769,12.475455
287,,Italy,Rome,Attraction,41.861255,12.48184
288,,Italy,Rome,Attraction,41.859687,12.47534
289,,Italy,Rome,Attraction,41.86136,12.477028
290,,Italy,Rome,Attraction,41.8594,12.4745
291,,Italy,Rome,Attraction,41.861052,12.477107
292,,Italy,Rome,Attraction,41.859872,12.477461
293,,Italy,Rome,Attraction,41.860405,12.477599
294,,Italy,Rome,Attraction,41.861186,12.477181
295,,Italy,Rome,Attraction,41.861086,12.477569
296,,Italy,Rome,Attraction,41.859963,12.477478
297,,Italy,Rome,Attraction,41.860179,12.477542
298,,Italy,Rome,Attraction,41.860081,12.477525
299,,Italy,Rome,Attraction,41.860505,12.477623
300,,Italy,Rome,Attraction,41.860251,12.477569
301,Musée de l'Armée,France,Paris,Attraction,48.857037,2.311878
302,Point zéro des Routes de France,France,Paris,Attraction,48.853401,2.348788
303,Musée des Arts Décoratifs,France,Paris,Attraction,48.863169,2.332951
304,Musée des Arts et Métiers,France,Paris,Attraction,48.866098,2.355414
305,Musée national Gustave Moreau,France,Paris,Attraction,48.877896,2.334547
306,Musée Grévin,France,Paris,Attraction,48.871837,2.342097
307,Musée Edith Piaf,France,Paris,Attraction,48.866237,2.381737
308,Espace Dali,France,Paris,Attraction,48.88648,2.339902
309,Cité des Sciences et de l'Industrie,France,Paris,Attraction,48.895752,2.387976
310,Maison de Victor Hugo,France,Paris,Attraction,48.854799,2.366136
311,Vedettes de Paris,France,Paris,Attraction,48.858863,2.291854
312,Maison Européenne de la Photographie,France,Paris,Attraction,48.85512,2.358956
313,Robinier du square René Viviani,France,Paris,Attraction,48.852185,2.34729
314,Cité des Enfants (5-12 ans),France,Paris,Attraction,48.895735,2.388694
315,Place du Carrousel,France,Paris,Attraction,48.861633,2.334045
316,Folie Titon,France,Paris,Attraction,48.850527,2.385844
317,Fontaine Wallace,France,Paris,Attraction,48.837474,2.296437
318,Fontaine Wallace,France,Paris,Attraction,48.841884,2.303066
319,Petite Fontaine Wallace,France,Paris,Attraction,48.837536,2.29636
320,Fontaine Wallace,France,Paris,Attraction,48.841135,2.299682
321,Fontaine Wallace,France,Paris,Attraction,48.827696,2.332304
322,Fontaine Wallace,France,Paris,Attraction,48.852605,2.347228
323,Fontaine Wallace,France,Paris,Attraction,48.842247,2.386097
324,Fontaine Wallace,France,Paris,Attraction,48.852912,2.34307
325,Fontaine Wallace,France,Paris,Attraction,48.841096,2.387775
326,Fontaine Wallace,France,Paris,Attraction,48.836407,2.359557
327,Catacombes de Paris,France,Paris,Attraction,48.833744,2.332292
328,Fontaine Wallace,France,Paris,Attraction,48.835893,2.293331
329,Fontaine Cuvier,France,Paris,Attraction,48.843996,2.355031
330,Statue de George Washington,France,Paris,Attraction,48.864736,2.293906
331,,France,Paris,Attraction,48.847044,2.383599
332,,France,Paris,Attraction,48.858289,2.342124
333,Statue de Saint-Louis,France,Paris,Attraction,48.849218,2.341323
334,,France,Paris,Attraction,48.876992,2.38012
335,Maison natale de Molière,France,Paris,Attraction,48.86124,2.344839
336,Maison natale de Molière,France,Paris,Attraction,48.861512,2.342398
337,Le Petit Bouillon Pharamond,France,Paris,Attraction,48.863005,2.348501
338,Jacob Kaplan,France,Paris,Attraction,48.856988,2.358701
339,Fontaine Médicis,France,Paris,Attraction,48.848059,2.339294
340,,France,Paris,Attraction,48.881334,2.354201
341,Conciergerie,France,Paris,Attraction,48.855949,2.346026
342,Samuel Champlain,France,Paris,Attraction,48.865027,2.310571
343,Jacques Cartier,France,Paris,Attraction,48.865009,2.310579
344,,France,Paris,Attraction,48.896449,2.3853
345,,France,Paris,Attraction,48.896442,2.385697
346,,France,Paris,Attraction,48.896204,2.385676
347,,France,Paris,Attraction,48.896949,2.386787
348,,France,Paris,Attraction,48.896431,2.385022
349,,France,Paris,Attraction,48.896047,2.385683
350,,France,Paris,Attraction,48.896672,2.385485
351,,France,Paris,Attraction,48.896487,2.385177
352,,France,Paris,Attraction,48.895854,2.385556
353,,France,Paris,Attraction,48.896381,2.385119
354,,France,Paris,Attraction,48.896412,2.385766
355,,France,Paris,Attraction,48.896321,2.385234
356,,France,Paris,Attraction,48.896088,2.385638
357,,France,Paris,Attraction,48.896539,2.385911
358,,France,Paris,Attraction,48.895902,2.385503
359,,France,Paris,Attraction,48.896348,2.385156
360,,France,Paris,Attraction,48.896014,2.385579
361,,France,Paris,Attraction,48.895971,2.385764
362,,France,Paris,Attraction,48.89646,2.385729
363,,France,Paris,Attraction,48.896117,2.385608
364,,France,Paris,Attraction,48.896601,2.385915
365,,France,Paris,Attraction,48.895953,2.385454
366,,France,Paris,Attraction,48.896377,2.385316
367,,France,Paris,Attraction,48.896054,2.385539
368,,France,Paris,Attraction,48.896223,2.385817
369,,France,Paris,Attraction,48.895816,2.385449
370,,France,Paris,Attraction,48.895844,2.385412
371,,France,Paris,Attraction,48.89643,2.385276
372,,France,Paris,Attraction,48.89596,2.385622
373,,France,Paris,Attraction,48.89659,2.385605
374,,France,Paris,Attraction,48.896034,2.385883
375,,France,Paris,Attraction,48.896247,2.385972
376,,France,Paris,Attraction,48.895756,2.385336
377,,France,Paris,Attraction,48.896342,2.384819
378,,France,Paris,Attraction,48.895924,2.38567
379,,France,Paris,Attraction,48.896546,2.385642
380,,France,Paris,Attraction,48.896068,2.385841
381,,France,Paris,Attraction,48.896082,2.385987
382,,France,Paris,Attraction,48.896467,2.3856
383,,France,Paris,Attraction,48.896876,2.386457
384,,France,Paris,Attraction,48.896311,2.38486
385,,France,Paris,Attraction,48.896011,2.385721
386,,France,Paris,Attraction,48.896504,2.385686
387,,France,Paris,Attraction,48.896106,2.385798
388,,France,Paris,Attraction,48.863497,2.278449
389,Brasserie Bofinger,France,Paris,Attraction,48.85391,2.368043
390,Musée du Vin,France,Paris,Attraction,48.857522,2.284569
391,Renard des Steppes,France,Paris,Attraction,48.845396,2.361452
392,Takin,France,Paris,Attraction,48.844943,2.361104
393,Markhor,France,Paris,Attraction,48.845599,2.360192
394,Cheval de Przewalski,France,Paris,Attraction,48.845599,2.361003
395,Tapir malais,France,Paris,Attraction,48.846027,2.36141
396,Chèvres des montagnes rocheuses,France,Paris,Attraction,48.845395,2.360084
397,Flamant des Caraïbes,France,Paris,Attraction,48.845132,2.358579
398,Vigognes,France,Paris,Attraction,48.844865,2.361533
399,Casoars à casque,France,Paris,Attraction,48.84612,2.360275
400,Oryx d'Arabie,France,Paris,Attraction,48.844979,2.362054
401,Gaur,France,Paris,Attraction,48.844431,2.35884
402,Pademelons,France,Paris,Attraction,48.845025,2.358958
403,Sanglier de Visayas,France,Paris,Attraction,48.844897,2.359236
404,Chèvres du Sénégal,France,Paris,Attraction,48.844548,2.359417
405,Wallaby de Bennett,France,Paris,Attraction,48.844406,2.357862
406,Sophora d'Incarville,France,Paris,Attraction,48.841873,2.357205
407,Gaur,France,Paris,Attraction,48.844694,2.358176
408,Goral,France,Paris,Attraction,48.8451,2.360342
409,Gaur,France,Paris,Attraction,48.844367,2.359386
410,Potamochère roux,France,Paris,Attraction,48.844641,2.360558
411,Ara,France,Paris,Attraction,48.845713,2.359975
412,,France,Paris,Attraction,48.843364,2.361635
413,Musée de la Poste,France,Paris,Attraction,48.841456,2.317219
414,Galerie-musée Baccarat,France,Paris,Attraction,48.867739,2.293639
415,Georges Lachambre,France,Paris,Attraction,48.830497,2.366109
416,Trompe-œil Bach,France,Paris,Attraction,48.830737,2.366252
417,Abbaye de Port-Royal,France,Paris,Attraction,48.83856,2.338331
418,Gérard de Nerval,France,Paris,Attraction,48.857801,2.348613
419,,France,Paris,Attraction,48.844108,2.358385
420,Himalaya,France,Paris,Attraction,48.844063,2.359158
421,Serre de Nouvelle-Calédonie,France,Paris,Attraction,48.843134,2.357256
422,Fau de Verzy,France,Paris,Attraction,48.844013,2.35844
423,,France,Paris,Attraction,48.844023,2.358612
424,Cévennes,France,Paris,Attraction,48.843933,2.358658
425,Maroc,France,Paris,Attraction,48.844174,2.358808
426,,France,Paris,Attraction,48.844031,2.359098
427,Corse,France,Paris,Attraction,48.844159,2.359014
428,,France,Paris,Attraction,48.844163,2.359168
429,Forêts tropicales humides,France,Paris,Attraction,48.843305,2.35802
430,Rapaces diurnes,France,Paris,Attraction,48.845862,2.359983
431,Pistachier de Vaillant,France,Paris,Attraction,48.844157,2.359331
432,Espagne,France,Paris,Attraction,48.844176,2.358518
433,Balkans,France,Paris,Attraction,48.844057,2.358283
434,Provence,France,Paris,Attraction,48.844137,2.358646
435,Préalpes,France,Paris,Attraction,48.843917,2.35852
436,USA,France,Paris,Attraction,48.844001,2.358966
437,Zone arides des déserts,France,Paris,Attraction,48.843184,2.357541
438,Alpes,France,Paris,Attraction,48.843939,2.358275
439,,France,Paris,Attraction,48.844045,2.358834
440,Histoire des Plantes,France,Paris,Attraction,48.84298,2.356802
441,Caucase,France,Paris,Attraction,48.844167,2.359246
442,La Galerie des Enfants,France,Paris,Attraction,48.842517,2.356167
443,Métaséquoia,France,Paris,Attraction,48.843846,2.358409
444,Japon - Chine,France,Paris,Attraction,48.844097,2.359489
445,,France,Paris,Attraction,48.844042,2.35931
446,,France,Paris,Attraction,48.844101,2.359292
447,Tourbière,France,Paris,Attraction,48.843801,2.358226
448,,France,Paris,Attraction,48.862073,2.328441
449,,France,Paris,Attraction,48.863229,2.329884
450,,France,Paris,Attraction,48.862167,2.330036
451,,France,Paris,Attraction,48.861964,2.32901
452,,France,Paris,Attraction,48.871867,2.318433
453,,France,Paris,Attraction,48.862287,2.328574
454,,France,Paris,Attraction,48.863407,2.330392
455,,France,Paris,Attraction,48.862305,2.32955
456,,France,Paris,Attraction,48.862114,2.329082
457,,France,Paris,Attraction,48.871817,2.318471
458,,France,Paris,Attraction,48.862123,2.328383
459,,France,Paris,Attraction,48.863474,2.330116
460,,France,Paris,Attraction,48.862371,2.329908
461,,France,Paris,Attraction,48.862925,2.330626
462,,France,Paris,Attraction,48.871858,2.318531
463,,France,Paris,Attraction,48.862506,2.328755
464,,France,Paris,Attraction,48.863591,2.330338
465,,France,Paris,Attraction,48.86271,2.330363
466,,France,Paris,Attraction,48.861786,2.330143
467,,France,Paris,Attraction,48.862932,2.330535
468,,France,Paris,Attraction,48.871905,2.31857
469,,France,Paris,Attraction,48.862723,2.330209
470,,France,Paris,Attraction,48.8617,2.329252
471,,France,Paris,Attraction,48.862909,2.330017
472,,France,Paris,Attraction,48.871918,2.318495
473,,France,Paris,Attraction,48.861813,2.329723
474,,France,Paris,Attraction,48.86306,2.32996
475,,France,Paris,Attraction,48.871921,2.318414
476,,France,Paris,Attraction,48.862117,2.329296
477,,France,Paris,Attraction,48.863766,2.329691
478,,France,Paris,Attraction,48.861719,2.329131
479,,France,Paris,Attraction,48.86359,2.329546
480,,France,Paris,Attraction,48.86326,2.330745
481,Pin laricio,France,Paris,Attraction,48.843559,2.359354
482,,France,Paris,Attraction,48.843254,2.361327
483,Rapaces nocturnes,France,Paris,Attraction,48.844592,2.361209
484,Arbre de Judée,France,Paris,Attraction,48.842178,2.359106
485,Platane de Buffon,France,Paris,Attraction,48.844083,2.357574
486,,France,Paris,Attraction,48.843319,2.356452
487,Cerisier du Japon,France,Paris,Attraction,48.84331,2.360199
488,Panda roux,France,Paris,Attraction,48.84418,2.359814
489,Robinier de Robin,France,Paris,Attraction,48.842344,2.359159
490,,France,Paris,Attraction,48.843905,2.36248
491,Théodore Monod,France,Paris,Attraction,48.843309,2.356245
492,,France,Paris,Attraction,48.842996,2.361695
493,Daubenton,France,Paris,Attraction,48.843174,2.356262
494,,France,Paris,Attraction,48.843021,2.360368
495,Cerisier du Japon 'Shirotae',France,Paris,Attraction,48.843632,2.361468
496,Binturong,France,Paris,Attraction,48.844298,2.360174
497,Noyer noir d’Amérique,France,Paris,Attraction,48.84284,2.360695
498,,France,Paris,Attraction,48.843612,2.362646
499,Souche d'arbre,France,Paris,Attraction,48.842249,2.358363
500,Musée du Service de Santé des Armées,France,Paris,Attraction,48.840365,2.341428
501,,France,Paris,Attraction,48.865966,2.355603
502,César Franck,France,Paris,Attraction,48.858974,2.319868
503,Musée du chocolat,France,Paris,Attraction,48.870585,2.350096
504,,France,Paris,Attraction,48.864768,2.327029
505,,France,Paris,Attraction,48.864187,2.328843
506,,France,Paris,Attraction,48.863712,2.330657
507,,France,Paris,Attraction,48.86445,2.328331
508,,France,Paris,Attraction,48.863868,2.330156
509,,France,Paris,Attraction,48.863527,2.331228
510,,France,Paris,Attraction,48.86378,2.330446
511,,France,Paris,Attraction,48.864456,2.328003
512,,France,Paris,Attraction,48.861655,2.330289
513,,France,Paris,Attraction,48.863927,2.329662
514,,France,Paris,Attraction,48.864661,2.327671
515,,France,Paris,Attraction,48.863962,2.329861
516,,France,Paris,Attraction,48.864391,2.328199
517,,France,Paris,Attraction,48.862348,2.327628
518,,France,Paris,Attraction,48.863788,2.330097
519,,France,Paris,Attraction,48.863505,2.331295
520,,France,Paris,Attraction,48.864473,2.32826
521,,France,Paris,Attraction,48.864118,2.329372
522,,France,Paris,Attraction,48.864495,2.328189
523,,France,Paris,Attraction,48.861711,2.33033
524,,France,Paris,Attraction,48.863949,2.329593
525,,France,Paris,Attraction,48.864684,2.327597
526,,France,Paris,Attraction,48.864081,2.329173
527,,France,Paris,Attraction,48.864603,2.327537
528,,France,Paris,Attraction,48.864209,2.328774
529,,France,Paris,Attraction,48.863833,2.329948
530,,France,Paris,Attraction,48.864577,2.327935
531,,France,Paris,Attraction,48.864096,2.329441
532,,France,Paris,Attraction,48.864827,2.327151
533,,France,Paris,Attraction,48.864225,2.329038
534,,France,Paris,Attraction,48.861463,2.330218
535,,France,Paris,Attraction,48.864804,2.327222
536,,France,Paris,Attraction,48.864061,2.329242
537,,France,Paris,Attraction,48.864579,2.327611
538,,France,Paris,Attraction,48.864336,2.32869
539,,France,Paris,Attraction,48.863517,2.330955
540,,France,Paris,Attraction,48.863607,2.330671
541,,France,Paris,Attraction,48.863404,2.331314
542,,France,Paris,Attraction,48.864596,2.327875
543,,France,Paris,Attraction,48.863983,2.329794
544,,France,Paris,Attraction,48.863562,2.330815
545,,France,Paris,Attraction,48.864747,2.327092
546,,France,Paris,Attraction,48.864247,2.32897
547,,France,Paris,Attraction,48.863735,2.330586
548,,France,Paris,Attraction,48.864371,2.32827
549,,France,Paris,Attraction,48.864314,2.328759
550,,France,Paris,Attraction,48.863597,2.331012
551,,France,Paris,Attraction,48.863758,2.330515
552,,France,Paris,Attraction,48.864471,2.327949
553,,France,Paris,Attraction,48.863858,2.329879
554,,France,Paris,Attraction,48.864724,2.327164
555,,France,Paris,Attraction,48.863938,2.329936
556,,France,Paris,Attraction,48.861419,2.330118
557,,France,Paris,Attraction,48.863652,2.33053
558,,France,Paris,Attraction,48.864348,2.328343
559,,France,Paris,Attraction,48.863764,2.330173
560,,France,Paris,Attraction,48.863482,2.331365
561,,France,Paris,Attraction,48.864555,2.327687
562,,France,Paris,Attraction,48.863803,2.330375
563,,France,Paris,Attraction,48.864553,2.328009
564,,France,Paris,Attraction,48.861691,2.33039
565,,France,Paris,Attraction,48.863971,2.329526
566,,France,Paris,Attraction,48.864708,2.327524
567,,France,Paris,Attraction,48.863915,2.330008
568,,France,Paris,Attraction,48.861478,2.33016
569,,France,Paris,Attraction,48.864677,2.32731
570,,France,Paris,Attraction,48.864233,2.328702
571,,France,Paris,Attraction,48.863743,2.330242
572,,France,Paris,Attraction,48.863382,2.331384
573,,France,Paris,Attraction,48.864532,2.327756
574,,France,Paris,Attraction,48.864074,2.329511
575,,France,Paris,Attraction,48.864846,2.32709
576,,France,Paris,Attraction,48.864163,2.329232
577,,France,Paris,Attraction,48.861635,2.330348
578,,France,Paris,Attraction,48.863994,2.329452
579,,France,Paris,Attraction,48.864733,2.327446
580,,France,Paris,Attraction,48.864141,2.329301
581,,France,Paris,Attraction,48.864255,2.328627
582,,France,Paris,Attraction,48.863584,2.330744
583,,France,Paris,Attraction,48.863427,2.331241
584,,France,Paris,Attraction,48.864614,2.327818
585,,France,Paris,Attraction,48.864051,2.329582
586,,France,Paris,Attraction,48.863459,2.331437
587,,France,Paris,Attraction,48.864868,2.327023
588,,France,Paris,Attraction,48.864268,2.328902
589,,France,Paris,Attraction,48.863666,2.330799
590,,France,Paris,Attraction,48.864403,2.328478
591,,France,Paris,Attraction,48.864382,2.328545
592,,France,Paris,Attraction,48.863573,2.331084
593,,France,Paris,Attraction,48.863674,2.33046
594,,France,Paris,Attraction,48.863449,2.331171
595,,France,Paris,Attraction,48.864415,2.328127
596,,France,Paris,Attraction,48.863881,2.329804
597,,France,Paris,Attraction,48.864699,2.327242
598,,France,Paris,Attraction,48.86429,2.328833
599,,France,Paris,Attraction,48.863629,2.330602
600,,France,Paris,Attraction,48.864324,2.328418
601,Portal del Bisbe,Spain,Barcelona,Attraction,41.384006,2.175425
602,Barcelona a Prim,Spain,Barcelona,Attraction,41.38639,2.186795
603,Coll de la Ventosa,Spain,Barcelona,Attraction,41.450643,2.159005
604,Homenatge als castellers,Spain,Barcelona,Attraction,41.382033,2.177009
605,El Cul. A Santiago Roldan,Spain,Barcelona,Attraction,41.388947,2.193827
606,Coll de l'Erola,Spain,Barcelona,Attraction,41.431569,2.126593
607,Coll del Gravat,Spain,Barcelona,Attraction,41.428821,2.105678
608,Font del Bacallà,Spain,Barcelona,Attraction,41.422276,2.12539
609,Font de Can Borni,Spain,Barcelona,Attraction,41.423432,2.122674
610,Font de la Maduixera,Spain,Barcelona,Attraction,41.419774,2.128247
611,Pas del Rei,Spain,Barcelona,Attraction,41.44364,2.130597
612,Font del Canet,Spain,Barcelona,Attraction,41.424204,2.115325
613,Font Vella,Spain,Barcelona,Attraction,41.421232,2.101776
614,Font Nova,Spain,Barcelona,Attraction,41.421376,2.101599
615,Turó de Collserola,Spain,Barcelona,Attraction,41.421944,2.135095
616,Turó del Puig,Spain,Barcelona,Attraction,41.428317,2.10956
617,Turó del Penitent,Spain,Barcelona,Attraction,41.430163,2.099198
618,Turó dels Mussols,Spain,Barcelona,Attraction,41.423366,2.107096
619,Turó d'en Ferrer,Spain,Barcelona,Attraction,41.421109,2.106329
620,Turó de Sant Cebrià,Spain,Barcelona,Attraction,41.436079,2.128869
621,Turó de Santa Maria,Spain,Barcelona,Attraction,41.433877,2.128074
622,Turó del Maltall de Magarola,Spain,Barcelona,Attraction,41.442154,2.129688
623,Turó de Valldaura,Spain,Barcelona,Attraction,41.444688,2.132807
624,Turó del Trac,Spain,Barcelona,Attraction,41.442814,2.136363
625,Elogi de l'aigua,Spain,Barcelona,Attraction,41.418219,2.145737
626,Pastelería Escribá Rambla De Les Flors,Spain,Barcelona,Attraction,41.381526,2.172671
627,Museu de la Música,Spain,Barcelona,Attraction,41.398892,2.185576
628,Sant Pere Màrtir,Spain,Barcelona,Attraction,41.39345,2.09811
629,,Spain,Barcelona,Attraction,41.419794,2.13809
630,,Spain,Barcelona,Attraction,41.419757,2.138042
631,,Spain,Barcelona,Attraction,41.419659,2.13799
632,,Spain,Barcelona,Attraction,41.419633,2.138036
633,,Spain,Barcelona,Attraction,41.419674,2.138044
634,,Spain,Barcelona,Attraction,41.41971,2.138068
635,,Spain,Barcelona,Attraction,41.420171,2.138357
636,,Spain,Barcelona,Attraction,41.420235,2.138427
637,Font de la Budellera,Spain,Barcelona,Attraction,41.41918,2.112621
638,Mina Grott,Spain,Barcelona,Attraction,41.416216,2.097838
639,Turó de Mont,Spain,Barcelona,Attraction,41.417537,2.112851
640,Sala Güell,Spain,Barcelona,Attraction,41.384493,2.174481
641,el Bosc Llarg,Spain,Barcelona,Attraction,41.405348,2.075332
642,Turó de la Peira,Spain,Barcelona,Attraction,41.432792,2.165502
643,Turó de la Rovira,Spain,Barcelona,Attraction,41.419262,2.161542
644,el Tibidabo,Spain,Barcelona,Attraction,41.422368,2.118914
645,,Spain,Barcelona,Attraction,41.418354,2.138905
646,,Spain,Barcelona,Attraction,41.419053,2.139265
647,,Spain,Barcelona,Attraction,41.418545,2.139009
648,,Spain,Barcelona,Attraction,41.41808,2.138537
649,,Spain,Barcelona,Attraction,41.417899,2.139155
650,,Spain,Barcelona,Attraction,41.41885,2.139175
651,,Spain,Barcelona,Attraction,41.417968,2.138468
652,,Spain,Barcelona,Attraction,41.417822,2.138546
653,,Spain,Barcelona,Attraction,41.41844,2.138958
654,,Spain,Barcelona,Attraction,41.417811,2.139116
655,,Spain,Barcelona,Attraction,41.418747,2.139123
656,,Spain,Barcelona,Attraction,41.418368,2.138697
657,,Spain,Barcelona,Attraction,41.418956,2.139228
658,,Spain,Barcelona,Attraction,41.417851,2.138465
659,,Spain,Barcelona,Attraction,41.417867,2.138648
660,,Spain,Barcelona,Attraction,41.418214,2.13861
661,,Spain,Barcelona,Attraction,41.417911,2.138445
662,,Spain,Barcelona,Attraction,41.420268,2.139861
663,,Spain,Barcelona,Attraction,41.418432,2.136573
664,,Spain,Barcelona,Attraction,41.419348,2.139411
665,,Spain,Barcelona,Attraction,41.41848,2.136506
666,,Spain,Barcelona,Attraction,41.420064,2.139756
667,,Spain,Barcelona,Attraction,41.418571,2.136387
668,,Spain,Barcelona,Attraction,41.419866,2.139653
669,,Spain,Barcelona,Attraction,41.419755,2.140015
670,,Spain,Barcelona,Attraction,41.419651,2.13955
671,,Spain,Barcelona,Attraction,41.419461,2.139882
672,,Spain,Barcelona,Attraction,41.41945,2.139454
673,,Spain,Barcelona,Attraction,41.419361,2.139824
674,,Spain,Barcelona,Attraction,41.419235,2.139355
675,,Spain,Barcelona,Attraction,41.418529,2.136446
676,,Spain,Barcelona,Attraction,41.419154,2.139732
677,,Spain,Barcelona,Attraction,41.418383,2.136636
678,,Spain,Barcelona,Attraction,41.42017,2.139805
679,,Spain,Barcelona,Attraction,41.41996,2.139709
680,,Spain,Barcelona,Attraction,41.419764,2.139613
681,,Spain,Barcelona,Attraction,41.419266,2.139784
682,,Spain,Barcelona,Attraction,41.418336,2.136695
683,,Spain,Barcelona,Attraction,41.419667,2.139969
684,,Spain,Barcelona,Attraction,41.419565,2.139514
685,,Spain,Barcelona,Attraction,41.417437,2.140808
686,,Spain,Barcelona,Attraction,41.417465,2.140732
687,,Spain,Barcelona,Attraction,41.417496,2.14065
688,,Spain,Barcelona,Attraction,41.417533,2.140553
689,,Spain,Barcelona,Attraction,41.417571,2.140452
690,,Spain,Barcelona,Attraction,41.417606,2.140359
691,,Spain,Barcelona,Attraction,41.417633,2.140287
692,,Spain,Barcelona,Attraction,41.417659,2.140215
693,,Spain,Barcelona,Attraction,41.417725,2.14005
694,,Spain,Barcelona,Attraction,41.417755,2.139971
695,,Spain,Barcelona,Attraction,41.417786,2.139888
696,,Spain,Barcelona,Attraction,41.417821,2.139795
697,,Spain,Barcelona,Attraction,41.417876,2.139652
698,,Spain,Barcelona,Attraction,41.41791,2.139562
699,,Spain,Barcelona,Attraction,41.417943,2.139472
700,,Spain,Barcelona,Attraction,41.417973,2.139394
701,,Spain,Barcelona,Attraction,41.417988,2.139354
702,,Spain,Barcelona,Attraction,41.418014,2.139286
703,,Spain,Barcelona,Attraction,41.418028,2.13925
704,,Spain,Barcelona,Attraction,41.417979,2.139184
705,,Spain,Barcelona,Attraction,41.417944,2.139172
706,,Spain,Barcelona,Attraction,41.417758,2.139095
707,,Spain,Barcelona,Attraction,41.417688,2.139062
708,,Spain,Barcelona,Attraction,41.418302,2.138661
709,,Spain,Barcelona,Attraction,41.418421,2.138716
710,,Spain,Barcelona,Attraction,41.417999,2.138338
711,,Spain,Barcelona,Attraction,41.417736,2.138368
712,,Spain,Barcelona,Attraction,41.417695,2.1384
713,,Spain,Barcelona,Attraction,41.417663,2.138438
714,,Spain,Barcelona,Attraction,41.418422,2.138751
715,,Spain,Barcelona,Attraction,41.41802,2.138501
716,,Spain,Barcelona,Attraction,41.418164,2.138579
717,,Spain,Barcelona,Attraction,41.418259,2.138635
718,,Spain,Barcelona,Attraction,41.419566,2.13765
719,,Spain,Barcelona,Attraction,41.386692,2.169847
720,,Spain,Barcelona,Attraction,41.3867,2.170349
721,,Spain,Barcelona,Attraction,41.386764,2.169746
722,,Spain,Barcelona,Attraction,41.386819,2.170484
723,,Spain,Barcelona,Attraction,41.38683,2.169531
724,,Spain,Barcelona,Attraction,41.386881,2.170509
725,,Spain,Barcelona,Attraction,41.386937,2.169599
726,,Spain,Barcelona,Attraction,41.387084,2.170505
727,,Spain,Barcelona,Attraction,41.387212,2.170543
728,,Spain,Barcelona,Attraction,41.387351,2.170379
729,,Spain,Barcelona,Attraction,41.387428,2.170207
730,,Spain,Barcelona,Attraction,41.401143,2.160803
731,,Spain,Barcelona,Attraction,41.401209,2.160897
732,,Spain,Barcelona,Attraction,41.401245,2.160942
733,,Spain,Barcelona,Attraction,41.401184,2.160744
734,,Spain,Barcelona,Attraction,41.400739,2.161477
735,,Spain,Barcelona,Attraction,41.401217,2.160693
736,,Spain,Barcelona,Attraction,41.401284,2.160888
737,Pau Farinetes (Pau Piera),Spain,Barcelona,Attraction,41.385483,2.129713
738,Font de Can Llevallol,Spain,Barcelona,Attraction,41.409442,2.09372
739,,Spain,Barcelona,Attraction,41.385628,2.113517
740,,Spain,Barcelona,Attraction,41.386177,2.116153
741,,Spain,Barcelona,Attraction,41.386216,2.114713
742,,Spain,Barcelona,Attraction,41.385668,2.114244
743,,Spain,Barcelona,Attraction,41.385781,2.113938
744,,Spain,Barcelona,Attraction,41.385602,2.113281
745,,Spain,Barcelona,Attraction,41.386035,2.113833
746,,Spain,Barcelona,Attraction,41.3862,2.116078
747,,Spain,Barcelona,Attraction,41.386274,2.114689
748,,Spain,Barcelona,Attraction,41.385962,2.11386
749,,Spain,Barcelona,Attraction,41.386192,2.114391
750,,Spain,Barcelona,Attraction,41.385922,2.114871
751,,Spain,Barcelona,Attraction,41.385586,2.113198
752,,Spain,Barcelona,Attraction,41.385654,2.113981
753,,Spain,Barcelona,Attraction,41.385344,2.113632
754,,Spain,Barcelona,Attraction,41.385946,2.114756
755,,Spain,Barcelona,Attraction,41.386167,2.114381
756,,Spain,Barcelona,Attraction,41.38533,2.113361
757,,Spain,Barcelona,Attraction,41.385902,2.114807
758,,Spain,Barcelona,Attraction,41.386004,2.114158
759,,Spain,Barcelona,Attraction,41.38561,2.11346
760,,Spain,Barcelona,Attraction,41.386051,2.11444
761,,Spain,Barcelona,Attraction,41.386318,2.11467
762,,Spain,Barcelona,Attraction,41.385618,2.114
763,,Spain,Barcelona,Attraction,41.38557,2.11419
764,,Spain,Barcelona,Attraction,41.386218,2.11437
765,,Spain,Barcelona,Attraction,41.385906,2.11389
766,,Spain,Barcelona,Attraction,41.385634,2.113452
767,,Spain,Barcelona,Attraction,41.385246,2.113297
768,,Spain,Barcelona,Attraction,41.386123,2.114096
769,,Spain,Barcelona,Attraction,41.385628,2.113375
770,,Spain,Barcelona,Attraction,41.386176,2.114085
771,,Spain,Barcelona,Attraction,41.385862,2.114262
772,,Spain,Barcelona,Attraction,41.386069,2.11412
773,,Spain,Barcelona,Attraction,41.386256,2.116054
774,,Spain,Barcelona,Attraction,41.385825,2.114179
775,,Spain,Barcelona,Attraction,41.386163,2.114737
776,,Spain,Barcelona,Attraction,41.386095,2.113815
777,,Spain,Barcelona,Attraction,41.385689,2.113967
778,,Spain,Barcelona,Attraction,41.385801,2.114131
779,,Spain,Barcelona,Attraction,41.388026,2.117352
780,,Spain,Barcelona,Attraction,41.386895,2.118313
781,,Spain,Barcelona,Attraction,41.386895,2.118256
782,,Spain,Barcelona,Attraction,41.386835,2.118452
783,,Spain,Barcelona,Attraction,41.386789,2.118044
784,,Spain,Barcelona,Attraction,41.386889,2.118363
785,,Spain,Barcelona,Attraction,41.386825,2.118079
786,,Spain,Barcelona,Attraction,41.386712,2.118009
787,,Spain,Barcelona,Attraction,41.386672,2.118017
788,,Spain,Barcelona,Attraction,41.386863,2.118425
789,,Spain,Barcelona,Attraction,41.387996,2.117266
790,,Spain,Barcelona,Attraction,41.386752,2.118023
791,,Spain,Barcelona,Attraction,41.388095,2.117073
792,Font d'Hèrcules,Spain,Barcelona,Attraction,41.387783,2.117005
793,Monument a Pius XII,Spain,Barcelona,Attraction,41.387445,2.12258
794,Porta de Gaudí,Spain,Barcelona,Attraction,41.385968,2.122363
795,,Spain,Barcelona,Attraction,41.389773,2.120394
796,,Spain,Barcelona,Attraction,41.387476,2.185698
797,,Spain,Barcelona,Attraction,41.387756,2.184491
798,,Spain,Barcelona,Attraction,41.387207,2.18606
799,,Spain,Barcelona,Attraction,41.387026,2.186299
800,,Spain,Barcelona,Attraction,41.386673,2.186634
801,,Spain,Barcelona,Attraction,41.388004,2.184319
802,,Spain,Barcelona,Attraction,41.388042,2.185247
803,,Spain,Barcelona,Attraction,41.388241,2.184684
804,,Spain,Barcelona,Attraction,41.387207,2.186352
805,,Spain,Barcelona,Attraction,41.386921,2.186749
806,,Spain,Barcelona,Attraction,41.387031,2.186591
807,,Spain,Barcelona,Attraction,41.388342,2.18466
808,,Spain,Barcelona,Attraction,41.387991,2.184161
809,,Spain,Barcelona,Attraction,41.388662,2.184432
810,,Spain,Barcelona,Attraction,41.387663,2.184507
811,,Spain,Barcelona,Attraction,41.387591,2.18488
812,,Spain,Barcelona,Attraction,41.387633,2.185792
813,,Spain,Barcelona,Attraction,41.387744,2.184402
814,,Spain,Barcelona,Attraction,41.3874,2.185802
815,,Spain,Barcelona,Attraction,41.386915,2.186438
816,,Spain,Barcelona,Attraction,41.387436,2.185751
817,,Spain,Barcelona,Attraction,41.386999,2.186634
818,,Spain,Barcelona,Attraction,41.38735,2.186164
819,,Spain,Barcelona,Attraction,41.387663,2.185446
820,,Spain,Barcelona,Attraction,41.387241,2.186307
821,,Spain,Barcelona,Attraction,41.388436,2.184434
822,,Spain,Barcelona,Attraction,41.387834,2.184536
823,,Spain,Barcelona,Attraction,41.38669,2.186717
824,,Spain,Barcelona,Attraction,41.387583,2.184614
825,,Spain,Barcelona,Attraction,41.387579,2.185864
826,,Spain,Barcelona,Attraction,41.388086,2.18489
827,,Spain,Barcelona,Attraction,41.38806,2.184249
828,,Spain,Barcelona,Attraction,41.387458,2.18603
829,,Spain,Barcelona,Attraction,41.388022,2.184971
830,,Spain,Barcelona,Attraction,41.387164,2.186403
831,,Spain,Barcelona,Attraction,41.387171,2.186264
832,,Spain,Barcelona,Attraction,41.38803,2.185102
833,,Spain,Barcelona,Attraction,41.388273,2.184646
834,,Spain,Barcelona,Attraction,41.387623,2.184831
835,,Spain,Barcelona,Attraction,41.387553,2.185902
836,,Spain,Barcelona,Attraction,41.387319,2.185904
837,,Spain,Barcelona,Attraction,41.387997,2.185306
838,,Spain,Barcelona,Attraction,41.387058,2.186253
839,,Spain,Barcelona,Attraction,41.386846,2.186532
840,,Spain,Barcelona,Attraction,41.387551,2.185599
841,,Spain,Barcelona,Attraction,41.387782,2.184346
842,,Spain,Barcelona,Attraction,41.387802,2.184475
843,,Spain,Barcelona,Attraction,41.387428,2.186076
844,,Spain,Barcelona,Attraction,41.387092,2.1865
845,,Spain,Barcelona,Attraction,41.388555,2.184276
846,,Spain,Barcelona,Attraction,41.38681,2.186881
847,,Spain,Barcelona,Attraction,41.387684,2.184748
848,,Spain,Barcelona,Attraction,41.38782,2.185542
849,,Spain,Barcelona,Attraction,41.388118,2.184855
850,,Spain,Barcelona,Attraction,41.388547,2.184582
851,,Spain,Barcelona,Attraction,41.387168,2.186113
852,,Spain,Barcelona,Attraction,41.387834,2.184386
853,,Spain,Barcelona,Attraction,41.388623,2.184314
854,,Spain,Barcelona,Attraction,41.387279,2.186065
855,,Spain,Barcelona,Attraction,41.387714,2.184703
856,,Spain,Barcelona,Attraction,41.387072,2.186392
857,,Spain,Barcelona,Attraction,41.387857,2.184247
858,,Spain,Barcelona,Attraction,41.388716,2.184357
859,,Spain,Barcelona,Attraction,41.386941,2.186567
860,,Spain,Barcelona,Attraction,41.387748,2.18466
861,,Spain,Barcelona,Attraction,41.387436,2.185918
862,,Spain,Barcelona,Attraction,41.388414,2.18477
863,,Spain,Barcelona,Attraction,41.38739,2.186025
864,,Spain,Barcelona,Attraction,41.387847,2.185395
865,,Spain,Barcelona,Attraction,41.387094,2.186205
866,,Spain,Barcelona,Attraction,41.386883,2.186693
867,,Spain,Barcelona,Attraction,41.387625,2.185505
868,,Spain,Barcelona,Attraction,41.388028,2.184287
869,,Spain,Barcelona,Attraction,41.387547,2.184665
870,,Spain,Barcelona,Attraction,41.387889,2.185456
871,,Spain,Barcelona,Attraction,41.387969,2.184359
872,,Spain,Barcelona,Attraction,41.387513,2.184713
873,,Spain,Barcelona,Attraction,41.388116,2.185153
874,,Spain,Barcelona,Attraction,41.387734,2.185346
875,,Spain,Barcelona,Attraction,41.387804,2.184585
876,,Spain,Barcelona,Attraction,41.388493,2.184354
877,,Spain,Barcelona,Attraction,41.387315,2.186116
878,,Spain,Barcelona,Attraction,41.387651,2.184794
879,,Spain,Barcelona,Attraction,41.386846,2.186637
880,,Spain,Barcelona,Attraction,41.38713,2.186451
881,,Spain,Barcelona,Attraction,41.388217,2.184864
882,,Spain,Barcelona,Attraction,41.387925,2.185301
883,,Spain,Barcelona,Attraction,41.387963,2.185054
884,,Spain,Barcelona,Attraction,41.387957,2.184118
885,,Spain,Barcelona,Attraction,41.387953,2.184247
886,,Spain,Barcelona,Attraction,41.387927,2.184161
887,,Spain,Barcelona,Attraction,41.387603,2.184719
888,,Spain,Barcelona,Attraction,41.387822,2.1843
889,,Spain,Barcelona,Attraction,41.388145,2.185116
890,,Spain,Barcelona,Attraction,41.388301,2.184606
891,,Spain,Barcelona,Attraction,41.388179,2.184767
892,,Spain,Barcelona,Attraction,41.388245,2.184982
893,,Spain,Barcelona,Attraction,41.388495,2.184652
894,,Spain,Barcelona,Attraction,41.387798,2.185346
895,,Spain,Barcelona,Attraction,41.386804,2.18658
896,,Spain,Barcelona,Attraction,41.388026,2.184206
897,,Spain,Barcelona,Attraction,41.388342,2.184855
898,,Spain,Barcelona,Attraction,41.387583,2.185558
899,,Spain,Barcelona,Attraction,41.387708,2.18459
900,,Spain,Barcelona,Attraction,41.38773,2.185663
901,,Germany,Berlin,Attraction,52.514311,13.35177
902,,Germany,Berlin,Attraction,52.471731,13.346267
903,Konrad Zuse,Germany,Berlin,Attraction,52.522774,13.347221
904,,Germany,Berlin,Attraction,52.522519,13.30086
905,,Germany,Berlin,Attraction,52.522349,13.300615
906,Luftbrückendenkmal,Germany,Berlin,Attraction,52.484135,13.387405
907,Zentralpunkt Rauenberg,Germany,Berlin,Attraction,52.451911,13.366316
908,,Germany,Berlin,Attraction,52.522567,13.300992
909,,Germany,Berlin,Attraction,52.518643,13.358697
910,,Germany,Berlin,Attraction,52.518065,13.358713
911,,Germany,Berlin,Attraction,52.426441,13.370605
912,,Germany,Berlin,Attraction,52.452538,13.439136
913,Gedenkstätte Deutscher Widerstand,Germany,Berlin,Attraction,52.507605,13.362986
914,,Germany,Berlin,Attraction,52.529257,13.391363
915,"Dokumentationszentrum Flucht, Vertreibung, Versöhnung",Germany,Berlin,Attraction,52.504871,13.382214
916,Teufelsberg,Germany,Berlin,Attraction,52.497718,13.242954
917,Dicke Marie,Germany,Berlin,Attraction,52.593569,13.264853
918,,Germany,Berlin,Attraction,52.489867,13.475843
919,Nationaldenkmal für die Befreiungskriege,Germany,Berlin,Attraction,52.487649,13.381478
920,Lübarser Höhe,Germany,Berlin,Attraction,52.610222,13.370513
921,Biesdorfer Höhe,Germany,Berlin,Attraction,52.507672,13.572365
922,Kienberg,Germany,Berlin,Attraction,52.534694,13.581391
923,,Germany,Berlin,Attraction,52.487272,13.307969
924,Gedenkstele Luisenstädtische Kirche,Germany,Berlin,Attraction,52.509005,13.407166
925,Kanonenberge,Germany,Berlin,Attraction,52.421263,13.613656
926,,Germany,Berlin,Attraction,52.486673,13.357195
927,Dampflok 50 3707-2,Germany,Berlin,Attraction,52.460381,13.358425
928,Fontäne im Fennpfuhl,Germany,Berlin,Attraction,52.528287,13.473994
929,Hahneberg,Germany,Berlin,Attraction,52.518059,13.150157
930,Windmühlenberg,Germany,Berlin,Attraction,52.486154,13.177466
931,Berg Hohengatow,Germany,Berlin,Attraction,52.473371,13.167393
932,,Germany,Berlin,Attraction,52.454068,13.302469
933,Großer Müggelberg,Germany,Berlin,Attraction,52.416774,13.642646
934,Kleiner Bunkerberg,Germany,Berlin,Attraction,52.527965,13.436376
935,Weltfriedensglocke,Germany,Berlin,Attraction,52.526854,13.434024
936,Feuerleitturm,Germany,Berlin,Attraction,52.544298,13.387156
937,Denkmal für die Maueropfer in Berlin-Treptow,Germany,Berlin,Attraction,52.476664,13.471096
938,Reiterstandbild Friedrich II. von Preußen,Germany,Berlin,Attraction,52.51726,13.392744
939,Zentrale Gedenkstätte für die Opfer von Krieg und Gewaltherrschaft,Germany,Berlin,Attraction,52.517883,13.395545
940,Schiller-Denkmal,Germany,Berlin,Attraction,52.513636,13.392648
941,Büste Karl Marx,Germany,Berlin,Attraction,52.517968,13.429064
942,Denkmal zur Erinnerung an die Bücherverbrennung,Germany,Berlin,Attraction,52.516505,13.393922
943,Ehrenpfortenberg,Germany,Berlin,Attraction,52.613948,13.271413
944,Eiskeller,Germany,Berlin,Attraction,52.584373,13.13326
945,,Germany,Berlin,Attraction,52.622867,13.262897
946,,Germany,Berlin,Attraction,52.471415,13.346219
947,Friedrich II. von Preußen,Germany,Berlin,Attraction,52.525815,13.434445
948,Das Museum der Domäne Dahlem,Germany,Berlin,Attraction,52.458357,13.288944
949,,Germany,Berlin,Attraction,52.503044,13.288814
950,,Germany,Berlin,Attraction,52.474784,13.31036
951,Ernst Litfaß,Germany,Berlin,Attraction,52.528438,13.384094
952,Erich Engel,Germany,Berlin,Attraction,52.528311,13.384178
953,Paul Dessau,Germany,Berlin,Attraction,52.528299,13.384188
954,Bertolt Brecht,Germany,Berlin,Attraction,52.528265,13.384413
955,Christoph Wilhelm Hufeland,Germany,Berlin,Attraction,52.528191,13.384471
956,Anna Seghers,Germany,Berlin,Attraction,52.528072,13.384571
957,Ekkehard Schall,Germany,Berlin,Attraction,52.528056,13.384571
958,Maximilian Scheer,Germany,Berlin,Attraction,52.528064,13.384542
959,Erich Arendt,Germany,Berlin,Attraction,52.52808,13.384529
960,Willi Schwabe,Germany,Berlin,Attraction,52.528087,13.384209
961,Stephan Hermlin,Germany,Berlin,Attraction,52.528064,13.38408
962,Heinrich Strack,Germany,Berlin,Attraction,52.528038,13.384121
963,Günter Gaus,Germany,Berlin,Attraction,52.528089,13.383892
964,Rudolf von Delbrück,Germany,Berlin,Attraction,52.528155,13.383671
965,Slátan Dudow,Germany,Berlin,Attraction,52.528118,13.383696
966,Wolfgang Langhoff,Germany,Berlin,Attraction,52.528058,13.383725
967,Wolfgang Hilbig,Germany,Berlin,Attraction,52.527775,13.383953
968,Arnold Zweig,Germany,Berlin,Attraction,52.527729,13.384055
969,Friedrich August Stüler,Germany,Berlin,Attraction,52.527484,13.384056
970,August Borsig,Germany,Berlin,Attraction,52.527411,13.384117
971,Johann Gottfried Schadow,Germany,Berlin,Attraction,52.527167,13.38432
972,Martin Heinrich Klaproth,Germany,Berlin,Attraction,52.527168,13.384393
973,Otto von Bismarck,Germany,Berlin,Attraction,52.51589,13.349749
974,Studentendorf Schlachtensee,Germany,Berlin,Attraction,52.429144,13.215255
975,Arbeiterdurchgangslager in Berlin-Wilhelmshagen,Germany,Berlin,Attraction,52.438495,13.720619
976,Kaisereiche,Germany,Berlin,Attraction,52.468866,13.332848
977,Gerhard Johann David von Scharnhorst,Germany,Berlin,Attraction,52.531708,13.371541
978,Gustav Friedrich von Kessel,Germany,Berlin,Attraction,52.531967,13.371686
979,Herrmann Cohen,Germany,Berlin,Attraction,52.539028,13.378631
980,Carl Sonnenschein,Germany,Berlin,Attraction,52.538928,13.379051
981,Eugen Gottlieb,Germany,Berlin,Attraction,52.537911,13.379194
982,Lorenz Adlon,Germany,Berlin,Attraction,52.538332,13.378769
983,James Cloppenburg,Germany,Berlin,Attraction,52.538682,13.378158
984,Albert Schumann,Germany,Berlin,Attraction,52.539915,13.377716
985,Rudolph Hertzog,Germany,Berlin,Attraction,52.540326,13.37846
986,Leopold Alexander Friedrich Arends,Germany,Berlin,Attraction,52.538032,13.37763
987,Theodor Fontane,Germany,Berlin,Attraction,52.538006,13.37757
988,Manfred Hodapp,Germany,Berlin,Attraction,52.537947,13.377424
989,Wilhelm Hoffmann,Germany,Berlin,Attraction,52.538036,13.378691
990,Johann Christoph Bendler,Germany,Berlin,Attraction,52.537935,13.377134
991,Block der Frauen,Germany,Berlin,Attraction,52.521072,13.405072
992,Havelberg,Germany,Berlin,Attraction,52.463949,13.201367
993,Karl-Liebknecht-Denkmal,Germany,Berlin,Attraction,52.51246,13.341277
994,Rosa-Luxemburg-Denkmal,Germany,Berlin,Attraction,52.508926,13.343363
995,Rousseau-Säule,Germany,Berlin,Attraction,52.512328,13.357868
996,Königin Luise,Germany,Berlin,Attraction,52.510804,13.36455
997,Beethoven-Haydn-Mozart-Denkmal,Germany,Berlin,Attraction,52.513745,13.370336
998,,Germany,Berlin,Attraction,52.457916,13.296932
999,,Germany,Berlin,Attraction,52.457082,13.295731
1000,,Germany,Berlin,Attraction,52.457709,13.297113
1001,,Germany,Berlin,Attraction,52.456962,13.295464
1002,,Germany,Berlin,Attraction,52.456996,13.295547
1003,,Germany,Berlin,Attraction,52.458057,13.296325
1004,,Germany,Berlin,Attraction,52.457837,13.296211
1005,Edwin Redslob,Germany,Berlin,Attraction,52.458537,13.286424
1006,Rudi Dutschke,Germany,Berlin,Attraction,52.458722,13.286506
1007,Kurt Scharf,Germany,Berlin,Attraction,52.45872,13.286398
1008,Kriegerdenkmal für die Gefallenen des Ersten Weltkrieges,Germany,Berlin,Attraction,52.458187,13.287411
1009,,Germany,Berlin,Attraction,52.492877,13.210907
1010,Gedenkstein Sinti und Roma,Germany,Berlin,Attraction,52.548902,13.543654
1011,Albrecht von Roon,Germany,Berlin,Attraction,52.515318,13.349161
1012,Helmuth Karl Bernhard von Moltke,Germany,Berlin,Attraction,52.515444,13.350644
1013,Johann Wolfgang von Goethe,Germany,Berlin,Attraction,52.513798,13.376374
1014,Sowjetischer Soldat,Germany,Berlin,Attraction,52.516619,13.371935
1015,Lortzing-Denkmal,Germany,Berlin,Attraction,52.512816,13.357536
1016,Gerhard von Scharnhorst,Germany,Berlin,Attraction,52.517142,13.395366
1017,Friedrich Wilhelm Bülow,Germany,Berlin,Attraction,52.51715,13.39549
1018,August von Gneisenau,Germany,Berlin,Attraction,52.516575,13.395579
1019,Gebhard von Blücher,Germany,Berlin,Attraction,52.516572,13.395742
1020,Ludwig Yorck,Germany,Berlin,Attraction,52.516595,13.3959
1021,Max Hoffmann,Germany,Berlin,Attraction,52.531517,13.370842
1022,Wolfgang Fürstner,Germany,Berlin,Attraction,52.531617,13.370667
1023,Karl von Bülow,Germany,Berlin,Attraction,52.531721,13.370619
1024,Werner Mölders,Germany,Berlin,Attraction,52.531924,13.370793
1025,Wolff von Stutterheim,Germany,Berlin,Attraction,52.531911,13.370809
1026,Marga Wolff von Etzdorf,Germany,Berlin,Attraction,52.531746,13.371021
1027,Hans Carl von Winterfeld,Germany,Berlin,Attraction,52.53169,13.371197
1028,Johann August Friedrich Hiller von Gärtringen,Germany,Berlin,Attraction,52.531627,13.371552
1029,Adolf von Zastrow,Germany,Berlin,Attraction,52.531853,13.371497
1030,Job Wilhelm von Witzleben,Germany,Berlin,Attraction,52.53175,13.371416
1031,Ludwig Freiherr von Falkenhausen,Germany,Berlin,Attraction,52.531772,13.371389
1032,Karl Friedrich Friesen,Germany,Berlin,Attraction,52.531797,13.37143
1033,Thoeodor Graf Schlieffen,Germany,Berlin,Attraction,52.531866,13.37158
1034,Franziska Antonie Gräfin Schlieffen,Germany,Berlin,Attraction,52.531886,13.371561
1035,Alfed Graf Schlieffen,Germany,Berlin,Attraction,52.531904,13.371543
1036,Johann Justus Georg Gustav von Rauch,Germany,Berlin,Attraction,52.531781,13.371509
1037,Herrman von Boyen,Germany,Berlin,Attraction,52.531748,13.371651
1038,Sowjetisches Ehrenmal,Germany,Berlin,Attraction,52.635478,13.49561
1039,Otto-Lilienthal-Denkmal,Germany,Berlin,Attraction,52.433647,13.316495
1040,Edward Julius Ludwig Nolte,Germany,Berlin,Attraction,52.531673,13.371799
1041,Adelbert Delbrück,Germany,Berlin,Attraction,52.494557,13.39255
1042,Carl Gustav Jacob Jacobi,Germany,Berlin,Attraction,52.494787,13.393449
1043,Elisabeth von Stephan,Germany,Berlin,Attraction,52.494871,13.393436
1044,Petrus Simon Pallas,Germany,Berlin,Attraction,52.495325,13.39463
1045,Georg Wenzeslaus von Knobelsdorff;Antoine Pesne,Germany,Berlin,Attraction,52.495335,13.394771
1046,August Neander,Germany,Berlin,Attraction,52.495341,13.394819
1047,Ernst Ludwig Heim,Germany,Berlin,Attraction,52.494742,13.393597
1048,David Gilly,Germany,Berlin,Attraction,52.495133,13.39369
1049,Leonhard Drory,Germany,Berlin,Attraction,52.495171,13.394775
1050,,Germany,Berlin,Attraction,52.49591,13.392765
1051,Felix Mendelssohn-Bartholdy,Germany,Berlin,Attraction,52.494976,13.392915
1052,Carl Ferdinand von Graefe,Germany,Berlin,Attraction,52.495006,13.394918
1053,Albrecht von Graefe,Germany,Berlin,Attraction,52.494974,13.394936
1054,Stasimuseum,Germany,Berlin,Attraction,52.514507,13.487485
1055,Minna Cauer,Germany,Berlin,Attraction,52.489436,13.366476
1056,Wilhelm Ludwig Hertz,Germany,Berlin,Attraction,52.489388,13.366644
1057,S. Schwendener,Germany,Berlin,Attraction,52.489352,13.366645
1058,Hedwig Dohm,Germany,Berlin,Attraction,52.488707,13.368174
1059,August Freiherr von der Heydt,Germany,Berlin,Attraction,52.489028,13.367545
1060,Franz Kugler,Germany,Berlin,Attraction,52.490098,13.367801
1061,Gedenkort: Widerstandskämpfer 20 Jul 1944,Germany,Berlin,Attraction,52.490069,13.3678
1062,Rudolf Virchow,Germany,Berlin,Attraction,52.489359,13.368108
1063,Carl Mayer,Germany,Berlin,Attraction,52.489359,13.368154
1064,Wilhelm Griesinger,Germany,Berlin,Attraction,52.489283,13.368269
1065,Herbert Baum,Germany,Berlin,Attraction,52.544436,13.457941
1066,Ernst Udet,Germany,Berlin,Attraction,52.531935,13.370821
1067,Dr. Martin Schlegel,Germany,Berlin,Attraction,52.53186,13.371299
1068,Hans Joachim Buddecke,Germany,Berlin,Attraction,52.531873,13.371284
1069,Oliver von Beaulieu-Marconnay,Germany,Berlin,Attraction,52.532426,13.371029
1070,Grabstätte Schwestern des Augusta Hospitals,Germany,Berlin,Attraction,52.532614,13.370639
1071,Dietrich von Hülsen-Haeseler,Germany,Berlin,Attraction,52.532458,13.370371
1072,Ernst Kabisch,Germany,Berlin,Attraction,52.532484,13.370545
1073,Ernst Troeltsch,Germany,Berlin,Attraction,52.532058,13.371198
1074,Friedrich Wilhelm von Rohdich,Germany,Berlin,Attraction,52.532359,13.371698
1075,Bogislav Friedrich Emanuel von Tauentzien von Wittenberg,Germany,Berlin,Attraction,52.532222,13.371737
1076,Georg Dubislaw Ludwig von Pirch,Germany,Berlin,Attraction,52.532234,13.371534
1077,Otta Carl Lorenz von Pirch,Germany,Berlin,Attraction,52.532209,13.371562
1078,Walter Stoeckel,Germany,Berlin,Attraction,52.53219,13.371527
1079,Erich Bar,Germany,Berlin,Attraction,52.532087,13.371729
1080,Lothar von Arnaud de la Perière,Germany,Berlin,Attraction,52.531903,13.371693
1081,Lothar von Arnaud de la Perière,Germany,Berlin,Attraction,52.531919,13.371677
1082,Werner Freiherr von Fritsch,Germany,Berlin,Attraction,52.53189,13.3717
1083,Friedrich Wilhelm von Rauch,Germany,Berlin,Attraction,52.531844,13.371662
1084,Gustav von Rauch,Germany,Berlin,Attraction,52.531831,13.371672
1085,Karl von Reyher,Germany,Berlin,Attraction,52.531736,13.371771
1086,Hans von Seeckt,Germany,Berlin,Attraction,52.531716,13.371786
1087,Wolf Wilhelm von Baudissin,Germany,Berlin,Attraction,52.531707,13.371902
1088,Karl Julius von Gross gen. von Schwarzhoff,Germany,Berlin,Attraction,52.531827,13.371917
1089,Max von Etzdorf,Germany,Berlin,Attraction,52.531864,13.371852
1090,Gotthilf Hagen,Germany,Berlin,Attraction,52.531917,13.371643
1091,Ludwig Schröder,Germany,Berlin,Attraction,52.53229,13.371294
1092,Konfuzius,Germany,Berlin,Attraction,52.53687,13.577079
1093,,Germany,Berlin,Attraction,52.516019,13.356174
1094,,Germany,Berlin,Attraction,52.556044,13.38123
1095,Rosa Luxemburg,Germany,Berlin,Attraction,52.514919,13.511171
1096,Karl Liebknecht,Germany,Berlin,Attraction,52.514941,13.511182
1097,Klaus Fuchs,Germany,Berlin,Attraction,52.515069,13.512333
1098,Konrad Wolf,Germany,Berlin,Attraction,52.515244,13.511679
1099,Markus Wolf,Germany,Berlin,Attraction,52.515237,13.511672
1100,Friedrich Simon Archenhold,Germany,Berlin,Attraction,52.516714,13.51306
1101,Käthe Kollwitz,Germany,Berlin,Attraction,52.517362,13.510887
1102,Wilhelm Pieck,Germany,Berlin,Attraction,52.514909,13.511235
1103,Otto Grotewohl,Germany,Berlin,Attraction,52.514914,13.511295
1104,Walter Ulbricht,Germany,Berlin,Attraction,52.51493,13.511329
1105,Friedrich Dernburg,Germany,Berlin,Attraction,52.498379,13.284706
1106,Otto Lessing,Germany,Berlin,Attraction,52.499036,13.28461
1107,Johannes Orth,Germany,Berlin,Attraction,52.499142,13.284652
1108,Carl Paul Goerz,Germany,Berlin,Attraction,52.498895,13.285291
1109,Hans Delbrück,Germany,Berlin,Attraction,52.498525,13.284895
1110,Alfred Blaschko,Germany,Berlin,Attraction,52.498819,13.285533
1111,Oscar Hertwig,Germany,Berlin,Attraction,52.498538,13.285904
1112,Rolf Lauckner,Germany,Berlin,Attraction,52.498249,13.286354
1113,Haber-Linde,Germany,Berlin,Attraction,52.448413,13.283094
1114,Walter Porstmann,Germany,Berlin,Attraction,52.423205,13.334538
1115,Otto Lilienthal,Germany,Berlin,Attraction,52.423817,13.335112
1116,Feuerwehrmuseum Berlin,Germany,Berlin,Attraction,52.586307,13.286313
1117,Museum für Kommunikation,Germany,Berlin,Attraction,52.509931,13.387255
1118,Denkmal für die Opfer des Nationalsozialismus,Germany,Berlin,Attraction,52.590161,13.324021
1119,Hirschberg,Germany,Berlin,Attraction,52.407267,13.115818
1120,Böttcherberg,Germany,Berlin,Attraction,52.411278,13.105426
1121,Heimatmuseum Köpenick,Germany,Berlin,Attraction,52.445364,13.579097
1122,,Germany,Berlin,Attraction,52.451777,13.51705
1123,,Germany,Berlin,Attraction,52.452689,13.563458
1124,Gedenkstätte für die Interbrigadisten im Spanischen Bürgerkrieg,Germany,Berlin,Attraction,52.526025,13.429735
1125,,Germany,Berlin,Attraction,52.576309,13.387546
1126,,Germany,Berlin,Attraction,52.576087,13.388397
1127,Christian Beuth,Germany,Berlin,Attraction,52.516644,13.398717
1128,Albrecht Thaer,Germany,Berlin,Attraction,52.516597,13.398483
1129,Karl Friedrich Schinkel,Germany,Berlin,Attraction,52.516557,13.398629
1130,,Germany,Berlin,Attraction,52.50513,13.60632
1131,,Germany,Berlin,Attraction,52.575716,13.389828
1132,,Germany,Berlin,Attraction,52.545111,13.351154
1133,,Germany,Berlin,Attraction,52.545209,13.351367
1134,,Germany,Berlin,Attraction,52.545021,13.351266
1135,,Germany,Berlin,Attraction,52.544926,13.351403
1136,,Germany,Berlin,Attraction,52.545116,13.351331
1137,,Germany,Berlin,Attraction,52.544977,13.351559
1138,,Germany,Berlin,Attraction,52.545091,13.351749
1139,,Germany,Berlin,Attraction,52.545251,13.351632
1140,Peter Joseph Lenné,Germany,Berlin,Attraction,52.545154,13.351478
1141,,Germany,Berlin,Attraction,52.545216,13.350205
1142,,Germany,Berlin,Attraction,52.545308,13.350391
1143,,Germany,Berlin,Attraction,52.545845,13.351423
1144,,Germany,Berlin,Attraction,52.545747,13.35124
1145,,Germany,Berlin,Attraction,52.545657,13.351071
1146,,Germany,Berlin,Attraction,52.545576,13.350909
1147,,Germany,Berlin,Attraction,52.545485,13.350728
1148,,Germany,Berlin,Attraction,52.545402,13.35057
1149,,Germany,Berlin,Attraction,52.542163,13.265562
1150,,Germany,Berlin,Attraction,52.545071,13.353373
1151,Gedenkstein zur Wiedervereinigung Deutschlands am 3. Oktober 1990,Germany,Berlin,Attraction,52.389538,13.409963
1152,,Germany,Berlin,Attraction,52.463434,13.431941
1153,Baumdank-Denkmal,Germany,Berlin,Attraction,52.511827,13.357907
1154,Henry Greiser,Germany,Berlin,Attraction,52.445076,13.213211
1155,,Germany,Berlin,Attraction,52.545101,13.356546
1156,,Germany,Berlin,Attraction,52.544612,13.355815
1157,,Germany,Berlin,Attraction,52.544844,13.356184
1158,,Germany,Berlin,Attraction,52.544933,13.356352
1159,,Germany,Berlin,Attraction,52.544698,13.355986
1160,,Germany,Berlin,Attraction,52.544987,13.356555
1161,,Germany,Berlin,Attraction,52.54489,13.356369
1162,,Germany,Berlin,Attraction,52.544792,13.35617
1163,,Germany,Berlin,Attraction,52.54451,13.355612
1164,,Germany,Berlin,Attraction,52.544746,13.356614
1165,,Germany,Berlin,Attraction,52.544635,13.356424
1166,,Germany,Berlin,Attraction,52.544541,13.356229
1167,,Germany,Berlin,Attraction,52.544343,13.355835
1168,,Germany,Berlin,Attraction,52.544441,13.356031
1169,,Germany,Berlin,Attraction,52.544833,13.356773
1170,,Germany,Berlin,Attraction,52.543173,13.353008
1171,,Germany,Berlin,Attraction,52.543287,13.352996
1172,,Germany,Berlin,Attraction,52.543355,13.35317
1173,,Germany,Berlin,Attraction,52.543438,13.353378
1174,,Germany,Berlin,Attraction,52.543518,13.353578
1175,,Germany,Berlin,Attraction,52.543605,13.353792
1176,,Germany,Berlin,Attraction,52.543673,13.353965
1177,Verein der Lehrlinge und Jugendlichen Arbeiter Berlins,Germany,Berlin,Attraction,52.522171,13.421493
1178,,Germany,Berlin,Attraction,52.528957,13.449887
1179,,Germany,Berlin,Attraction,52.515264,13.420014
1180,Vaubeka-Kran,Germany,Berlin,Attraction,52.458559,13.401582
1181,,Germany,Berlin,Attraction,52.540826,13.577217
1182,,Germany,Berlin,Attraction,52.54076,13.577163
1183,Julius-Fučík-Denkmal,Germany,Berlin,Attraction,52.570911,13.396847
1184,Ethnologisches Museum,Germany,Berlin,Attraction,52.4606,13.292956
1185,Gedenkstein 9. November 1989,Germany,Berlin,Attraction,52.554821,13.399261
1186,,Germany,Berlin,Attraction,52.541718,13.578971
1187,,Germany,Berlin,Attraction,52.541691,13.578909
1188,,Germany,Berlin,Attraction,52.541733,13.57889
1189,,Germany,Berlin,Attraction,52.544309,13.562551
1190,,Germany,Berlin,Attraction,52.544471,13.561299
1191,,Germany,Berlin,Attraction,52.544419,13.561717
1192,,Germany,Berlin,Attraction,52.55425,13.359816
1193,Gefallenendenkmal,Germany,Berlin,Attraction,52.543852,13.558828
1194,,Germany,Berlin,Attraction,52.486605,13.384754
1195,Deutschlandmuseum,Germany,Berlin,Attraction,52.508788,13.378434
1196,,Germany,Berlin,Attraction,52.487856,13.38397
1197,Berlin Brain,Germany,Berlin,Attraction,52.451945,13.288236
1198,Enthüllt. Berlin und seine Denkmäler,Germany,Berlin,Attraction,52.541218,13.213854
1199,,Germany,Berlin,Attraction,52.501317,13.457007
1200,,Germany,Berlin,Attraction,52.541062,13.565762
1201,Ortsmuseum Wollishofen,Switzerland,Zurich,Attraction,47.338261,8.537309
1202,Museum für Gestaltung,Switzerland,Zurich,Attraction,47.382982,8.535799
1203,Galerie Bruno Bischofberger,Switzerland,Zurich,Attraction,47.364233,8.54652
1204,Schlachtendenkmal,Switzerland,Zurich,Attraction,47.386946,8.56244
1205,Hügelgrab,Switzerland,Zurich,Attraction,47.4128,8.488494
1206,Turnerdenkmal,Switzerland,Zurich,Attraction,47.364472,8.537545
1207,Orkan Lothar 1999,Switzerland,Zurich,Attraction,47.394404,8.576325
1208,Zivilschutzmuseum,Switzerland,Zurich,Attraction,47.391959,8.526978
1209,Alfred Escher-Statue,Switzerland,Zurich,Attraction,47.377129,8.539955
1210,Ignaz-Heim-Denkmal,Switzerland,Zurich,Attraction,47.370534,8.548724
1211,,Switzerland,Zurich,Attraction,47.365061,8.525802
1212,Dampfbahn Katzensee,Switzerland,Zurich,Attraction,47.429341,8.489164
1213,,Switzerland,Zurich,Attraction,47.371977,8.544944
1214,Georg Büchner,Switzerland,Zurich,Attraction,47.371912,8.544817
1215,Ortsmuseum Höngg,Switzerland,Zurich,Attraction,47.403084,8.500175
1216,Museum Rietberg,Switzerland,Zurich,Attraction,47.358918,8.529735
1217,,Switzerland,Zurich,Attraction,47.378861,8.50691
1218,Uhrenmuseum Beyer Zürich,Switzerland,Zurich,Attraction,47.370925,8.538542
1219,Gottfried-Keller-Denkmal,Switzerland,Zurich,Attraction,47.358859,8.535824
1220,Ortsmuseum Altstetten,Switzerland,Zurich,Attraction,47.388622,8.480677
1221,,Switzerland,Zurich,Attraction,47.380402,8.539679
1222,Adlisberg,Switzerland,Zurich,Attraction,47.370556,8.591819
1223,,Switzerland,Zurich,Attraction,47.41659,8.559359
1224,Haus Konstruktiv,Switzerland,Zurich,Attraction,47.38913,8.525269
1225,,Switzerland,Zurich,Attraction,47.373605,8.543281
1226,,Switzerland,Zurich,Attraction,47.373638,8.54339
1227,,Switzerland,Zurich,Attraction,47.373616,8.543469
1228,,Switzerland,Zurich,Attraction,47.373704,8.543296
1229,,Switzerland,Zurich,Attraction,47.372451,8.543745
1230,,Switzerland,Zurich,Attraction,47.374486,8.544286
1231,,Switzerland,Zurich,Attraction,47.373736,8.54421
1232,,Switzerland,Zurich,Attraction,47.37392,8.544319
1233,,Switzerland,Zurich,Attraction,47.397619,8.543721
1234,,Switzerland,Zurich,Attraction,47.398174,8.544184
1235,Georg Büchner,Switzerland,Zurich,Attraction,47.387735,8.553308
1236,Sagentobelbachfall,Switzerland,Zurich,Attraction,47.384496,8.583406
1237,Velo Parcour,Switzerland,Zurich,Attraction,47.41513,8.539768
1238,,Switzerland,Zurich,Attraction,47.382483,8.538604
1239,,Switzerland,Zurich,Attraction,47.385034,8.533515
1240,,Switzerland,Zurich,Attraction,47.385086,8.533436
1241,,Switzerland,Zurich,Attraction,47.385137,8.533363
1242,,Switzerland,Zurich,Attraction,47.385178,8.533296
1243,,Switzerland,Zurich,Attraction,47.38523,8.533233
1244,,Switzerland,Zurich,Attraction,47.385293,8.533153
1245,,Switzerland,Zurich,Attraction,47.385342,8.533067
1246,Zürichberg,Switzerland,Zurich,Attraction,47.38568,8.566878
1247,,Switzerland,Zurich,Attraction,47.374633,8.53987
1248,,Switzerland,Zurich,Attraction,47.374635,8.539743
1249,,Switzerland,Zurich,Attraction,47.374736,8.539768
1250,,Switzerland,Zurich,Attraction,47.374732,8.539873
1251,,Switzerland,Zurich,Attraction,47.374834,8.539775
1252,,Switzerland,Zurich,Attraction,47.374829,8.53988
1253,,Switzerland,Zurich,Attraction,47.374934,8.539784
1254,,Switzerland,Zurich,Attraction,47.374933,8.539887
1255,WOW Museum,Switzerland,Zurich,Attraction,47.375022,8.54033
1256,,Switzerland,Zurich,Attraction,47.374527,8.540583
1257,,Switzerland,Zurich,Attraction,47.374378,8.540584
1258,,Switzerland,Zurich,Attraction,47.374517,8.540705
1259,,Switzerland,Zurich,Attraction,47.374511,8.540859
1260,,Switzerland,Zurich,Attraction,47.37451,8.541011
1261,,Switzerland,Zurich,Attraction,47.374503,8.541131
1262,,Switzerland,Zurich,Attraction,47.374502,8.541263
1263,,Switzerland,Zurich,Attraction,47.374521,8.541386
1264,,Switzerland,Zurich,Attraction,47.376811,8.540391
1265,,Switzerland,Zurich,Attraction,47.376787,8.54048
1266,,Switzerland,Zurich,Attraction,47.415245,8.538169
1267,,Switzerland,Zurich,Attraction,47.415242,8.538227
1268,,Switzerland,Zurich,Attraction,47.382414,8.534924
1269,,Switzerland,Zurich,Attraction,47.382299,8.535655
1270,,Switzerland,Zurich,Attraction,47.384379,8.532225
1271,,Switzerland,Zurich,Attraction,47.382185,8.535132
1272,,Switzerland,Zurich,Attraction,47.382552,8.534984
1273,,Switzerland,Zurich,Attraction,47.3827,8.535197
1274,,Switzerland,Zurich,Attraction,47.382544,8.536689
1275,,Switzerland,Zurich,Attraction,47.382342,8.536432
1276,,Switzerland,Zurich,Attraction,47.382683,8.534479
1277,,Switzerland,Zurich,Attraction,47.382792,8.534636
1278,,Switzerland,Zurich,Attraction,47.382427,8.535833
1279,,Switzerland,Zurich,Attraction,47.382305,8.534992
1280,,Switzerland,Zurich,Attraction,47.382719,8.53606
1281,,Switzerland,Zurich,Attraction,47.383027,8.535018
1282,,Switzerland,Zurich,Attraction,47.382134,8.535376
1283,,Switzerland,Zurich,Attraction,47.382918,8.534833
1284,,Switzerland,Zurich,Attraction,47.382535,8.535597
1285,,Switzerland,Zurich,Attraction,47.377511,8.523637
1286,,Switzerland,Zurich,Attraction,47.377705,8.524076
1287,,Switzerland,Zurich,Attraction,47.377527,8.523214
1288,,Switzerland,Zurich,Attraction,47.378158,8.523559
1289,,Switzerland,Zurich,Attraction,47.377739,8.523381
1290,,Switzerland,Zurich,Attraction,47.37762,8.52308
1291,,Switzerland,Zurich,Attraction,47.37778,8.524047
1292,,Switzerland,Zurich,Attraction,47.404369,8.555644
1293,Alte Militärkaserne,Switzerland,Zurich,Attraction,47.375776,8.533085
1294,,Switzerland,Zurich,Attraction,47.372604,8.544378
1295,,Switzerland,Zurich,Attraction,47.373115,8.540623
1296,,Switzerland,Zurich,Attraction,47.37303,8.540341
1297,,Switzerland,Zurich,Attraction,47.372888,8.540641
1298,,Switzerland,Zurich,Attraction,47.372661,8.540395
1299,,Switzerland,Zurich,Attraction,47.372717,8.540646
1300,,Switzerland,Zurich,Attraction,47.373093,8.541296
1301,,Switzerland,Zurich,Attraction,47.372734,8.541395
1302,,Switzerland,Zurich,Attraction,47.372873,8.540843
1303,,Switzerland,Zurich,Attraction,47.373004,8.541172
1304,,Switzerland,Zurich,Attraction,47.373246,8.540533
1305,,Switzerland,Zurich,Attraction,47.373154,8.540938
1306,,Switzerland,Zurich,Attraction,47.373089,8.541145
1307,,Switzerland,Zurich,Attraction,47.392968,8.520791
1308,,Switzerland,Zurich,Attraction,47.393099,8.520694
1309,,Switzerland,Zurich,Attraction,47.393397,8.519589
1310,,Switzerland,Zurich,Attraction,47.39284,8.521125
1311,,Switzerland,Zurich,Attraction,47.392729,8.521563
1312,,Switzerland,Zurich,Attraction,47.392746,8.521417
1313,,Switzerland,Zurich,Attraction,47.392271,8.522186
1314,,Switzerland,Zurich,Attraction,47.392605,8.520373
1315,,Switzerland,Zurich,Attraction,47.392837,8.519508
1316,,Switzerland,Zurich,Attraction,47.392874,8.51931
1317,,Switzerland,Zurich,Attraction,47.386104,8.481581
1318,,Switzerland,Zurich,Attraction,47.386024,8.481404
1319,,Switzerland,Zurich,Attraction,47.386502,8.479858
1320,,Switzerland,Zurich,Attraction,47.3867,8.479528
1321,,Switzerland,Zurich,Attraction,47.387295,8.47736
1322,,Switzerland,Zurich,Attraction,47.386018,8.481282
1323,,Switzerland,Zurich,Attraction,47.386602,8.47953
1324,,Switzerland,Zurich,Attraction,47.386182,8.480956
1325,,Switzerland,Zurich,Attraction,47.387388,8.476996
1326,,Switzerland,Zurich,Attraction,47.385999,8.481607
1327,,Switzerland,Zurich,Attraction,47.38456,8.478673
1328,,Switzerland,Zurich,Attraction,47.387132,8.477621
1329,,Switzerland,Zurich,Attraction,47.386277,8.480618
1330,,Switzerland,Zurich,Attraction,47.38634,8.480727
1331,,Switzerland,Zurich,Attraction,47.387356,8.47712
1332,,Switzerland,Zurich,Attraction,47.387032,8.478013
1333,,Switzerland,Zurich,Attraction,47.386253,8.481038
1334,,Switzerland,Zurich,Attraction,47.386664,8.479646
1335,,Switzerland,Zurich,Attraction,47.384585,8.478238
1336,,Switzerland,Zurich,Attraction,47.386348,8.480365
1337,,Switzerland,Zurich,Attraction,47.386284,8.480925
1338,,Switzerland,Zurich,Attraction,47.387186,8.477789
1339,,Switzerland,Zurich,Attraction,47.386978,8.478224
1340,,Switzerland,Zurich,Attraction,47.386192,8.481253
1341,,Switzerland,Zurich,Attraction,47.386628,8.479763
1342,,Switzerland,Zurich,Attraction,47.386709,8.479176
1343,,Switzerland,Zurich,Attraction,47.386484,8.480238
1344,,Switzerland,Zurich,Attraction,47.387234,8.477599
1345,,Switzerland,Zurich,Attraction,47.386123,8.481062
1346,,Switzerland,Zurich,Attraction,47.386384,8.480246
1347,,Switzerland,Zurich,Attraction,47.386804,8.479185
1348,,Switzerland,Zurich,Attraction,47.386932,8.478403
1349,,Switzerland,Zurich,Attraction,47.386403,8.480506
1350,,Switzerland,Zurich,Attraction,47.386841,8.479062
1351,,Switzerland,Zurich,Attraction,47.386829,8.478727
1352,,Switzerland,Zurich,Attraction,47.386465,8.47998
1353,,Switzerland,Zurich,Attraction,47.386735,8.479411
1354,,Switzerland,Zurich,Attraction,47.387265,8.477479
1355,,Switzerland,Zurich,Attraction,47.385939,8.48121
1356,,Switzerland,Zurich,Attraction,47.386567,8.479644
1357,,Switzerland,Zurich,Attraction,47.38608,8.481699
1358,,Switzerland,Zurich,Attraction,47.386024,8.481516
1359,,Switzerland,Zurich,Attraction,47.387163,8.477498
1360,,Switzerland,Zurich,Attraction,47.386244,8.480737
1361,,Switzerland,Zurich,Attraction,47.386374,8.480611
1362,,Switzerland,Zurich,Attraction,47.387327,8.477235
1363,,Switzerland,Zurich,Attraction,47.387058,8.47791
1364,,Switzerland,Zurich,Attraction,47.386639,8.479408
1365,,Switzerland,Zurich,Attraction,47.386214,8.480843
1366,,Switzerland,Zurich,Attraction,47.386004,8.480941
1367,,Switzerland,Zurich,Attraction,47.384572,8.478456
1368,,Switzerland,Zurich,Attraction,47.387104,8.477732
1369,,Switzerland,Zurich,Attraction,47.386314,8.480487
1370,,Switzerland,Zurich,Attraction,47.386313,8.480824
1371,,Switzerland,Zurich,Attraction,47.38461,8.477802
1372,,Switzerland,Zurich,Attraction,47.387005,8.478117
1373,,Switzerland,Zurich,Attraction,47.386222,8.481147
1374,,Switzerland,Zurich,Attraction,47.386595,8.479874
1375,,Switzerland,Zurich,Attraction,47.384597,8.47802
1376,,Switzerland,Zurich,Attraction,47.386675,8.479288
1377,,Switzerland,Zurich,Attraction,47.386524,8.480108
1378,,Switzerland,Zurich,Attraction,47.387209,8.477697
1379,,Switzerland,Zurich,Attraction,47.38607,8.481008
1380,,Switzerland,Zurich,Attraction,47.386131,8.481481
1381,,Switzerland,Zurich,Attraction,47.386558,8.479994
1382,,Switzerland,Zurich,Attraction,47.386812,8.478839
1383,,Switzerland,Zurich,Attraction,47.386444,8.480368
1384,,Switzerland,Zurich,Attraction,47.386878,8.478941
1385,,Switzerland,Zurich,Attraction,47.386426,8.480109
1386,,Switzerland,Zurich,Attraction,47.386767,8.479307
1387,,Switzerland,Zurich,Attraction,47.386905,8.478511
1388,,Switzerland,Zurich,Attraction,47.386534,8.479753
1389,Museum der Kulturen,Switzerland,Zurich,Attraction,47.371967,8.544737
1390,,Switzerland,Zurich,Attraction,47.371561,8.543553
1391,,Switzerland,Zurich,Attraction,47.371657,8.54358
1392,,Switzerland,Zurich,Attraction,47.370821,8.546634
1393,,Switzerland,Zurich,Attraction,47.370401,8.544164
1394,,Switzerland,Zurich,Attraction,47.395045,8.565236
1395,Krattenturm,Switzerland,Zurich,Attraction,47.391986,8.556854
1396,Seehund,Switzerland,Zurich,Attraction,47.384693,8.571695
1397,Schildkröten,Switzerland,Zurich,Attraction,47.384331,8.57299
1398,Darvin-Nandus,Switzerland,Zurich,Attraction,47.38533,8.572188
1399,Europäischer Fischotter,Switzerland,Zurich,Attraction,47.384331,8.571322
1400,Hauskamel/Trampeltier,Switzerland,Zurich,Attraction,47.386737,8.57442
1401,Vikunja,Switzerland,Zurich,Attraction,47.385546,8.572311
1402,Alpaka,Switzerland,Zurich,Attraction,47.38517,8.571829
1403,Grevyzebra,Switzerland,Zurich,Attraction,47.388551,8.578752
1404,Kappengibbons,Switzerland,Zurich,Attraction,47.385158,8.57219
1405,Chileflamingo,Switzerland,Zurich,Attraction,47.385624,8.574715
1406,,Switzerland,Zurich,Attraction,47.373965,8.538637
1407,,Switzerland,Zurich,Attraction,47.407364,8.550614
1408,,Switzerland,Zurich,Attraction,47.40714,8.550272
1409,,Switzerland,Zurich,Attraction,47.407235,8.550449
1410,,Switzerland,Zurich,Attraction,47.407427,8.550652
1411,,Switzerland,Zurich,Attraction,47.407283,8.550423
1412,,Switzerland,Zurich,Attraction,47.407367,8.550442
1413,,Switzerland,Zurich,Attraction,47.407196,8.550558
1414,,Switzerland,Zurich,Attraction,47.407112,8.550538
1415,,Switzerland,Zurich,Attraction,47.407165,8.550509
1416,,Switzerland,Zurich,Attraction,47.407181,8.550388
1417,,Switzerland,Zurich,Attraction,47.393272,8.549616
1418,,Switzerland,Zurich,Attraction,47.393231,8.549518
1419,,Switzerland,Zurich,Attraction,47.393215,8.549599
1420,,Switzerland,Zurich,Attraction,47.393287,8.549542
1421,,Switzerland,Zurich,Attraction,47.371345,8.543693
1422,,Switzerland,Zurich,Attraction,47.370936,8.543696
1423,,Switzerland,Zurich,Attraction,47.387122,8.478037
1424,,Switzerland,Zurich,Attraction,47.386916,8.478818
1425,,Switzerland,Zurich,Attraction,47.387093,8.478151
1426,,Switzerland,Zurich,Attraction,47.386782,8.478935
1427,,Switzerland,Zurich,Attraction,47.387063,8.478269
1428,,Switzerland,Zurich,Attraction,47.385973,8.481702
1429,,Switzerland,Zurich,Attraction,47.387017,8.478453
1430,,Switzerland,Zurich,Attraction,47.386153,8.481058
1431,,Switzerland,Zurich,Attraction,47.387161,8.477886
1432,,Switzerland,Zurich,Attraction,47.393686,8.540622
1433,,Switzerland,Zurich,Attraction,47.39362,8.540694
1434,,Switzerland,Zurich,Attraction,47.393622,8.540623
1435,,Switzerland,Zurich,Attraction,47.39368,8.540703
1436,,Switzerland,Zurich,Attraction,47.393749,8.540707
1437,,Switzerland,Zurich,Attraction,47.393746,8.540628
1438,,Switzerland,Zurich,Attraction,47.370923,8.543936
1439,Römische Bäder,Switzerland,Zurich,Attraction,47.371289,8.541403
1440,,Switzerland,Zurich,Attraction,47.37164,8.540828
1441,,Switzerland,Zurich,Attraction,47.370999,8.540966
1442,,Switzerland,Zurich,Attraction,47.390488,8.527784
1443,,Switzerland,Zurich,Attraction,47.403288,8.561528
1444,,Switzerland,Zurich,Attraction,47.393111,8.530298
1445,,Switzerland,Zurich,Attraction,47.345993,8.524726
1446,,Switzerland,Zurich,Attraction,47.346425,8.523241
1447,,Switzerland,Zurich,Attraction,47.347443,8.523119
1448,,Switzerland,Zurich,Attraction,47.346789,8.522615
1449,,Switzerland,Zurich,Attraction,47.346541,8.524058
1450,,Switzerland,Zurich,Attraction,47.345623,8.524173
1451,,Switzerland,Zurich,Attraction,47.346845,8.52353
1452,,Switzerland,Zurich,Attraction,47.347218,8.523046
1453,,Switzerland,Zurich,Attraction,47.346064,8.524643
1454,,Switzerland,Zurich,Attraction,47.347537,8.523066
1455,,Switzerland,Zurich,Attraction,47.347126,8.524396
1456,,Switzerland,Zurich,Attraction,47.346094,8.524459
1457,,Switzerland,Zurich,Attraction,47.346807,8.522921
1458,,Switzerland,Zurich,Attraction,47.347096,8.523878
1459,,Switzerland,Zurich,Attraction,47.347598,8.522827
1460,,Switzerland,Zurich,Attraction,47.347404,8.523274
1461,,Switzerland,Zurich,Attraction,47.346924,8.523172
1462,,Switzerland,Zurich,Attraction,47.34664,8.522813
1463,,Switzerland,Zurich,Attraction,47.346351,8.523636
1464,,Switzerland,Zurich,Attraction,47.345252,8.524599
1465,,Switzerland,Zurich,Attraction,47.347104,8.524164
1466,,Switzerland,Zurich,Attraction,47.347271,8.522632
1467,,Switzerland,Zurich,Attraction,47.346777,8.523848
1468,,Switzerland,Zurich,Attraction,47.347537,8.523446
1469,,Switzerland,Zurich,Attraction,47.346336,8.523358
1470,,Switzerland,Zurich,Attraction,47.3466,8.522907
1471,,Switzerland,Zurich,Attraction,47.346804,8.523213
1472,,Switzerland,Zurich,Attraction,47.347662,8.522898
1473,,Switzerland,Zurich,Attraction,47.347483,8.523973
1474,,Switzerland,Zurich,Attraction,47.346658,8.522526
1475,,Switzerland,Zurich,Attraction,47.346843,8.52419
1476,,Switzerland,Zurich,Attraction,47.345912,8.523897
1477,,Switzerland,Zurich,Attraction,47.346877,8.522587
1478,,Switzerland,Zurich,Attraction,47.346369,8.524017
1479,,Switzerland,Zurich,Attraction,47.34538,8.524454
1480,,Switzerland,Zurich,Attraction,47.347721,8.523036
1481,,Switzerland,Zurich,Attraction,47.346894,8.522827
1482,,Switzerland,Zurich,Attraction,47.34759,8.523366
1483,,Switzerland,Zurich,Attraction,47.346832,8.522526
1484,,Switzerland,Zurich,Attraction,47.347279,8.52319
1485,,Switzerland,Zurich,Attraction,47.347598,8.523831
1486,,Switzerland,Zurich,Attraction,47.346564,8.522637
1487,,Switzerland,Zurich,Attraction,47.346756,8.523233
1488,,Switzerland,Zurich,Attraction,47.347032,8.522749
1489,,Switzerland,Zurich,Attraction,47.346566,8.523925
1490,,Switzerland,Zurich,Attraction,47.345504,8.52436
1491,,Switzerland,Zurich,Attraction,47.347684,8.523254
1492,,Switzerland,Zurich,Attraction,47.393909,8.541288
1493,,Switzerland,Zurich,Attraction,47.393953,8.542476
1494,,Switzerland,Zurich,Attraction,47.39411,8.542778
1495,,Switzerland,Zurich,Attraction,47.392606,8.541768
1496,,Switzerland,Zurich,Attraction,47.381653,8.512088
1497,,Switzerland,Zurich,Attraction,47.346573,8.529992
1498,,Switzerland,Zurich,Attraction,47.346527,8.530389
1499,,Switzerland,Zurich,Attraction,47.345484,8.530568
1500,,Switzerland,Zurich,Attraction,47.346308,8.530941
1501,Wereldmuseum Amsterdam,Netherlands,Amsterdam,Attraction,52.362688,4.92244
1502,Willet-Holthuysen,Netherlands,Amsterdam,Attraction,52.365603,4.899015
1503,Museum Vrolik,Netherlands,Amsterdam,Attraction,52.293991,4.960018
1504,Museum Van Loon,Netherlands,Amsterdam,Attraction,52.363464,4.893378
1505,Museum Suriname,Netherlands,Amsterdam,Attraction,52.366153,4.927969
1506,Theo Thijssen Museum,Netherlands,Amsterdam,Attraction,52.375521,4.882688
1507,Amsterdam Museum,Netherlands,Amsterdam,Attraction,52.370431,4.890429
1508,Allard Pierson Museum,Netherlands,Amsterdam,Attraction,52.368805,4.893055
1509,De Dokwerker,Netherlands,Amsterdam,Attraction,52.367196,4.905015
1510,,Netherlands,Amsterdam,Attraction,52.336932,4.904912
1511,Samen Spelen Samen Leven,Netherlands,Amsterdam,Attraction,52.344915,4.90797
1512,foam,Netherlands,Amsterdam,Attraction,52.363988,4.893263
1513,Rembrandthuis,Netherlands,Amsterdam,Attraction,52.369367,4.901237
1514,Theo Thijssen monument,Netherlands,Amsterdam,Attraction,52.380642,4.887463
1515,Venustempel Sexmuseum,Netherlands,Amsterdam,Attraction,52.376582,4.897275
1516,The Amsterdam Dungeon,Netherlands,Amsterdam,Attraction,52.370198,4.892168
1517,Koningin Emma,Netherlands,Amsterdam,Attraction,52.354103,4.86287
1518,,Netherlands,Amsterdam,Attraction,52.355377,4.855471
1519,,Netherlands,Amsterdam,Attraction,52.349173,4.873899
1520,Olympiahuis,Netherlands,Amsterdam,Attraction,52.344886,4.856155
1521,Descartes,Netherlands,Amsterdam,Attraction,52.355478,4.883419
1522,Van Randwijk-monument,Netherlands,Amsterdam,Attraction,52.358647,4.891456
1523,Multatuli,Netherlands,Amsterdam,Attraction,52.374714,4.889431
1524,Fanny Blankers-Koen,Netherlands,Amsterdam,Attraction,52.346853,4.867629
1525,Westerman Monument,Netherlands,Amsterdam,Attraction,52.366453,4.916424
1526,Rasphuispoort,Netherlands,Amsterdam,Attraction,52.36774,4.891052
1527,Buiten-IJ,Netherlands,Amsterdam,Attraction,52.371042,4.994579
1528,Rembrandt,Netherlands,Amsterdam,Attraction,52.366004,4.896595
1529,Rozenoord,Netherlands,Amsterdam,Attraction,52.333962,4.898396
1530,Hollandsche Schouwburg,Netherlands,Amsterdam,Attraction,52.366439,4.911154
1531,Auschwitzmonument,Netherlands,Amsterdam,Attraction,52.367941,4.909206
1532,Verzetsmuseum,Netherlands,Amsterdam,Attraction,52.367771,4.912759
1533,Thorbecke,Netherlands,Amsterdam,Attraction,52.365058,4.895853
1534,Simon Carmiggelt,Netherlands,Amsterdam,Attraction,52.359861,4.888709
1535,Museum Het Schip,Netherlands,Amsterdam,Attraction,52.390488,4.873726
1536,Kunstenaarsverzet,Netherlands,Amsterdam,Attraction,52.365565,4.91363
1537,Mahatma Gandhi,Netherlands,Amsterdam,Attraction,52.347035,4.893249
1538,,Netherlands,Amsterdam,Attraction,52.373159,4.89089
1539,Sarphatimonument,Netherlands,Amsterdam,Attraction,52.354462,4.895573
1540,1e stort 2e Coentunnel,Netherlands,Amsterdam,Attraction,52.419567,4.870938
1541,Amsterdam Museum,Netherlands,Amsterdam,Attraction,52.365366,4.902387
1542,,Netherlands,Amsterdam,Attraction,52.378994,4.986974
1543,Faralda NDSM Crane Hotel Amsterdam,Netherlands,Amsterdam,Attraction,52.399409,4.894843
1544,Monument voor gefusilleerde verzetstrijders,Netherlands,Amsterdam,Attraction,52.350703,4.877753
1545,Grenspaal,Netherlands,Amsterdam,Attraction,52.369576,4.901227
1546,Kraan 2868,Netherlands,Amsterdam,Attraction,52.377585,4.939833
1547,Torture Museum,Netherlands,Amsterdam,Attraction,52.367287,4.890665
1548,Carel Willink,Netherlands,Amsterdam,Attraction,52.359782,4.887141
1549,,Netherlands,Amsterdam,Attraction,52.382206,4.888607
1550,Huis Marseille,Netherlands,Amsterdam,Attraction,52.367638,4.884809
1551,,Netherlands,Amsterdam,Attraction,52.35764,4.900964
1552,,Netherlands,Amsterdam,Attraction,52.357544,4.901071
1553,,Netherlands,Amsterdam,Attraction,52.357882,4.90179
1554,,Netherlands,Amsterdam,Attraction,52.357296,4.900283
1555,,Netherlands,Amsterdam,Attraction,52.357309,4.899859
1556,,Netherlands,Amsterdam,Attraction,52.357354,4.900015
1557,,Netherlands,Amsterdam,Attraction,52.357682,4.901098
1558,,Netherlands,Amsterdam,Attraction,52.357148,4.899768
1559,,Netherlands,Amsterdam,Attraction,52.357256,4.900132
1560,,Netherlands,Amsterdam,Attraction,52.358003,4.901806
1561,,Netherlands,Amsterdam,Attraction,52.357574,4.900803
1562,,Netherlands,Amsterdam,Attraction,52.357404,4.900159
1563,,Netherlands,Amsterdam,Attraction,52.357577,4.901216
1564,,Netherlands,Amsterdam,Attraction,52.357394,4.900583
1565,,Netherlands,Amsterdam,Attraction,52.357459,4.900749
1566,,Netherlands,Amsterdam,Attraction,52.357525,4.900615
1567,,Netherlands,Amsterdam,Attraction,52.357715,4.901677
1568,,Netherlands,Amsterdam,Attraction,52.357361,4.900433
1569,,Netherlands,Amsterdam,Attraction,52.357479,4.900444
1570,,Netherlands,Amsterdam,Attraction,52.357725,4.901254
1571,,Netherlands,Amsterdam,Attraction,52.35763,4.901398
1572,,Netherlands,Amsterdam,Attraction,52.357679,4.901554
1573,,Netherlands,Amsterdam,Attraction,52.357492,4.900905
1574,,Netherlands,Amsterdam,Attraction,52.357207,4.899966
1575,,Netherlands,Amsterdam,Attraction,52.358055,4.901699
1576,,Netherlands,Amsterdam,Attraction,52.357774,4.901436
1577,,Netherlands,Amsterdam,Attraction,52.357826,4.901608
1578,,Netherlands,Amsterdam,Attraction,52.389808,4.906249
1579,,Netherlands,Amsterdam,Attraction,52.389415,4.906195
1580,,Netherlands,Amsterdam,Attraction,52.391146,4.908405
1581,,Netherlands,Amsterdam,Attraction,52.390064,4.906198
1582,,Netherlands,Amsterdam,Attraction,52.390949,4.906576
1583,,Netherlands,Amsterdam,Attraction,52.390818,4.906504
1584,,Netherlands,Amsterdam,Attraction,52.392159,4.907742
1585,,Netherlands,Amsterdam,Attraction,52.390545,4.906388
1586,,Netherlands,Amsterdam,Attraction,52.391084,4.906689
1587,,Netherlands,Amsterdam,Attraction,52.389532,4.906182
1588,,Netherlands,Amsterdam,Attraction,52.391473,4.907035
1589,,Netherlands,Amsterdam,Attraction,52.390491,4.906533
1590,,Netherlands,Amsterdam,Attraction,52.388604,4.904143
1591,,Netherlands,Amsterdam,Attraction,52.392059,4.907624
1592,,Netherlands,Amsterdam,Attraction,52.391601,4.907707
1593,,Netherlands,Amsterdam,Attraction,52.389276,4.906235
1594,,Netherlands,Amsterdam,Attraction,52.39146,4.907399
1595,,Netherlands,Amsterdam,Attraction,52.391422,4.906981
1596,,Netherlands,Amsterdam,Attraction,52.391221,4.906796
1597,,Netherlands,Amsterdam,Attraction,52.388566,4.903922
1598,,Netherlands,Amsterdam,Attraction,52.38853,4.904277
1599,,Netherlands,Amsterdam,Attraction,52.391912,4.907488
1600,,Netherlands,Amsterdam,Attraction,52.391193,4.908292
1601,,Netherlands,Amsterdam,Attraction,52.388716,4.904652
1602,,Netherlands,Amsterdam,Attraction,52.391327,4.906895
1603,,Netherlands,Amsterdam,Attraction,52.389957,4.906176
1604,,Netherlands,Amsterdam,Attraction,52.389651,4.906166
1605,,Netherlands,Amsterdam,Attraction,52.391776,4.907432
1606,,Netherlands,Amsterdam,Attraction,52.391111,4.908568
1607,,Netherlands,Amsterdam,Attraction,52.390424,4.906348
1608,,Netherlands,Amsterdam,Attraction,52.390599,4.906579
1609,,Netherlands,Amsterdam,Attraction,52.390389,4.906487
1610,,Netherlands,Amsterdam,Attraction,52.39029,4.906463
1611,,Netherlands,Amsterdam,Attraction,52.390299,4.906259
1612,,Netherlands,Amsterdam,Attraction,52.390669,4.906404
1613,,Netherlands,Amsterdam,Attraction,52.390185,4.906249
1614,,Netherlands,Amsterdam,Attraction,52.336957,4.905828
1615,,Netherlands,Amsterdam,Attraction,52.33699,4.906088
1616,,Netherlands,Amsterdam,Attraction,52.338091,4.905358
1617,,Netherlands,Amsterdam,Attraction,52.337245,4.904267
1618,,Netherlands,Amsterdam,Attraction,52.336956,4.905934
1619,,Netherlands,Amsterdam,Attraction,52.337817,4.90484
1620,,Netherlands,Amsterdam,Attraction,52.338232,4.905769
1621,,Netherlands,Amsterdam,Attraction,52.337033,4.905184
1622,,Netherlands,Amsterdam,Attraction,52.337077,4.905902
1623,,Netherlands,Amsterdam,Attraction,52.33744,4.903993
1624,,Netherlands,Amsterdam,Attraction,52.338147,4.9052
1625,,Netherlands,Amsterdam,Attraction,52.338167,4.90588
1626,,Netherlands,Amsterdam,Attraction,52.337265,4.903991
1627,,Netherlands,Amsterdam,Attraction,52.337724,4.904811
1628,,Netherlands,Amsterdam,Attraction,52.338209,4.905308
1629,,Netherlands,Amsterdam,Attraction,52.337093,4.904796
1630,,Netherlands,Amsterdam,Attraction,52.337601,4.905966
1631,,Netherlands,Amsterdam,Attraction,52.337822,4.903941
1632,,Netherlands,Amsterdam,Attraction,52.337711,4.904609
1633,,Netherlands,Amsterdam,Attraction,52.338174,4.905662
1634,,Netherlands,Amsterdam,Attraction,52.337245,4.906161
1635,,Netherlands,Amsterdam,Attraction,52.33778,4.904306
1636,,Netherlands,Amsterdam,Attraction,52.337682,4.905007
1637,,Netherlands,Amsterdam,Attraction,52.338209,4.905488
1638,,Netherlands,Amsterdam,Attraction,52.337118,4.904748
1639,,Netherlands,Amsterdam,Attraction,52.337516,4.905716
1640,,Netherlands,Amsterdam,Attraction,52.337775,4.90373
1641,,Netherlands,Amsterdam,Attraction,52.337203,4.904585
1642,,Netherlands,Amsterdam,Attraction,52.337014,4.905696
1643,,Netherlands,Amsterdam,Attraction,52.337275,4.906103
1644,,Netherlands,Amsterdam,Attraction,52.337796,4.905178
1645,,Netherlands,Amsterdam,Attraction,52.338039,4.906149
1646,,Netherlands,Amsterdam,Attraction,52.337169,4.905378
1647,,Netherlands,Amsterdam,Attraction,52.336897,4.906068
1648,,Netherlands,Amsterdam,Attraction,52.337395,4.906147
1649,,Netherlands,Amsterdam,Attraction,52.337772,4.904508
1650,,Netherlands,Amsterdam,Attraction,52.338303,4.90568
1651,,Netherlands,Amsterdam,Attraction,52.337125,4.904808
1652,,Netherlands,Amsterdam,Attraction,52.341484,4.911721
1653,,Netherlands,Amsterdam,Attraction,52.34066,4.909764
1654,,Netherlands,Amsterdam,Attraction,52.340336,4.908497
1655,,Netherlands,Amsterdam,Attraction,52.340906,4.90996
1656,,Netherlands,Amsterdam,Attraction,52.341523,4.911391
1657,,Netherlands,Amsterdam,Attraction,52.341065,4.911058
1658,,Netherlands,Amsterdam,Attraction,52.340717,4.90994
1659,,Netherlands,Amsterdam,Attraction,52.340198,4.908654
1660,,Netherlands,Amsterdam,Attraction,52.340607,4.908724
1661,,Netherlands,Amsterdam,Attraction,52.340921,4.910693
1662,,Netherlands,Amsterdam,Attraction,52.341187,4.910697
1663,,Netherlands,Amsterdam,Attraction,52.341239,4.911237
1664,,Netherlands,Amsterdam,Attraction,52.340459,4.909293
1665,,Netherlands,Amsterdam,Attraction,52.341906,4.912024
1666,,Netherlands,Amsterdam,Attraction,52.34069,4.909146
1667,,Netherlands,Amsterdam,Attraction,52.340507,4.907969
1668,,Netherlands,Amsterdam,Attraction,52.341006,4.910879
1669,,Netherlands,Amsterdam,Attraction,52.341268,4.910891
1670,,Netherlands,Amsterdam,Attraction,52.340595,4.909581
1671,,Netherlands,Amsterdam,Attraction,52.340297,4.908653
1672,,Netherlands,Amsterdam,Attraction,52.341413,4.911577
1673,,Netherlands,Amsterdam,Attraction,52.340784,4.91013
1674,,Netherlands,Amsterdam,Attraction,52.34035,4.908889
1675,,Netherlands,Amsterdam,Attraction,52.340848,4.909758
1676,,Netherlands,Amsterdam,Attraction,52.341439,4.911243
1677,,Netherlands,Amsterdam,Attraction,52.340429,4.908947
1678,,Netherlands,Amsterdam,Attraction,52.340969,4.910149
1679,,Netherlands,Amsterdam,Attraction,52.341606,4.91155
1680,,Netherlands,Amsterdam,Attraction,52.341155,4.911256
1681,,Netherlands,Amsterdam,Attraction,52.340563,4.909698
1682,,Netherlands,Amsterdam,Attraction,52.340649,4.908944
1683,,Netherlands,Amsterdam,Attraction,52.341003,4.910716
1684,,Netherlands,Amsterdam,Attraction,52.341247,4.911421
1685,,Netherlands,Amsterdam,Attraction,52.340641,4.909932
1686,,Netherlands,Amsterdam,Attraction,52.340259,4.908519
1687,,Netherlands,Amsterdam,Attraction,52.340728,4.909348
1688,,Netherlands,Amsterdam,Attraction,52.340527,4.908122
1689,,Netherlands,Amsterdam,Attraction,52.341077,4.910886
1690,,Netherlands,Amsterdam,Attraction,52.341041,4.910344
1691,,Netherlands,Amsterdam,Attraction,52.340477,4.909149
1692,,Netherlands,Amsterdam,Attraction,52.341705,4.911724
1693,,Netherlands,Amsterdam,Attraction,52.340574,4.908517
1694,,Netherlands,Amsterdam,Attraction,52.340861,4.910356
1695,,Netherlands,Amsterdam,Attraction,52.340231,4.908754
1696,,Netherlands,Amsterdam,Attraction,52.341123,4.910542
1697,,Netherlands,Amsterdam,Attraction,52.340511,4.909487
1698,,Netherlands,Amsterdam,Attraction,52.341803,4.911848
1699,,Netherlands,Amsterdam,Attraction,52.341324,4.911404
1700,,Netherlands,Amsterdam,Attraction,52.340921,4.910523
1701,,Netherlands,Amsterdam,Attraction,52.340394,4.909065
1702,,Netherlands,Amsterdam,Attraction,52.340782,4.909569
1703,,Netherlands,Amsterdam,Attraction,52.340547,4.908301
1704,,Netherlands,Amsterdam,Attraction,52.341357,4.911074
1705,,Netherlands,Amsterdam,Attraction,52.342514,4.91322
1706,,Netherlands,Amsterdam,Attraction,52.34219,4.914059
1707,,Netherlands,Amsterdam,Attraction,52.342728,4.91351
1708,,Netherlands,Amsterdam,Attraction,52.342785,4.913812
1709,,Netherlands,Amsterdam,Attraction,52.341752,4.913944
1710,,Netherlands,Amsterdam,Attraction,52.342523,4.913055
1711,,Netherlands,Amsterdam,Attraction,52.3421,4.913774
1712,,Netherlands,Amsterdam,Attraction,52.341841,4.914003
1713,,Netherlands,Amsterdam,Attraction,52.342934,4.913293
1714,,Netherlands,Amsterdam,Attraction,52.34198,4.914053
1715,,Netherlands,Amsterdam,Attraction,52.342024,4.9137
1716,,Netherlands,Amsterdam,Attraction,52.342667,4.913579
1717,,Netherlands,Amsterdam,Attraction,52.341643,4.913867
1718,,Netherlands,Amsterdam,Attraction,52.342608,4.913612
1719,,Netherlands,Amsterdam,Attraction,52.342666,4.913877
1720,,Netherlands,Amsterdam,Attraction,52.342186,4.91376
1721,,Netherlands,Amsterdam,Attraction,52.341714,4.913889
1722,,Netherlands,Amsterdam,Attraction,52.342476,4.913374
1723,,Netherlands,Amsterdam,Attraction,52.342334,4.914015
1724,,Netherlands,Amsterdam,Attraction,52.342616,4.913144
1725,,Netherlands,Amsterdam,Attraction,52.342509,4.913966
1726,,Netherlands,Amsterdam,Attraction,52.34151,4.913796
1727,,Netherlands,Amsterdam,Attraction,52.342468,4.913617
1728,,Netherlands,Amsterdam,Attraction,52.341448,4.91373
1729,,Netherlands,Amsterdam,Attraction,52.342765,4.913263
1730,,Netherlands,Amsterdam,Attraction,52.342072,4.914059
1731,,Netherlands,Amsterdam,Attraction,52.342846,4.91341
1732,,Netherlands,Amsterdam,Attraction,52.342263,4.913745
1733,,Netherlands,Amsterdam,Attraction,52.383792,4.905299
1734,,Netherlands,Amsterdam,Attraction,52.382837,4.904921
1735,,Netherlands,Amsterdam,Attraction,52.383028,4.905352
1736,,Netherlands,Amsterdam,Attraction,52.383466,4.905786
1737,,Netherlands,Amsterdam,Attraction,52.383753,4.905677
1738,,Netherlands,Amsterdam,Attraction,52.383356,4.906091
1739,,Netherlands,Amsterdam,Attraction,52.383519,4.905903
1740,,Netherlands,Amsterdam,Attraction,52.383163,4.90565
1741,,Netherlands,Amsterdam,Attraction,52.383093,4.905493
1742,,Netherlands,Amsterdam,Attraction,52.383229,4.905801
1743,,Netherlands,Amsterdam,Attraction,52.38262,4.904429
1744,,Netherlands,Amsterdam,Attraction,52.383325,4.906017
1745,,Netherlands,Amsterdam,Attraction,52.383876,4.905017
1746,,Netherlands,Amsterdam,Attraction,52.383332,4.905471
1747,,Netherlands,Amsterdam,Attraction,52.384013,4.905079
1748,,Netherlands,Amsterdam,Attraction,52.383551,4.906515
1749,,Netherlands,Amsterdam,Attraction,52.383674,4.904637
1750,,Netherlands,Amsterdam,Attraction,52.383261,4.905875
1751,,Netherlands,Amsterdam,Attraction,52.382933,4.905138
1752,,Netherlands,Amsterdam,Attraction,52.383742,4.906943
1753,,Netherlands,Amsterdam,Attraction,52.382773,4.904782
1754,,Netherlands,Amsterdam,Attraction,52.383838,4.907156
1755,,Netherlands,Amsterdam,Attraction,52.383476,4.90498
1756,,Netherlands,Amsterdam,Attraction,52.383807,4.907085
1757,,Netherlands,Amsterdam,Attraction,52.383764,4.905041
1758,,Netherlands,Amsterdam,Attraction,52.383851,4.905444
1759,,Netherlands,Amsterdam,Attraction,52.383372,4.905573
1760,,Netherlands,Amsterdam,Attraction,52.38315,4.904998
1761,,Netherlands,Amsterdam,Attraction,52.382707,4.904633
1762,,Netherlands,Amsterdam,Attraction,52.383828,4.904947
1763,,Netherlands,Amsterdam,Attraction,52.383678,4.906801
1764,,Netherlands,Amsterdam,Attraction,52.383437,4.905189
1765,,Netherlands,Amsterdam,Attraction,52.382898,4.905057
1766,,Netherlands,Amsterdam,Attraction,52.383904,4.907303
1767,,Netherlands,Amsterdam,Attraction,52.383648,4.906732
1768,,Netherlands,Amsterdam,Attraction,52.38306,4.905424
1769,,Netherlands,Amsterdam,Attraction,52.383387,4.906162
1770,,Netherlands,Amsterdam,Attraction,52.383424,4.905687
1771,,Netherlands,Amsterdam,Attraction,52.383325,4.904963
1772,,Netherlands,Amsterdam,Attraction,52.383773,4.907013
1773,,Netherlands,Amsterdam,Attraction,52.383548,4.905363
1774,,Netherlands,Amsterdam,Attraction,52.383853,4.905132
1775,,Netherlands,Amsterdam,Attraction,52.38358,4.906584
1776,,Netherlands,Amsterdam,Attraction,52.383421,4.906237
1777,,Netherlands,Amsterdam,Attraction,52.383594,4.905055
1778,,Netherlands,Amsterdam,Attraction,52.383485,4.90638
1779,,Netherlands,Amsterdam,Attraction,52.383129,4.905576
1780,,Netherlands,Amsterdam,Attraction,52.382996,4.905279
1781,,Netherlands,Amsterdam,Attraction,52.368079,4.896261
1782,,Netherlands,Amsterdam,Attraction,52.367657,4.896074
1783,,Netherlands,Amsterdam,Attraction,52.368203,4.896363
1784,,Netherlands,Amsterdam,Attraction,52.36814,4.896312
1785,,Netherlands,Amsterdam,Attraction,52.392455,4.909344
1786,,Netherlands,Amsterdam,Attraction,52.392573,4.910109
1787,,Netherlands,Amsterdam,Attraction,52.391711,4.911244
1788,,Netherlands,Amsterdam,Attraction,52.392773,4.910769
1789,,Netherlands,Amsterdam,Attraction,52.392403,4.909785
1790,,Netherlands,Amsterdam,Attraction,52.391946,4.910618
1791,,Netherlands,Amsterdam,Attraction,52.392656,4.910366
1792,,Netherlands,Amsterdam,Attraction,52.391713,4.911687
1793,,Netherlands,Amsterdam,Attraction,52.391583,4.911715
1794,,Netherlands,Amsterdam,Attraction,52.392247,4.909839
1795,,Netherlands,Amsterdam,Attraction,52.391233,4.910871
1796,,Netherlands,Amsterdam,Attraction,52.39249,4.909938
1797,,Netherlands,Amsterdam,Attraction,52.391777,4.911059
1798,,Netherlands,Amsterdam,Attraction,52.392744,4.910637
1799,,Netherlands,Amsterdam,Attraction,52.392493,4.910325
1800,,Netherlands,Amsterdam,Attraction,52.392319,4.909751
1801,Royal Tank Regiment Memorial,United Kingdom,Westminster,Attraction,51.506126,-0.124453
1802,The Gurkha Soldier,United Kingdom,Westminster,Attraction,51.505092,-0.124998
1803,Anglo-Belgian War Memorial,United Kingdom,Westminster,Attraction,51.508656,-0.120742
1804,Royal Air Force Memorial,United Kingdom,Westminster,Attraction,51.503992,-0.123083
1805,Battle of Britain Memorial,United Kingdom,Westminster,Attraction,51.502939,-0.123428
1806,Douglas Haig,United Kingdom,Westminster,Attraction,51.504278,-0.126245
1807,"Alan Brooke, 1st Viscount Alanbrooke",United Kingdom,Westminster,Attraction,51.503587,-0.125814
1808,Monty,United Kingdom,Westminster,Attraction,51.503367,-0.125831
1809,Madame Tussauds,United Kingdom,Westminster,Attraction,51.522822,-0.154777
1810,Speke Memorial,United Kingdom,Westminster,Attraction,51.509005,-0.179168
1811,Cavalry Memorial,United Kingdom,Westminster,Attraction,51.503119,-0.155909
1812,Animals in War,United Kingdom,Westminster,Attraction,51.511066,-0.15752
1813,New Zealand War Memorial,United Kingdom,Westminster,Attraction,51.503053,-0.150205
1814,Australia War Memorial,United Kingdom,Westminster,Attraction,51.502063,-0.151515
1815,Little Ben,United Kingdom,Westminster,Attraction,51.49646,-0.142679
1816,Memorial to Edward Onslow Ford,United Kingdom,Westminster,Attraction,51.531895,-0.177082
1817,Mozart Statue,United Kingdom,Westminster,Attraction,51.490795,-0.152899
1818,The Burghers Of Calais,United Kingdom,Westminster,Attraction,51.497478,-0.124912
1819,Monument to the 2002 Bali bombings,United Kingdom,Westminster,Attraction,51.502405,-0.129537
1820,Earl Mountbatten of Burma,United Kingdom,Westminster,Attraction,51.503606,-0.128636
1821,Captain James Cook,United Kingdom,Westminster,Attraction,51.506342,-0.129232
1822,Royal Marines,United Kingdom,Westminster,Attraction,51.506538,-0.129532
1823,George III,United Kingdom,Westminster,Attraction,51.507784,-0.130562
1824,Winston Churchill,United Kingdom,Westminster,Attraction,51.500842,-0.126431
1825,Jan Smuts,United Kingdom,Westminster,Attraction,51.500866,-0.126884
1826,Earl of Derby,United Kingdom,Westminster,Attraction,51.500787,-0.127303
1827,Nelson Mandela,United Kingdom,Westminster,Attraction,51.500421,-0.127245
1828,David Lloyd George,United Kingdom,Westminster,Attraction,51.500853,-0.126658
1829,Earl of Beaconsfield,United Kingdom,Westminster,Attraction,51.500637,-0.1273
1830,Sir Robert Peel,United Kingdom,Westminster,Attraction,51.500487,-0.127291
1831,Lord Palmerston,United Kingdom,Westminster,Attraction,51.500906,-0.127076
1832,Sir Henry Irving,United Kingdom,Westminster,Attraction,51.509673,-0.128204
1833,George Canning,United Kingdom,Westminster,Attraction,51.501003,-0.127719
1834,Buxton Memorial Fountain,United Kingdom,Westminster,Attraction,51.496129,-0.124744
1835,Emmeline and Christabel Pankhurst Memorial,United Kingdom,Westminster,Attraction,51.497777,-0.125309
1836,Richard the Lionheart,United Kingdom,Westminster,Attraction,51.499151,-0.125549
1837,Abraham Lincoln,United Kingdom,Westminster,Attraction,51.500525,-0.127713
1838,,United Kingdom,Westminster,Attraction,51.515653,-0.138025
1839,John Everett Millais,United Kingdom,Westminster,Attraction,51.490952,-0.128925
1840,,United Kingdom,Westminster,Attraction,51.533153,-0.18728
1841,Millenium Human Sundial,United Kingdom,Westminster,Attraction,51.498956,-0.126106
1842,Siegfried Sassoon MC,United Kingdom,Westminster,Attraction,51.496091,-0.128442
1843,Sir Michael Balcon,United Kingdom,Westminster,Attraction,51.49615,-0.128236
1844,,United Kingdom,Westminster,Attraction,51.509816,-0.145474
1845,William Pitt the Younger,United Kingdom,Westminster,Attraction,51.51364,-0.143655
1846,,United Kingdom,Westminster,Attraction,51.506755,-0.152136
1847,King George VI,United Kingdom,Westminster,Attraction,51.505217,-0.133807
1848,Queen Elizabeth (The Queen Mother),United Kingdom,Westminster,Attraction,51.50516,-0.133763
1849,,United Kingdom,Westminster,Attraction,51.510983,-0.150005
1850,Samuel Johnson,United Kingdom,Westminster,Attraction,51.513175,-0.113475
1851,,United Kingdom,Westminster,Attraction,51.505109,-0.150406
1852,Golden-headed lion tamarin,United Kingdom,Westminster,Attraction,51.53636,-0.155207
1853,William Huskisson,United Kingdom,Westminster,Attraction,51.485662,-0.133395
1854,The Viscount Slim,United Kingdom,Westminster,Attraction,51.503797,-0.125844
1855,Chelsea Space,United Kingdom,Westminster,Attraction,51.490151,-0.129364
1856,George Nathaniel Curzon,United Kingdom,Westminster,Attraction,51.505957,-0.13328
1857,Beau Brummell,United Kingdom,Westminster,Attraction,51.507744,-0.138831
1858,Emus,United Kingdom,Westminster,Attraction,51.534874,-0.156899
1859,Wallabies,United Kingdom,Westminster,Attraction,51.535064,-0.156286
1860,Percy Bysshe Shelley,United Kingdom,Westminster,Attraction,51.514749,-0.137038
1861,Canada Memorial,United Kingdom,Westminster,Attraction,51.502902,-0.142613
1862,Sir Francis Beaufort,United Kingdom,Westminster,Attraction,51.517971,-0.153813
1863,Charles Edward Ives,United Kingdom,Westminster,Attraction,51.506861,-0.145898
1864,Holocaust Memorial,United Kingdom,Westminster,Attraction,51.504278,-0.158779
1865,,United Kingdom,Westminster,Attraction,51.507797,-0.123256
1866,,United Kingdom,Westminster,Attraction,51.507692,-0.122931
1867,William Shipley,United Kingdom,Westminster,Attraction,51.511025,-0.124045
1868,,United Kingdom,Westminster,Attraction,51.490403,-0.138095
1869,,United Kingdom,Westminster,Attraction,51.489533,-0.134827
1870,,United Kingdom,Westminster,Attraction,51.489839,-0.135431
1871,,United Kingdom,Westminster,Attraction,51.489657,-0.135068
1872,,United Kingdom,Westminster,Attraction,51.489753,-0.138273
1873,,United Kingdom,Westminster,Attraction,51.489426,-0.134634
1874,,United Kingdom,Westminster,Attraction,51.490509,-0.138315
1875,,United Kingdom,Westminster,Attraction,51.4893,-0.134392
1876,,United Kingdom,Westminster,Attraction,51.489243,-0.134303
1877,,United Kingdom,Westminster,Attraction,51.489577,-0.13492
1878,,United Kingdom,Westminster,Attraction,51.489375,-0.134539
1879,,United Kingdom,Westminster,Attraction,51.48972,-0.135212
1880,Robert Raikes,United Kingdom,Westminster,Attraction,51.509326,-0.120264
1881,,United Kingdom,Westminster,Attraction,51.517193,-0.154279
1882,,United Kingdom,Westminster,Attraction,51.517262,-0.153435
1883,,United Kingdom,Westminster,Attraction,51.51724,-0.154009
1884,,United Kingdom,Westminster,Attraction,51.517173,-0.153947
1885,,United Kingdom,Westminster,Attraction,51.517034,-0.154798
1886,,United Kingdom,Westminster,Attraction,51.517071,-0.154617
1887,,United Kingdom,Westminster,Attraction,51.51647,-0.154676
1888,,United Kingdom,Westminster,Attraction,51.517277,-0.153805
1889,,United Kingdom,Westminster,Attraction,51.517158,-0.154475
1890,,United Kingdom,Westminster,Attraction,51.516509,-0.154437
1891,,United Kingdom,Westminster,Attraction,51.517322,-0.153572
1892,,United Kingdom,Westminster,Attraction,51.517212,-0.153718
1893,,United Kingdom,Westminster,Attraction,51.517071,-0.154946
1894,,United Kingdom,Westminster,Attraction,51.516409,-0.15167
1895,,United Kingdom,Westminster,Attraction,51.51801,-0.167983
1896,,United Kingdom,Westminster,Attraction,51.492607,-0.12644
1897,,United Kingdom,Westminster,Attraction,51.492471,-0.126294
1898,,United Kingdom,Westminster,Attraction,51.492345,-0.126457
1899,,United Kingdom,Westminster,Attraction,51.49246,-0.126746
1900,,United Kingdom,Westminster,Attraction,51.492879,-0.127477
1901,,United Kingdom,Westminster,Attraction,51.493268,-0.127228
1902,,United Kingdom,Westminster,Attraction,51.49102,-0.125892
1903,,United Kingdom,Westminster,Attraction,51.491941,-0.126605
1904,,United Kingdom,Westminster,Attraction,51.492582,-0.127736
1905,,United Kingdom,Westminster,Attraction,51.491938,-0.128431
1906,,United Kingdom,Westminster,Attraction,51.49143,-0.127429
1907,,United Kingdom,Westminster,Attraction,51.492165,-0.125189
1908,,United Kingdom,Westminster,Attraction,51.491171,-0.125771
1909,,United Kingdom,Westminster,Attraction,51.49227,-0.127998
1910,,United Kingdom,Westminster,Attraction,51.490719,-0.126145
1911,,United Kingdom,Westminster,Attraction,51.491899,-0.12831
1912,,United Kingdom,Westminster,Attraction,51.492082,-0.128308
1913,,United Kingdom,Westminster,Attraction,51.492185,-0.128069
1914,,United Kingdom,Westminster,Attraction,51.49184,-0.1275
1915,,United Kingdom,Westminster,Attraction,51.49088,-0.126011
1916,,United Kingdom,Westminster,Attraction,51.49239,-0.128046
1917,,United Kingdom,Westminster,Attraction,51.492722,-0.127653
1918,,United Kingdom,Westminster,Attraction,51.49202,-0.128361
1919,,United Kingdom,Westminster,Attraction,51.49201,-0.125243
1920,,United Kingdom,Westminster,Attraction,51.492103,-0.128139
1921,,United Kingdom,Westminster,Attraction,51.491854,-0.125323
1922,,United Kingdom,Westminster,Attraction,51.4923,-0.128123
1923,,United Kingdom,Westminster,Attraction,51.491805,-0.126995
1924,,United Kingdom,Westminster,Attraction,51.490511,-0.12632
1925,,United Kingdom,Westminster,Attraction,51.491626,-0.125791
1926,,United Kingdom,Westminster,Attraction,51.492436,-0.127858
1927,,United Kingdom,Westminster,Attraction,51.492047,-0.128185
1928,,United Kingdom,Westminster,Attraction,51.491634,-0.127707
1929,,United Kingdom,Westminster,Attraction,51.491907,-0.127453
1930,,United Kingdom,Westminster,Attraction,51.491473,-0.12554
1931,,United Kingdom,Westminster,Attraction,51.492359,-0.127923
1932,,United Kingdom,Westminster,Attraction,51.492147,-0.128253
1933,,United Kingdom,Westminster,Attraction,51.492008,-0.127732
1934,,United Kingdom,Westminster,Attraction,51.491665,-0.12541
1935,,United Kingdom,Westminster,Attraction,51.492229,-0.128183
1936,,United Kingdom,Westminster,Attraction,51.489052,-0.129138
1937,,United Kingdom,Westminster,Attraction,51.489613,-0.129603
1938,,United Kingdom,Westminster,Attraction,51.489355,-0.129017
1939,,United Kingdom,Westminster,Attraction,51.48887,-0.128106
1940,,United Kingdom,Westminster,Attraction,51.489222,-0.128109
1941,,United Kingdom,Westminster,Attraction,51.489261,-0.127913
1942,,United Kingdom,Westminster,Attraction,51.488947,-0.128159
1943,,United Kingdom,Westminster,Attraction,51.489206,-0.128037
1944,,United Kingdom,Westminster,Attraction,51.489013,-0.128219
1945,,United Kingdom,Westminster,Attraction,51.489088,-0.128307
1946,,United Kingdom,Westminster,Attraction,51.489309,-0.12777
1947,,United Kingdom,Westminster,Attraction,51.48915,-0.128172
1948,,United Kingdom,Westminster,Attraction,51.489585,-0.13187
1949,,United Kingdom,Westminster,Attraction,51.489684,-0.132091
1950,,United Kingdom,Westminster,Attraction,51.489782,-0.132281
1951,,United Kingdom,Westminster,Attraction,51.489884,-0.132499
1952,,United Kingdom,Westminster,Attraction,51.489185,-0.132122
1953,,United Kingdom,Westminster,Attraction,51.489895,-0.132801
1954,,United Kingdom,Westminster,Attraction,51.489397,-0.131862
1955,,United Kingdom,Westminster,Attraction,51.48995,-0.132698
1956,,United Kingdom,Westminster,Attraction,51.489105,-0.130963
1957,,United Kingdom,Westminster,Attraction,51.48881,-0.131222
1958,,United Kingdom,Westminster,Attraction,51.488837,-0.13089
1959,,United Kingdom,Westminster,Attraction,51.488469,-0.130031
1960,,United Kingdom,Westminster,Attraction,51.488644,-0.131031
1961,,United Kingdom,Westminster,Attraction,51.488764,-0.130389
1962,,United Kingdom,Westminster,Attraction,51.488902,-0.130571
1963,,United Kingdom,Westminster,Attraction,51.488994,-0.130859
1964,,United Kingdom,Westminster,Attraction,51.488678,-0.129976
1965,,United Kingdom,Westminster,Attraction,51.487338,-0.129819
1966,,United Kingdom,Westminster,Attraction,51.488152,-0.128806
1967,,United Kingdom,Westminster,Attraction,51.487506,-0.129579
1968,,United Kingdom,Westminster,Attraction,51.487418,-0.129697
1969,,United Kingdom,Westminster,Attraction,51.489888,-0.133233
1970,Walter Clopton Wingfield,United Kingdom,Westminster,Attraction,51.488888,-0.134764
1971,The King's Gallery,United Kingdom,Westminster,Attraction,51.499828,-0.142551
1972,Ernest Bevin,United Kingdom,Westminster,Attraction,51.514187,-0.148798
1973,,United Kingdom,Westminster,Attraction,51.496381,-0.139715
1974,,United Kingdom,Westminster,Attraction,51.496166,-0.140313
1975,Westminster Scholars War Memorial,United Kingdom,Westminster,Attraction,51.499508,-0.129145
1976,,United Kingdom,Westminster,Attraction,51.49148,-0.126007
1977,,United Kingdom,Westminster,Attraction,51.490384,-0.127348
1978,,United Kingdom,Westminster,Attraction,51.491373,-0.125983
1979,,United Kingdom,Westminster,Attraction,51.488353,-0.138469
1980,Sir Thomas Cubitt,United Kingdom,Westminster,Attraction,51.488518,-0.138673
1981,,United Kingdom,Westminster,Attraction,51.489359,-0.137926
1982,,United Kingdom,Westminster,Attraction,51.489433,-0.137941
1983,,United Kingdom,Westminster,Attraction,51.488208,-0.1383
1984,,United Kingdom,Westminster,Attraction,51.488443,-0.138632
1985,Suffragette Memorial,United Kingdom,Westminster,Attraction,51.498221,-0.134849
1986,Roman Baths,United Kingdom,Westminster,Attraction,51.511773,-0.115781
1987,Joseph Lister Monument,United Kingdom,Westminster,Attraction,51.522422,-0.145994
1988,,United Kingdom,Westminster,Attraction,51.507516,-0.17694
1989,,United Kingdom,Westminster,Attraction,51.507628,-0.176769
1990,,United Kingdom,Westminster,Attraction,51.506095,-0.176452
1991,,United Kingdom,Westminster,Attraction,51.506538,-0.175494
1992,,United Kingdom,Westminster,Attraction,51.506104,-0.175934
1993,,United Kingdom,Westminster,Attraction,51.506292,-0.176854
1994,,United Kingdom,Westminster,Attraction,51.506434,-0.175427
1995,,United Kingdom,Westminster,Attraction,51.507696,-0.176618
1996,,United Kingdom,Westminster,Attraction,51.505975,-0.17606
1997,,United Kingdom,Westminster,Attraction,51.505977,-0.175476
1998,,United Kingdom,Westminster,Attraction,51.506404,-0.174955
1999,,United Kingdom,Westminster,Attraction,51.507583,-0.176946
2000,,United Kingdom,Westminster,Attraction,51.506533,-0.175328
2001,,United Kingdom,Westminster,Attraction,51.50595,-0.175881
2002,,United Kingdom,Westminster,Attraction,51.508832,-0.187071
2003,,United Kingdom,Westminster,Attraction,51.508798,-0.181642
2004,,United Kingdom,Westminster,Attraction,51.509142,-0.180505
2005,,United Kingdom,Westminster,Attraction,51.50389,-0.176482
2006,,United Kingdom,Westminster,Attraction,51.505366,-0.176337
2007,,United Kingdom,Westminster,Attraction,51.509208,-0.181175
2008,,United Kingdom,Westminster,Attraction,51.508886,-0.182211
2009,,United Kingdom,Westminster,Attraction,51.509246,-0.181057
2010,,United Kingdom,Westminster,Attraction,51.504988,-0.175414
2011,,United Kingdom,Westminster,Attraction,51.504655,-0.175548
2012,,United Kingdom,Westminster,Attraction,51.503616,-0.176068
2013,,United Kingdom,Westminster,Attraction,51.509429,-0.18169
2014,,United Kingdom,Westminster,Attraction,51.504798,-0.174475
2015,,United Kingdom,Westminster,Attraction,51.509841,-0.184257
2016,,United Kingdom,Westminster,Attraction,51.504471,-0.174668
2017,,United Kingdom,Westminster,Attraction,51.504882,-0.175419
2018,,United Kingdom,Westminster,Attraction,51.508993,-0.182251
2019,,United Kingdom,Westminster,Attraction,51.504665,-0.175349
2020,,United Kingdom,Westminster,Attraction,51.509085,-0.186792
2021,,United Kingdom,Westminster,Attraction,51.508998,-0.18246
2022,,United Kingdom,Westminster,Attraction,51.503613,-0.176433
2023,,United Kingdom,Westminster,Attraction,51.504872,-0.174223
2024,,United Kingdom,Westminster,Attraction,51.509366,-0.181111
2025,,United Kingdom,Westminster,Attraction,51.506932,-0.174765
2026,,United Kingdom,Westminster,Attraction,51.50375,-0.176278
2027,,United Kingdom,Westminster,Attraction,51.509072,-0.187183
2028,,United Kingdom,Westminster,Attraction,51.509499,-0.18117
2029,,United Kingdom,Westminster,Attraction,51.504658,-0.174523
2030,,United Kingdom,Westminster,Attraction,51.504545,-0.175484
2031,,United Kingdom,Westminster,Attraction,51.504331,-0.166005
2032,,United Kingdom,Westminster,Attraction,51.5037,-0.180306
2033,,United Kingdom,Westminster,Attraction,51.510197,-0.177254
2034,,United Kingdom,Westminster,Attraction,51.508115,-0.182511
2035,,United Kingdom,Westminster,Attraction,51.509343,-0.174459
2036,,United Kingdom,Westminster,Attraction,51.504591,-0.170961
2037,,United Kingdom,Westminster,Attraction,51.502985,-0.18257
2038,,United Kingdom,Westminster,Attraction,51.504064,-0.180092
2039,,United Kingdom,Westminster,Attraction,51.502614,-0.183547
2040,,United Kingdom,Westminster,Attraction,51.504953,-0.171252
2041,,United Kingdom,Westminster,Attraction,51.504191,-0.170495
2042,,United Kingdom,Westminster,Attraction,51.503823,-0.180247
2043,,United Kingdom,Westminster,Attraction,51.507671,-0.177131
2044,,United Kingdom,Westminster,Attraction,51.504315,-0.156889
2045,,United Kingdom,Westminster,Attraction,51.506988,-0.179837
2046,,United Kingdom,Westminster,Attraction,51.50775,-0.181712
2047,,United Kingdom,Westminster,Attraction,51.503239,-0.180574
2048,,United Kingdom,Westminster,Attraction,51.503216,-0.17985
2049,,United Kingdom,Westminster,Attraction,51.507306,-0.182524
2050,,United Kingdom,Westminster,Attraction,51.508949,-0.173987
2051,,United Kingdom,Westminster,Attraction,51.510131,-0.17741
2052,,United Kingdom,Westminster,Attraction,51.507601,-0.181975
2053,,United Kingdom,Westminster,Attraction,51.509022,-0.174304
2054,,United Kingdom,Westminster,Attraction,51.508434,-0.183613
2055,,United Kingdom,Westminster,Attraction,51.502547,-0.184024
2056,,United Kingdom,Westminster,Attraction,51.508758,-0.174003
2057,,United Kingdom,Westminster,Attraction,51.509613,-0.174411
2058,,United Kingdom,Westminster,Attraction,51.508226,-0.182999
2059,,United Kingdom,Westminster,Attraction,51.503589,-0.18036
2060,,United Kingdom,Westminster,Attraction,51.507816,-0.182479
2061,,United Kingdom,Westminster,Attraction,51.504272,-0.171145
2062,,United Kingdom,Westminster,Attraction,51.503937,-0.179872
2063,,United Kingdom,Westminster,Attraction,51.504424,-0.17042
2064,,United Kingdom,Westminster,Attraction,51.503372,-0.167475
2065,,United Kingdom,Westminster,Attraction,51.503356,-0.167147
2066,,United Kingdom,Westminster,Attraction,51.509857,-0.174282
2067,,United Kingdom,Westminster,Attraction,51.508575,-0.17845
2068,,United Kingdom,Westminster,Attraction,51.510105,-0.176162
2069,,United Kingdom,Westminster,Attraction,51.509302,-0.174277
2070,,United Kingdom,Westminster,Attraction,51.508718,-0.178348
2071,,United Kingdom,Westminster,Attraction,51.508036,-0.182889
2072,,United Kingdom,Westminster,Attraction,51.508264,-0.172335
2073,,United Kingdom,Westminster,Attraction,51.502885,-0.162894
2074,,United Kingdom,Westminster,Attraction,51.509774,-0.183211
2075,,United Kingdom,Westminster,Attraction,51.507378,-0.182382
2076,,United Kingdom,Westminster,Attraction,51.502668,-0.183874
2077,,United Kingdom,Westminster,Attraction,51.507685,-0.181859
2078,,United Kingdom,Westminster,Attraction,51.504257,-0.18029
2079,,United Kingdom,Westminster,Attraction,51.504164,-0.167169
2080,,United Kingdom,Westminster,Attraction,51.509963,-0.176417
2081,,United Kingdom,Westminster,Attraction,51.504448,-0.170844
2082,,United Kingdom,Westminster,Attraction,51.503105,-0.164138
2083,,United Kingdom,Westminster,Attraction,51.504107,-0.167673
2084,,United Kingdom,Westminster,Attraction,51.509633,-0.177785
2085,,United Kingdom,Westminster,Attraction,51.509753,-0.178064
2086,,United Kingdom,Westminster,Attraction,51.508084,-0.172002
2087,,United Kingdom,Westminster,Attraction,51.503476,-0.180188
2088,,United Kingdom,Westminster,Attraction,51.503813,-0.179952
2089,,United Kingdom,Westminster,Attraction,51.508192,-0.182347
2090,,United Kingdom,Westminster,Attraction,51.507449,-0.182251
2091,,United Kingdom,Westminster,Attraction,51.510037,-0.17617
2092,,United Kingdom,Westminster,Attraction,51.508588,-0.178252
2093,,United Kingdom,Westminster,Attraction,51.510301,-0.176541
2094,,United Kingdom,Westminster,Attraction,51.509914,-0.177812
2095,,United Kingdom,Westminster,Attraction,51.502778,-0.164294
2096,,United Kingdom,Westminster,Attraction,51.510216,-0.176094
2097,,United Kingdom,Westminster,Attraction,51.506885,-0.17985
2098,,United Kingdom,Westminster,Attraction,51.504257,-0.170077
2099,,United Kingdom,Westminster,Attraction,51.50963,-0.178311
2100,,United Kingdom,Westminster,Attraction,51.508235,-0.183536
2101,Kisan Ghat,India,Central Delhi,Attraction,28.639612,77.252835
2102,Diwan-e-Aam,India,Central Delhi,Attraction,28.655782,77.242312
2103,Red Fort Baoli,India,Central Delhi,Attraction,28.658932,77.240849
2104,Lahori Gate,India,Central Delhi,Attraction,28.656841,77.218534
2105,Mutiny Telegraph Memorial,India,Central Delhi,Attraction,28.662292,77.234247
2106,Raziya Begum's Tomb,India,Central Delhi,Attraction,28.645424,77.231555
2107,Qadam Sharief s Tomb,India,Central Delhi,Attraction,28.646151,77.215385
2108,,India,Central Delhi,Attraction,28.645756,77.222034
2109,Kunwari Begum ka Burj,India,Central Delhi,Attraction,28.646428,77.215353
2110,Ghata Masjid,India,Central Delhi,Attraction,28.646425,77.245005
2111,Dargah Hazrat Khwaja Mir Dard,India,Central Delhi,Attraction,28.640013,77.229299
2112,Shanker's International Doll Museum,India,Central Delhi,Attraction,28.630392,77.241699
2113,Shah Alam Tomb,India,Central Delhi,Attraction,28.711783,77.228289
2114,Ajitgarh,India,Central Delhi,Attraction,28.671362,77.210762
2115,Ashoka Pillar,India,Central Delhi,Attraction,28.673843,77.211882
2116,Embankment,India,Central Delhi,Attraction,28.712039,77.227964
2117,Mosque,India,Central Delhi,Attraction,28.711771,77.228079
2118,Pir Ghaib,India,Central Delhi,Attraction,28.676295,77.213211
2119,Wazirabad Bridge (Tughlaq Era),India,Central Delhi,Attraction,28.712068,77.2282
2120,Shah Wajid Mosque,India,Central Delhi,Attraction,28.675703,77.197643
2121,Tomb of Roshanara,India,Central Delhi,Attraction,28.673655,77.200344
2122,National Children Museum,India,Central Delhi,Attraction,28.632809,77.238137
2123,Graveyard,India,Central Delhi,Attraction,28.645691,77.216411
2124,Graves,India,Central Delhi,Attraction,28.664876,77.196681
2125,Chandni Chowk,India,Central Delhi,Attraction,28.655983,77.232194
2126,Gandhi Statue,India,Central Delhi,Attraction,28.659012,77.227591
2127,Bahi Mati Dass museum,India,Central Delhi,Attraction,28.656511,77.232407
2128,,India,Central Delhi,Attraction,28.642927,77.216173
2129,National Gandhi Museum,India,Central Delhi,Attraction,28.638944,77.246072
2130,Shankar's Doll Museum,India,Central Delhi,Attraction,28.630524,77.24155
2131,Peak Sub Park,India,Central Delhi,Attraction,28.674497,77.199486
2132,Gazebo by the Hillock,India,Central Delhi,Attraction,28.674817,77.199464
2133,,India,Central Delhi,Attraction,28.64426,77.240349
2134,Snooker tashi,India,Central Delhi,Attraction,28.647208,77.212244
2135,,India,Central Delhi,Attraction,28.651173,77.24054
2136,,India,Central Delhi,Attraction,28.651047,77.240262
2137,,India,Central Delhi,Attraction,28.650746,77.240415
2138,,India,Central Delhi,Attraction,28.651071,77.240533
2139,,India,Central Delhi,Attraction,28.650943,77.240549
2140,,India,Central Delhi,Attraction,28.650772,77.240577
2141,,India,Central Delhi,Attraction,28.65136,77.240047
2142,,India,Central Delhi,Attraction,28.651368,77.240223
2143,,India,Central Delhi,Attraction,28.651368,77.239915
2144,,India,Central Delhi,Attraction,28.651376,77.239752
2145,,India,Central Delhi,Attraction,28.651378,77.239644
2146,,India,Central Delhi,Attraction,28.651226,77.239572
2147,,India,Central Delhi,Attraction,28.651126,77.23985
2148,,India,Central Delhi,Attraction,28.65101,77.239741
2149,,India,Central Delhi,Attraction,28.650911,77.239824
2150,,India,Central Delhi,Attraction,28.651079,77.239691
2151,Salaam Balaak Trust,India,Central Delhi,Attraction,28.642178,77.214981
2152,goats market,India,Central Delhi,Attraction,28.650813,77.23605
2153,भारतीय राष्ट्रीय विज्ञान अकादमी,India,Central Delhi,Attraction,28.628836,77.240684
2154,,India,Central Delhi,Attraction,28.642719,77.217667
2155,빨래,India,Central Delhi,Attraction,28.653805,77.208507
2156,Cannon,India,Central Delhi,Attraction,28.657636,77.229484
2157,,India,Central Delhi,Attraction,28.630824,77.24139
2158,Indian War Memorial Museum,India,Central Delhi,Attraction,28.655833,77.240994
2159,Freedom-Struggle Museum,India,Central Delhi,Attraction,28.656231,77.24015
2160,,India,Central Delhi,Attraction,28.647368,77.222898
2161,Red lights district of Deli,India,Central Delhi,Attraction,28.648582,77.22205
2162,Raziya Sultana's tomn,India,Central Delhi,Attraction,28.646603,77.2304
2163,,India,Central Delhi,Attraction,28.654416,77.22569
2164,,India,Central Delhi,Attraction,28.65625,77.238463
2165,Museum on Netaji Subhas Chandra Bose and Indian National Army,India,Central Delhi,Attraction,28.658188,77.242074
2166,Archeological Survey of India,India,Central Delhi,Attraction,28.657092,77.240005
2167,Red fort center,India,Central Delhi,Attraction,28.656162,77.24014
2168,,India,Central Delhi,Attraction,28.656253,77.238408
2169,Albero nel muro,India,Central Delhi,Attraction,28.643203,77.210844
2170,Portrait gallery,India,Central Delhi,Attraction,28.659013,77.242057
2171,War of 1857 museum,India,Central Delhi,Attraction,28.656633,77.241903
2172,World War I museum,India,Central Delhi,Attraction,28.657387,77.241963
2173,Kashmiri Gate,India,Central Delhi,Attraction,28.660422,77.240742
2174,Bose museum,India,Central Delhi,Attraction,28.658207,77.242013
2175,Baoli (step well),India,Central Delhi,Attraction,28.659017,77.240867
2176,,India,Central Delhi,Attraction,28.657867,77.227779
2177,,India,Central Delhi,Attraction,28.65658,77.227347
2178,,India,Central Delhi,Attraction,28.656603,77.226317
2179,,India,Central Delhi,Attraction,28.656539,77.224113
2180,,India,Central Delhi,Attraction,28.656702,77.225071
2181,,India,Central Delhi,Attraction,28.656727,77.223689
2182,,India,Central Delhi,Attraction,28.656732,77.223641
2183,,India,Central Delhi,Attraction,28.656655,77.225908
2184,,India,Central Delhi,Attraction,28.758985,77.177453
2185,,India,Central Delhi,Attraction,28.761192,77.17639
2186,,India,Central Delhi,Attraction,28.761116,77.174642
2187,,India,Central Delhi,Attraction,28.761111,77.177046
2188,,India,Central Delhi,Attraction,28.761129,77.17618
2189,,India,Central Delhi,Attraction,28.761132,77.176087
2190,,India,Central Delhi,Attraction,28.758573,77.176591
2191,,India,Central Delhi,Attraction,28.750884,77.180782
2192,,India,Central Delhi,Attraction,28.681348,77.228914
2193,,India,Central Delhi,Attraction,28.681206,77.22905
2194,,India,Central Delhi,Attraction,28.680966,77.228945
2195,,India,Central Delhi,Attraction,28.644556,77.191403
2196,Delhi-Topra Pillar,India,Central Delhi,Attraction,28.63578,77.245354
2197,,India,Central Delhi,Attraction,28.644495,77.200735
2198,,India,Central Delhi,Attraction,28.645278,77.201694
2199,,India,Central Delhi,Attraction,28.645146,77.2016
2200,,India,Central Delhi,Attraction,28.645091,77.201553
2201,,India,Central Delhi,Attraction,28.64512,77.201572
2202,,India,Central Delhi,Attraction,28.645184,77.201624
2203,,India,Central Delhi,Attraction,28.644573,77.200801
2204,,India,Central Delhi,Attraction,28.644403,77.200656
2205,,India,Central Delhi,Attraction,28.644887,77.20106
2206,,India,Central Delhi,Attraction,28.644196,77.200765
2207,,India,Central Delhi,Attraction,28.644951,77.201116
2208,,India,Central Delhi,Attraction,28.644753,77.200942
2209,,India,Central Delhi,Attraction,28.644347,77.201454
2210,,India,Central Delhi,Attraction,28.644063,77.20153
2211,,India,Central Delhi,Attraction,28.644188,77.201335
2212,,India,Central Delhi,Attraction,28.645651,77.203814
2213,,India,Central Delhi,Attraction,28.645853,77.203977
2214,,India,Central Delhi,Attraction,28.645786,77.203934
2215,,India,Central Delhi,Attraction,28.645684,77.203844
2216,,India,Central Delhi,Attraction,28.645902,77.20401
2217,,India,Central Delhi,Attraction,28.645985,77.204078
2218,,India,Central Delhi,Attraction,28.64594,77.204044
2219,,India,Central Delhi,Attraction,28.645402,77.203624
2220,,India,Central Delhi,Attraction,28.646603,77.20543
2221,,India,Central Delhi,Attraction,28.646646,77.205332
2222,,India,Central Delhi,Attraction,28.646652,77.205244
2223,,India,Central Delhi,Attraction,28.646549,77.205285
2224,,India,Central Delhi,Attraction,28.646633,77.205254
2225,,India,Central Delhi,Attraction,28.646648,77.205428
2226,,India,Central Delhi,Attraction,28.646687,77.205306
2227,,India,Central Delhi,Attraction,28.646587,77.205247
2228,,India,Central Delhi,Attraction,28.645749,77.203893
2229,,India,Central Delhi,Attraction,28.64578,77.203918
2230,,India,Central Delhi,Attraction,28.645804,77.203936
2231,,India,Central Delhi,Attraction,28.645965,77.191936
2232,,India,Central Delhi,Attraction,28.683893,77.21068
2233,,India,Central Delhi,Attraction,28.68435,77.210822
2234,,India,Central Delhi,Attraction,28.684028,77.210911
2235,,India,Central Delhi,Attraction,28.684281,77.211226
2236,,India,Central Delhi,Attraction,28.684399,77.210694
2237,,India,Central Delhi,Attraction,28.684405,77.210849
2238,,India,Central Delhi,Attraction,28.684303,77.211146
2239,,India,Central Delhi,Attraction,28.684055,77.210842
2240,,India,Central Delhi,Attraction,28.684159,77.210725
2241,,India,Central Delhi,Attraction,28.684199,77.210613
2242,,India,Central Delhi,Attraction,28.683618,77.211617
2243,,India,Central Delhi,Attraction,28.683937,77.210767
2244,,India,Central Delhi,Attraction,28.684001,77.211083
2245,,India,Central Delhi,Attraction,28.683871,77.210745
2246,,India,Central Delhi,Attraction,28.684247,77.211116
2247,,India,Central Delhi,Attraction,28.684458,77.210721
2248,,India,Central Delhi,Attraction,28.684289,77.210638
2249,,India,Central Delhi,Attraction,28.683683,77.21168
2250,,India,Central Delhi,Attraction,28.684438,77.210852
2251,,India,Central Delhi,Attraction,28.682656,77.210503
2252,,India,Central Delhi,Attraction,28.684261,77.211126
2253,,India,Central Delhi,Attraction,28.682744,77.21055
2254,,India,Central Delhi,Attraction,28.684377,77.210835
2255,,India,Central Delhi,Attraction,28.684454,77.210739
2256,,India,Central Delhi,Attraction,28.695009,77.213955
2257,,India,Central Delhi,Attraction,28.695111,77.213911
2258,,India,Central Delhi,Attraction,28.695205,77.213553
2259,,India,Central Delhi,Attraction,28.694592,77.215203
2260,,India,Central Delhi,Attraction,28.694609,77.215292
2261,,India,Central Delhi,Attraction,28.695187,77.213753
2262,,India,Central Delhi,Attraction,28.694524,77.21513
2263,,India,Central Delhi,Attraction,28.69501,77.214148
2264,,India,Central Delhi,Attraction,28.69508,77.214062
2265,,India,Central Delhi,Attraction,28.694583,77.215243
2266,,India,Central Delhi,Attraction,28.695146,77.213592
2267,,India,Central Delhi,Attraction,28.694508,77.215424
2268,,India,Central Delhi,Attraction,28.695133,77.213854
2269,,India,Central Delhi,Attraction,28.695207,77.213659
2270,,India,Central Delhi,Attraction,28.695111,77.213888
2271,,India,Central Delhi,Attraction,28.695142,77.213745
2272,,India,Central Delhi,Attraction,28.695227,77.213492
2273,,India,Central Delhi,Attraction,28.694716,77.215225
2274,,India,Central Delhi,Attraction,28.69461,77.215023
2275,,India,Central Delhi,Attraction,28.695055,77.214181
2276,,India,Central Delhi,Attraction,28.695219,77.213512
2277,,India,Central Delhi,Attraction,28.695151,77.213803
2278,,India,Central Delhi,Attraction,28.694552,77.21544
2279,,India,Central Delhi,Attraction,28.695007,77.214571
2280,,India,Central Delhi,Attraction,28.695002,77.214587
2281,,India,Central Delhi,Attraction,28.695103,77.213661
2282,,India,Central Delhi,Attraction,28.695162,77.213696
2283,,India,Central Delhi,Attraction,28.695268,77.214809
2284,,India,Central Delhi,Attraction,28.69521,77.214982
2285,,India,Central Delhi,Attraction,28.695316,77.214691
2286,,India,Central Delhi,Attraction,28.695341,77.214626
2287,,India,Central Delhi,Attraction,28.695248,77.214866
2288,,India,Central Delhi,Attraction,28.695295,77.214744
2289,,India,Central Delhi,Attraction,28.695225,77.21493
2290,,India,Central Delhi,Attraction,28.645217,77.188949
2291,,India,Central Delhi,Attraction,28.665575,77.208697
2292,,India,Central Delhi,Attraction,28.657863,77.203561
2293,Sangarsh Sthala,India,Central Delhi,Attraction,28.639668,77.252091
2294,Laser Cut Steel Structure,India,Central Delhi,Attraction,28.6167,77.240566
2295,Angels Wing Steel Structure,India,Central Delhi,Attraction,28.619269,77.240604
2296,,India,Central Delhi,Attraction,28.676296,77.203179
2297,,India,Central Delhi,Attraction,28.677877,77.202994
2298,,India,Central Delhi,Attraction,28.67767,77.203316
2299,,India,Central Delhi,Attraction,28.657304,77.203453
2300,,India,Central Delhi,Attraction,28.657316,77.203469
2301,,India,Central Delhi,Attraction,28.656775,77.22956
2302,Allnutt's Celtic Cross,India,Central Delhi,Attraction,28.686588,77.212126
2303,Cafe Tree,India,Central Delhi,Attraction,28.685347,77.212722
2304,Pi-Lo Smart Water ATM,India,Central Delhi,Attraction,28.658029,77.230138
2305,,India,Central Delhi,Attraction,28.656135,77.224631
2306,,India,Central Delhi,Attraction,28.656666,77.225094
2307,,India,Central Delhi,Attraction,28.65666,77.225155
2308,,India,Central Delhi,Attraction,28.656669,77.224965
2309,,India,Central Delhi,Attraction,28.656661,77.226316
2310,Foundation Stone,India,Central Delhi,Attraction,28.68556,77.211606
2311,,India,Central Delhi,Attraction,28.667151,77.228639
2312,,India,Central Delhi,Attraction,28.667065,77.228984
2313,,India,Central Delhi,Attraction,28.666951,77.228948
2314,,India,Central Delhi,Attraction,28.66724,77.228941
2315,,India,Central Delhi,Attraction,28.66871,77.231556
2316,,India,Central Delhi,Attraction,28.668698,77.231683
2317,,India,Central Delhi,Attraction,28.668831,77.231866
2318,,India,Central Delhi,Attraction,28.668746,77.231977
2319,,India,Central Delhi,Attraction,28.66911,77.231746
2320,,India,Central Delhi,Attraction,28.669192,77.231698
2321,,India,Central Delhi,Attraction,28.669392,77.231647
2322,,India,Central Delhi,Attraction,28.66956,77.231533
2323,,India,Central Delhi,Attraction,28.669623,77.231363
2324,,India,Central Delhi,Attraction,28.669626,77.231128
2325,,India,Central Delhi,Attraction,28.669598,77.230889
2326,,India,Central Delhi,Attraction,28.669566,77.230722
2327,,India,Central Delhi,Attraction,28.669454,77.230294
2328,,India,Central Delhi,Attraction,28.669231,77.229928
2329,Virgin Tree,India,Central Delhi,Attraction,28.683918,77.211044
2330,Partition Museum,India,Central Delhi,Attraction,28.663515,77.233073
2331,,India,Central Delhi,Attraction,28.64041,77.232786
2332,,Japan,Shinjuku,Attraction,35.701687,139.736276
2333,,Japan,Shinjuku,Attraction,35.674973,139.71832
2334,,Japan,Shinjuku,Attraction,35.673744,139.716249
2335,,Japan,Shinjuku,Attraction,35.676099,139.717604
2336,,Japan,Shinjuku,Attraction,35.67489,139.718628
2337,,Japan,Shinjuku,Attraction,35.676524,139.716623
2338,,Japan,Shinjuku,Attraction,35.675032,139.718348
2339,,Japan,Shinjuku,Attraction,35.675791,139.715352
2340,,Japan,Shinjuku,Attraction,35.675439,139.717725
2341,,Japan,Shinjuku,Attraction,35.676601,139.715776
2342,,Japan,Shinjuku,Attraction,35.675021,139.718248
2343,,Japan,Shinjuku,Attraction,35.673964,139.716103
2344,,Japan,Shinjuku,Attraction,35.676555,139.717358
2345,,Japan,Shinjuku,Attraction,35.674915,139.718881
2346,,Japan,Shinjuku,Attraction,35.675353,139.717803
2347,,Japan,Shinjuku,Attraction,35.675593,139.717579
2348,,Japan,Shinjuku,Attraction,35.67385,139.718037
2349,,Japan,Shinjuku,Attraction,35.67512,139.718149
2350,,Japan,Shinjuku,Attraction,35.676587,139.717429
2351,,Japan,Shinjuku,Attraction,35.674978,139.718591
2352,,Japan,Shinjuku,Attraction,35.676433,139.717685
2353,,Japan,Shinjuku,Attraction,35.674938,139.719011
2354,,Japan,Shinjuku,Attraction,35.674986,139.719123
2355,,Japan,Shinjuku,Attraction,35.674156,139.716037
2356,,Japan,Shinjuku,Attraction,35.676489,139.716698
2357,,Japan,Shinjuku,Attraction,35.674976,139.718868
2358,,Japan,Shinjuku,Attraction,35.676585,139.716371
2359,,Japan,Shinjuku,Attraction,35.675191,139.718024
2360,,Japan,Shinjuku,Attraction,35.675401,139.717756
2361,,Japan,Shinjuku,Attraction,35.673883,139.717943
2362,,Japan,Shinjuku,Attraction,35.67659,139.716252
2363,,Japan,Shinjuku,Attraction,35.674951,139.718684
2364,,Japan,Shinjuku,Attraction,35.676539,139.717105
2365,,Japan,Shinjuku,Attraction,35.674063,139.716068
2366,,Japan,Shinjuku,Attraction,35.676605,139.717367
2367,,Japan,Shinjuku,Attraction,35.675882,139.715382
2368,,Japan,Shinjuku,Attraction,35.675269,139.717949
2369,,Japan,Shinjuku,Attraction,35.673516,139.716383
2370,,Japan,Shinjuku,Attraction,35.676178,139.717557
2371,,Japan,Shinjuku,Attraction,35.673787,139.7178
2372,,Japan,Shinjuku,Attraction,35.676544,139.716532
2373,,Japan,Shinjuku,Attraction,35.675006,139.718488
2374,,Japan,Shinjuku,Attraction,35.676633,139.717451
2375,,Japan,Shinjuku,Attraction,35.675016,139.718413
2376,,Japan,Shinjuku,Attraction,35.675166,139.719123
2377,,Japan,Shinjuku,Attraction,35.674966,139.718208
2378,,Japan,Shinjuku,Attraction,35.674306,139.715938
2379,,Japan,Shinjuku,Attraction,35.676428,139.716794
2380,,Japan,Shinjuku,Attraction,35.674966,139.718756
2381,,Japan,Shinjuku,Attraction,35.676565,139.716458
2382,,Japan,Shinjuku,Attraction,35.675069,139.718195
2383,,Japan,Shinjuku,Attraction,35.673822,139.716224
2384,,Japan,Shinjuku,Attraction,35.675654,139.717535
2385,,Japan,Shinjuku,Attraction,35.673359,139.716427
2386,,Japan,Shinjuku,Attraction,35.676451,139.715578
2387,,Japan,Shinjuku,Attraction,35.675067,139.718276
2388,,Japan,Shinjuku,Attraction,35.675806,139.717473
2389,,Japan,Shinjuku,Attraction,35.676319,139.717582
2390,高田馬場再開発記念碑,Japan,Shinjuku,Attraction,35.713287,139.704671
2391,佐藤美術館,Japan,Shinjuku,Attraction,35.681682,139.714976
2392,国立印刷局博物館,Japan,Shinjuku,Attraction,35.69496,139.729273
2393,宮城道雄記念館,Japan,Shinjuku,Attraction,35.699758,139.736845
2394,平和祈念展示資料館,Japan,Shinjuku,Attraction,35.691262,139.692512
2395,新宿歴史博物館,Japan,Shinjuku,Attraction,35.690013,139.72563
2396,新宿美術館,Japan,Shinjuku,Attraction,35.6911,139.710742
2397,早稲田大学坪内博士記念演劇博物館,Japan,Shinjuku,Attraction,35.709983,139.719547
2398,早稲田大学會津八一記念博物館,Japan,Shinjuku,Attraction,35.708554,139.72036
2399,東京オペラシティアートギャラリー,Japan,Shinjuku,Attraction,35.683003,139.686756
2400,東京女子医科大学史料室・吉岡彌生記念室,Japan,Shinjuku,Attraction,35.697188,139.72029
2401,東京消防庁消防防災資料センター消防博物館,Japan,Shinjuku,Attraction,35.688137,139.719939
2402,民音音楽博物館,Japan,Shinjuku,Attraction,35.682326,139.719383
2403,野口英世記念会館展示室,Japan,Shinjuku,Attraction,35.683753,139.716289
2404,釣り文化資料館,Japan,Shinjuku,Attraction,35.690868,139.71952
2405,高麗博物館,Japan,Shinjuku,Attraction,35.69845,139.703642
2406,,Japan,Shinjuku,Attraction,35.690242,139.691103
2407,,Japan,Shinjuku,Attraction,35.690212,139.691407
2408,,Japan,Shinjuku,Attraction,35.690278,139.691322
2409,,Japan,Shinjuku,Attraction,35.690232,139.691248
2410,,Japan,Shinjuku,Attraction,35.69034,139.691898
2411,,Japan,Shinjuku,Attraction,35.693371,139.688772
2412,,Japan,Shinjuku,Attraction,35.69342,139.688152
2413,,Japan,Shinjuku,Attraction,35.693503,139.688128
2414,,Japan,Shinjuku,Attraction,35.693532,139.688597
2415,,Japan,Shinjuku,Attraction,35.693549,139.68839
2416,,Japan,Shinjuku,Attraction,35.693594,139.687346
2417,,Japan,Shinjuku,Attraction,35.693608,139.688277
2418,,Japan,Shinjuku,Attraction,35.693655,139.688262
2419,,Japan,Shinjuku,Attraction,35.693681,139.688119
2420,,Japan,Shinjuku,Attraction,35.693683,139.687294
2421,,Japan,Shinjuku,Attraction,35.693688,139.687416
2422,,Japan,Shinjuku,Attraction,35.693858,139.688074
2423,,Japan,Shinjuku,Attraction,35.693866,139.688207
2424,,Japan,Shinjuku,Attraction,35.693873,139.688065
2425,,Japan,Shinjuku,Attraction,35.693935,139.688045
2426,,Japan,Shinjuku,Attraction,35.693948,139.68815
2427,,Japan,Shinjuku,Attraction,35.693949,139.687965
2428,,Japan,Shinjuku,Attraction,35.693966,139.687991
2429,,Japan,Shinjuku,Attraction,35.693993,139.687992
2430,,Japan,Shinjuku,Attraction,35.694009,139.688115
2431,,Japan,Shinjuku,Attraction,35.694075,139.68811
2432,,Japan,Shinjuku,Attraction,35.694126,139.688768
2433,,Japan,Shinjuku,Attraction,35.694139,139.688708
2434,,Japan,Shinjuku,Attraction,35.694165,139.688809
2435,,Japan,Shinjuku,Attraction,35.694168,139.688638
2436,,Japan,Shinjuku,Attraction,35.694196,139.68857
2437,,Japan,Shinjuku,Attraction,35.694213,139.688155
2438,,Japan,Shinjuku,Attraction,35.69424,139.688852
2439,,Japan,Shinjuku,Attraction,35.694245,139.688448
2440,,Japan,Shinjuku,Attraction,35.694246,139.688174
2441,,Japan,Shinjuku,Attraction,35.69427,139.68839
2442,,Japan,Shinjuku,Attraction,35.694276,139.688875
2443,,Japan,Shinjuku,Attraction,35.694288,139.688337
2444,,Japan,Shinjuku,Attraction,35.694301,139.68831
2445,,Japan,Shinjuku,Attraction,35.694319,139.688909
2446,,Japan,Shinjuku,Attraction,35.694322,139.688261
2447,,Japan,Shinjuku,Attraction,35.694378,139.68895
2448,,Japan,Shinjuku,Attraction,35.694382,139.688129
2449,,Japan,Shinjuku,Attraction,35.694408,139.688139
2450,,Japan,Shinjuku,Attraction,35.69443,139.688157
2451,,Japan,Shinjuku,Attraction,35.694433,139.688989
2452,,Japan,Shinjuku,Attraction,35.694483,139.688152
2453,,Japan,Shinjuku,Attraction,35.694528,139.689056
2454,,Japan,Shinjuku,Attraction,35.694529,139.688198
2455,,Japan,Shinjuku,Attraction,35.694565,139.689086
2456,,Japan,Shinjuku,Attraction,35.694571,139.688226
2457,,Japan,Shinjuku,Attraction,35.694588,139.689037
2458,,Japan,Shinjuku,Attraction,35.694619,139.688258
2459,,Japan,Shinjuku,Attraction,35.69464,139.689091
2460,,Japan,Shinjuku,Attraction,35.69468,139.688309
2461,,Japan,Shinjuku,Attraction,35.694681,139.689121
2462,,Japan,Shinjuku,Attraction,35.694707,139.688326
2463,,Japan,Shinjuku,Attraction,35.694711,139.689137
2464,,Japan,Shinjuku,Attraction,35.694739,139.689153
2465,,Japan,Shinjuku,Attraction,35.694748,139.688352
2466,,Japan,Shinjuku,Attraction,35.694772,139.689174
2467,,Japan,Shinjuku,Attraction,35.69478,139.688373
2468,,Japan,Shinjuku,Attraction,35.694793,139.689389
2469,,Japan,Shinjuku,Attraction,35.694797,139.689196
2470,,Japan,Shinjuku,Attraction,35.694831,139.688407
2471,,Japan,Shinjuku,Attraction,35.694864,139.689274
2472,,Japan,Shinjuku,Attraction,35.694871,139.688437
2473,,Japan,Shinjuku,Attraction,35.694884,139.689453
2474,,Japan,Shinjuku,Attraction,35.694901,139.689299
2475,,Japan,Shinjuku,Attraction,35.694907,139.688455
2476,,Japan,Shinjuku,Attraction,35.694911,139.689466
2477,,Japan,Shinjuku,Attraction,35.694934,139.689487
2478,,Japan,Shinjuku,Attraction,35.694942,139.689324
2479,,Japan,Shinjuku,Attraction,35.69495,139.688485
2480,,Japan,Shinjuku,Attraction,35.694975,139.689351
2481,,Japan,Shinjuku,Attraction,35.694978,139.68941
2482,,Japan,Shinjuku,Attraction,35.694988,139.688512
2483,,Japan,Shinjuku,Attraction,35.695013,139.689383
2484,,Japan,Shinjuku,Attraction,35.695022,139.689453
2485,,Japan,Shinjuku,Attraction,35.695026,139.688542
2486,,Japan,Shinjuku,Attraction,35.69505,139.689407
2487,,Japan,Shinjuku,Attraction,35.69507,139.68949
2488,,Japan,Shinjuku,Attraction,35.695087,139.689431
2489,,Japan,Shinjuku,Attraction,35.695139,139.688706
2490,,Japan,Shinjuku,Attraction,35.695185,139.688735
2491,,Japan,Shinjuku,Attraction,35.695194,139.689583
2492,,Japan,Shinjuku,Attraction,35.695207,139.689473
2493,,Japan,Shinjuku,Attraction,35.695227,139.688777
2494,,Japan,Shinjuku,Attraction,35.695234,139.689615
2495,,Japan,Shinjuku,Attraction,35.695252,139.689535
2496,,Japan,Shinjuku,Attraction,35.695264,139.688804
2497,,Japan,Shinjuku,Attraction,35.695309,139.688835
2498,,Japan,Shinjuku,Attraction,35.695406,139.689101
2499,,Japan,Shinjuku,Attraction,35.695441,139.688988
2500,,Japan,Shinjuku,Attraction,35.690455,139.691291
2501,,Japan,Shinjuku,Attraction,35.690716,139.692433
2502,,Japan,Shinjuku,Attraction,35.690516,139.693211
2503,,Japan,Shinjuku,Attraction,35.69069,139.69268
2504,,Japan,Shinjuku,Attraction,35.690716,139.69283
2505,,Japan,Shinjuku,Attraction,35.69045,139.692819
2506,,Japan,Shinjuku,Attraction,35.690429,139.692637
2507,,Japan,Shinjuku,Attraction,35.690773,139.693168
2508,,Japan,Shinjuku,Attraction,35.690638,139.692369
2509,,Japan,Shinjuku,Attraction,35.690516,139.691216
2510,,Japan,Shinjuku,Attraction,35.690503,139.69099
2511,,Japan,Shinjuku,Attraction,35.690511,139.692723
2512,,Japan,Shinjuku,Attraction,35.69052,139.691715
2513,,Japan,Shinjuku,Attraction,35.690477,139.691468
2514,,Japan,Shinjuku,Attraction,35.690751,139.692573
2515,,Japan,Shinjuku,Attraction,35.690573,139.691597
2516,,Japan,Shinjuku,Attraction,35.690485,139.692991
2517,,Japan,Shinjuku,Attraction,35.690385,139.692401
2518,,Japan,Shinjuku,Attraction,35.690551,139.693098
2519,,Japan,Shinjuku,Attraction,35.690681,139.692288
2520,,Japan,Shinjuku,Attraction,35.690553,139.691457
2521,,Japan,Shinjuku,Attraction,35.690538,139.692889
2522,,Japan,Shinjuku,Attraction,35.690468,139.692498
2523,,Japan,Shinjuku,Attraction,35.690442,139.691125
2524,,Japan,Shinjuku,Attraction,35.690747,139.693007
2525,,Japan,Shinjuku,Attraction,35.690668,139.692535
2526,,Japan,Shinjuku,Attraction,35.690538,139.691324
2527,林芙美子記念館,Japan,Shinjuku,Attraction,35.715847,139.684266
2528,佐伯祐三アトリエ記念館,Japan,Shinjuku,Attraction,35.72088,139.693641
2529,温室の遺構,Japan,Shinjuku,Attraction,35.686965,139.712172
2530,けやき,Japan,Shinjuku,Attraction,35.68536,139.714968
2531,,Japan,Shinjuku,Attraction,35.707059,139.713377
2532,,Japan,Shinjuku,Attraction,35.707197,139.712952
2533,,Japan,Shinjuku,Attraction,35.707259,139.713245
2534,,Japan,Shinjuku,Attraction,35.707289,139.713049
2535,,Japan,Shinjuku,Attraction,35.692924,139.694366
2536,,Japan,Shinjuku,Attraction,35.692975,139.694401
2537,,Japan,Shinjuku,Attraction,35.693734,139.693814
2538,,Japan,Shinjuku,Attraction,35.693771,139.693832
2539,,Japan,Shinjuku,Attraction,35.693816,139.693861
2540,,Japan,Shinjuku,Attraction,35.693887,139.693867
2541,,Japan,Shinjuku,Attraction,35.694659,139.691466
2542,京急デハ268,Japan,Shinjuku,Attraction,35.721599,139.679985
2543,,Japan,Shinjuku,Attraction,35.673975,139.716128
2544,源兵衛子育地蔵尊,Japan,Shinjuku,Attraction,35.710427,139.712202
2545,,Japan,Shinjuku,Attraction,35.684734,139.716757
2546,,Japan,Shinjuku,Attraction,35.694157,139.715304
2547,富受稲荷大明神,Japan,Shinjuku,Attraction,35.692189,139.714145
2548,,Japan,Shinjuku,Attraction,35.685507,139.72838
2549,,Japan,Shinjuku,Attraction,35.6969,139.691549
2550,,Japan,Shinjuku,Attraction,35.696895,139.691474
2551,,Japan,Shinjuku,Attraction,35.696887,139.691397
2552,,Japan,Shinjuku,Attraction,35.696874,139.691312
2553,威徳稲荷神社,Japan,Shinjuku,Attraction,35.693557,139.705769
2554,神社復興記念碑,Japan,Shinjuku,Attraction,35.693519,139.705731
2555,芸能浅間神社,Japan,Shinjuku,Attraction,35.693656,139.706183
2556,雷電稲荷神社,Japan,Shinjuku,Attraction,35.693607,139.705504
2557,納大明神,Japan,Shinjuku,Attraction,35.693647,139.705503
2558,写真工業発祥地,Japan,Shinjuku,Attraction,35.689325,139.689395
2559,,Japan,Shinjuku,Attraction,35.686332,139.711695
2560,学習院女子大学正門,Japan,Shinjuku,Attraction,35.707202,139.709128
2561,,Japan,Shinjuku,Attraction,35.685851,139.693005
2562,,Japan,Shinjuku,Attraction,35.686012,139.69323
2563,,Japan,Shinjuku,Attraction,35.68607,139.693289
2564,,Japan,Shinjuku,Attraction,35.686112,139.693365
2565,,Japan,Shinjuku,Attraction,35.686165,139.693438
2566,,Japan,Shinjuku,Attraction,35.686246,139.693534
2567,,Japan,Shinjuku,Attraction,35.686638,139.690621
2568,,Japan,Shinjuku,Attraction,35.686587,139.690638
2569,,Japan,Shinjuku,Attraction,35.686533,139.690648
2570,,Japan,Shinjuku,Attraction,35.686653,139.690686
2571,,Japan,Shinjuku,Attraction,35.686597,139.690703
2572,,Japan,Shinjuku,Attraction,35.686664,139.690756
2573,,Japan,Shinjuku,Attraction,35.686657,139.690848
2574,,Japan,Shinjuku,Attraction,35.686576,139.690898
2575,,Japan,Shinjuku,Attraction,35.686498,139.690951
2576,く組,Japan,Shinjuku,Attraction,35.68528,139.722741
2577,たんきり子育地蔵尊,Japan,Shinjuku,Attraction,35.689122,139.719215
2578,,Japan,Shinjuku,Attraction,35.685431,139.721023
2579,大国主命,Japan,Shinjuku,Attraction,35.685208,139.72257
2580,慰霊碑,Japan,Shinjuku,Attraction,35.685157,139.722569
2581,於岩稲荷　水かけ福寿菩薩,Japan,Shinjuku,Attraction,35.685257,139.72126
2582,於岩稲荷霊神,Japan,Shinjuku,Attraction,35.685277,139.721232
2583,祖霊社,Japan,Shinjuku,Attraction,35.685339,139.722667
2584,福禄寿稲荷神,Japan,Shinjuku,Attraction,35.685274,139.721279
2585,飯塚正兵衛翁,Japan,Shinjuku,Attraction,35.685142,139.722633
2586,思い出横丁,Japan,Shinjuku,Attraction,35.693069,139.699502
2587,Taito Station Shinjuku South Exit,Japan,Shinjuku,Attraction,35.689805,139.70228
2588,天神湯 ( てんじんゆ ),Japan,Shinjuku,Attraction,35.699119,139.689639
2589,お岩 水かけ観音,Japan,Shinjuku,Attraction,35.687694,139.719713
2590,赤城出世稲荷神社,Japan,Shinjuku,Attraction,35.705067,139.735925
2591,試衛館跡,Japan,Shinjuku,Attraction,35.699034,139.726753
2592,,Japan,Shinjuku,Attraction,35.723588,139.675527
2593,,Japan,Shinjuku,Attraction,35.723596,139.675639
2594,,Japan,Shinjuku,Attraction,35.723601,139.675759
2595,,Japan,Shinjuku,Attraction,35.723643,139.676198
2596,,Japan,Shinjuku,Attraction,35.723671,139.676438
2597,,Japan,Shinjuku,Attraction,35.723674,139.676556
2598,,Japan,Shinjuku,Attraction,35.7237,139.675647
2599,,Japan,Shinjuku,Attraction,35.72371,139.675765
2600,,Japan,Shinjuku,Attraction,35.723711,139.675868
2601,,Japan,Shinjuku,Attraction,35.723718,139.676986
2602,,Japan,Shinjuku,Attraction,35.723724,139.676003
2603,,Japan,Shinjuku,Attraction,35.723727,139.677112
2604,,Japan,Shinjuku,Attraction,35.723734,139.677335
2605,,Japan,Shinjuku,Attraction,35.723744,139.67621
2606,,Japan,Shinjuku,Attraction,35.723752,139.676439
2607,,Japan,Shinjuku,Attraction,35.723762,139.676557
2608,,Japan,Shinjuku,Attraction,35.723777,139.676663
2609,,Japan,Shinjuku,Attraction,35.723784,139.676793
2610,,Japan,Shinjuku,Attraction,35.723806,139.676973
2611,,Japan,Shinjuku,Attraction,35.723818,139.677094
2612,,Japan,Shinjuku,Attraction,35.723821,139.677216
2613,概念橋,Japan,Shinjuku,Attraction,35.721374,139.674938
2614,唯心庭,Japan,Shinjuku,Attraction,35.72132,139.67485
2615,理性島,Japan,Shinjuku,Attraction,35.721364,139.674811
2616,心字池,Japan,Shinjuku,Attraction,35.721282,139.674963
2617,主観亭,Japan,Shinjuku,Attraction,35.721272,139.674996
2618,箱根山,Japan,Shinjuku,Attraction,35.703701,139.71351
2619,,Japan,Shinjuku,Attraction,35.716955,139.697455
2620,,Japan,Shinjuku,Attraction,35.691096,139.69918
2621,歌舞伎町,Japan,Shinjuku,Attraction,35.695249,139.703118
2622,,Japan,Shinjuku,Attraction,35.688775,139.697594
2623,,Japan,Shinjuku,Attraction,35.679355,139.717352
2624,葬場殿址,Japan,Shinjuku,Attraction,35.67931,139.717412
2625,樺太島日露国境天測標,Japan,Shinjuku,Attraction,35.67816,139.717052
2626,あるけあるけ,Japan,Shinjuku,Attraction,35.67798,139.718774
2627,土木学会選奨土木遺産　聖徳記念絵画館前通り,Japan,Shinjuku,Attraction,35.677899,139.718637
2628,なんじゃもんじゃの木,Japan,Shinjuku,Attraction,35.678361,139.718621
2629,御鷹乃松,Japan,Shinjuku,Attraction,35.677709,139.716987
2630,天測境界標石,Japan,Shinjuku,Attraction,35.678165,139.717097
2631,,Japan,Shinjuku,Attraction,35.678342,139.718609
2632,ประตูวิเสทชัยศรี (ทางเข้าหลัก),Thailand,Bangkok,Attraction,13.752268,100.491173
2633,พิพิธภัณฑสถานธรรมชาติวิทยาฯ,Thailand,Bangkok,Attraction,13.737478,100.530085
2634,ผ่านฟ้าลีลาศ,Thailand,Bangkok,Attraction,13.755512,100.506445
2635,สำนักพิพิธภัณฑ์และวัฒนธรรมการเกษตร,Thailand,Bangkok,Attraction,13.847712,100.563752
2636,พิพิธภัณฑ์สัตว์น้ำบางเขน,Thailand,Bangkok,Attraction,13.855025,100.56767
2637,โรงเรียนชาลีสมุทร,Thailand,Bangkok,Attraction,13.856311,100.548389
2638,,Thailand,Bangkok,Attraction,13.765003,100.731622
2639,ต้นนนทรีทรงปลูก,Thailand,Bangkok,Attraction,13.841696,100.575553
2640,พระบรมราชานุสาวรีย์ สมเด็จพระเจ้าตากสินมหาราช,Thailand,Bangkok,Attraction,13.726315,100.493097
2641,สถานแสดงพันธุ์สัตว์น้ำจืด เกษตรกลาง,Thailand,Bangkok,Attraction,13.842545,100.575602
2642,,Thailand,Bangkok,Attraction,13.845087,100.576612
2643,หอประวัติฯ,Thailand,Bangkok,Attraction,13.845773,100.566389
2644,อนุสาวรีย์สมเด็จเจ้าพระยาบรมมหาศรีสุริยวงศ์,Thailand,Bangkok,Attraction,13.732973,100.489384
2645,,Thailand,Bangkok,Attraction,13.793741,100.585909
2646,มาดามทุสโซ กรุงเทพฯ,Thailand,Bangkok,Attraction,13.746499,100.531725
2647,พระบรมราชานุสาวรีย์พระบาทสมเด็จพระเจ้าอยู่หัวอานันทมหิดล,Thailand,Bangkok,Attraction,13.733198,100.536744
2648,,Thailand,Bangkok,Attraction,13.794148,100.588613
2649,,Thailand,Bangkok,Attraction,13.79415,100.58865
2650,,Thailand,Bangkok,Attraction,13.794151,100.588691
2651,,Thailand,Bangkok,Attraction,13.794153,100.588738
2652,,Thailand,Bangkok,Attraction,13.794155,100.588779
2653,,Thailand,Bangkok,Attraction,13.794196,100.588776
2654,,Thailand,Bangkok,Attraction,13.794233,100.588775
2655,,Thailand,Bangkok,Attraction,13.794266,100.588774
2656,,Thailand,Bangkok,Attraction,13.794299,100.588683
2657,,Thailand,Bangkok,Attraction,13.7943,100.588725
2658,,Thailand,Bangkok,Attraction,13.794294,100.588774
2659,สะพานพระราม 8,Thailand,Bangkok,Attraction,13.769645,100.495856
2660,,Thailand,Bangkok,Attraction,13.762791,100.513532
2661,อนุสาวรีย์ทหารอาสา สงครามโลกครั้งที่ 1,Thailand,Bangkok,Attraction,13.758211,100.493255
2662,,Thailand,Bangkok,Attraction,13.75535,100.50538
2663,,Thailand,Bangkok,Attraction,13.760066,100.501624
2664,บางกอกฟุตซอลอารีนา,Thailand,Bangkok,Attraction,13.832724,100.849627
2665,tram stop 1,Thailand,Bangkok,Attraction,13.704476,100.502157
2666,Asiatique The Riverfront,Thailand,Bangkok,Attraction,13.703475,100.503043
2667,Eiffel tower condense,Thailand,Bangkok,Attraction,13.767159,100.442306
2668,พระบรมราชานุสาวรีย์พระบาทสมเด็จพระเจ้าอยู่หัวอานันทมหิดล,Thailand,Bangkok,Attraction,13.768316,100.494981
2669,,Thailand,Bangkok,Attraction,13.766307,100.4981
2670,อนุสาวรีย์ชัยสมรภูมิ,Thailand,Bangkok,Attraction,13.76493,100.538285
2671,อนุสรณ์สถาน 14 ตุลา 16,Thailand,Bangkok,Attraction,13.756814,100.49912
2672,ปฐมบรมราชานุสรณ์,Thailand,Bangkok,Attraction,13.740647,100.49804
2673,Bodhi Tree,Thailand,Bangkok,Attraction,13.761511,100.494499
2674,พิพิธภัณฑ์เทคโนโลยีทางภาพ,Thailand,Bangkok,Attraction,13.737124,100.529853
2675,พิพิธภัณฑ์การแพทย์ศิริราช,Thailand,Bangkok,Attraction,13.758714,100.4855
2676,พิพิธภัณฑ์ธนาคารไทย,Thailand,Bangkok,Attraction,13.82713,100.564737
2677,นาฬิกาแดด,Thailand,Bangkok,Attraction,13.730553,100.541656
2678,ต้นนนทรีทรงปลูก,Thailand,Bangkok,Attraction,13.840614,100.574921
2679,ต้นนนทรีทรงปลูก,Thailand,Bangkok,Attraction,13.840705,100.574975
2680,ต้นนนทรีทรงปลูก,Thailand,Bangkok,Attraction,13.84078,100.575017
2681,ต้นนนทรีทรงปลูก,Thailand,Bangkok,Attraction,13.840867,100.575068
2682,ต้นนนทรีทรงปลูก,Thailand,Bangkok,Attraction,13.841407,100.575384
2683,ต้นนนทรีทรงปลูก,Thailand,Bangkok,Attraction,13.841488,100.575428
2684,ต้นนนทรีทรงปลูก,Thailand,Bangkok,Attraction,13.84156,100.575471
2685,ต้นนนทรีทรงปลูก,Thailand,Bangkok,Attraction,13.841628,100.575512
2686,,Thailand,Bangkok,Attraction,13.850133,100.566382
2687,,Thailand,Bangkok,Attraction,13.848274,100.566515
2688,,Thailand,Bangkok,Attraction,13.683076,100.547296
2689,พิพิธภัณฑ์ร่างกายมนุษย์,Thailand,Bangkok,Attraction,13.743541,100.534422
2690,พิพิธภัณฑ์แรงงานไทย,Thailand,Bangkok,Attraction,13.753037,100.549757
2691,พิพิธภัณฑ์ แบทแคท มิวเซียม แอนด์ ทอยส์,Thailand,Bangkok,Attraction,13.763881,100.645411
2692,บ้านพิพิธภัณฑ์,Thailand,Bangkok,Attraction,13.796878,100.391677
2693,พิพิธภัณฑ์ท้องถิ่นกรุงเทพมหานคร เขตสัมพันธวงศ์,Thailand,Bangkok,Attraction,13.736716,100.511098
2694,ลานพระจอม,Thailand,Bangkok,Attraction,13.651498,100.496192
2695,ซุ้มเฉลิมพระเกียรติกาญจนาภิเษก,Thailand,Bangkok,Attraction,13.75766,100.495009
2696,Monument,Thailand,Bangkok,Attraction,13.762785,100.536722
2697,Prince Mahidol Statue,Thailand,Bangkok,Attraction,13.766395,100.534234
2698,,Thailand,Bangkok,Attraction,13.766357,100.534461
2699,,Thailand,Bangkok,Attraction,13.766376,100.53442
2700,,Thailand,Bangkok,Attraction,13.76639,100.534474
2701,,Thailand,Bangkok,Attraction,13.766405,100.53443
2702,,Thailand,Bangkok,Attraction,13.766423,100.534486
2703,,Thailand,Bangkok,Attraction,13.766438,100.534453
2704,,Thailand,Bangkok,Attraction,13.766532,100.534076
2705,,Thailand,Bangkok,Attraction,13.766537,100.534061
2706,,Thailand,Bangkok,Attraction,13.766552,100.534092
2707,,Thailand,Bangkok,Attraction,13.766557,100.534078
2708,,Thailand,Bangkok,Attraction,13.766584,100.534115
2709,,Thailand,Bangkok,Attraction,13.766589,100.534101
2710,,Thailand,Bangkok,Attraction,13.765554,100.533798
2711,พิพิธภัณฑ์ธนาคารแห่งประเทศไทย,Thailand,Bangkok,Attraction,13.768284,100.499537
2712,WTF Gallery,Thailand,Bangkok,Attraction,13.726618,100.576186
2713,หอเกียรติภูมินายกรัฐมนตรีไทย,Thailand,Bangkok,Attraction,13.75579,100.5193
2714,พิพิธภัณฑสถานแห่งชาติศิลป์พีระศรี,Thailand,Bangkok,Attraction,13.752666,100.490898
2715,,Thailand,Bangkok,Attraction,13.753897,100.490414
2716,,Thailand,Bangkok,Attraction,13.754456,100.4901
2717,,Thailand,Bangkok,Attraction,13.754479,100.49001
2718,,Thailand,Bangkok,Attraction,13.754679,100.491108
2719,,Thailand,Bangkok,Attraction,13.754696,100.489899
2720,,Thailand,Bangkok,Attraction,13.754748,100.490364
2721,,Thailand,Bangkok,Attraction,13.755042,100.490178
2722,,Thailand,Bangkok,Attraction,13.755069,100.490295
2723,,Thailand,Bangkok,Attraction,13.755121,100.489874
2724,,Thailand,Bangkok,Attraction,13.754454,100.490314
2725,,Thailand,Bangkok,Attraction,13.75431,100.489255
2726,,Thailand,Bangkok,Attraction,13.756374,100.492193
2727,,Thailand,Bangkok,Attraction,13.756738,100.49229
2728,ต้นโพธิ์,Thailand,Bangkok,Attraction,13.756791,100.489549
2729,,Thailand,Bangkok,Attraction,13.757001,100.492307
2730,,Thailand,Bangkok,Attraction,13.757059,100.49209
2731,,Thailand,Bangkok,Attraction,13.757094,100.491999
2732,,Thailand,Bangkok,Attraction,13.757084,100.492176
2733,,Thailand,Bangkok,Attraction,13.757096,100.492707
2734,,Thailand,Bangkok,Attraction,13.757256,100.492397
2735,,Thailand,Bangkok,Attraction,13.757719,100.492557
2736,,Thailand,Bangkok,Attraction,13.757766,100.491908
2737,,Thailand,Bangkok,Attraction,13.757773,100.492883
2738,,Thailand,Bangkok,Attraction,13.757886,100.493074
2739,,Thailand,Bangkok,Attraction,13.757935,100.493281
2740,,Thailand,Bangkok,Attraction,13.757945,100.492919
2741,,Thailand,Bangkok,Attraction,13.75796,100.493432
2742,,Thailand,Bangkok,Attraction,13.75797,100.493549
2743,,Thailand,Bangkok,Attraction,13.757982,100.493687
2744,,Thailand,Bangkok,Attraction,13.758035,100.492621
2745,,Thailand,Bangkok,Attraction,13.758044,100.493494
2746,,Thailand,Bangkok,Attraction,13.758049,100.493375
2747,,Thailand,Bangkok,Attraction,13.758052,100.493231
2748,,Thailand,Bangkok,Attraction,13.758064,100.492983
2749,,Thailand,Bangkok,Attraction,13.758086,100.493618
2750,,Thailand,Bangkok,Attraction,13.758104,100.493115
2751,,Thailand,Bangkok,Attraction,13.758132,100.4925
2752,,Thailand,Bangkok,Attraction,13.758138,100.493456
2753,,Thailand,Bangkok,Attraction,13.758189,100.493012
2754,,Thailand,Bangkok,Attraction,13.758198,100.492429
2755,,Thailand,Bangkok,Attraction,13.758233,100.493122
2756,,Thailand,Bangkok,Attraction,13.758247,100.492707
2757,,Thailand,Bangkok,Attraction,13.758257,100.491757
2758,,Thailand,Bangkok,Attraction,13.758271,100.493468
2759,,Thailand,Bangkok,Attraction,13.758274,100.492339
2760,,Thailand,Bangkok,Attraction,13.7583,100.493041
2761,,Thailand,Bangkok,Attraction,13.758335,100.493155
2762,,Thailand,Bangkok,Attraction,13.758352,100.493291
2763,,Thailand,Bangkok,Attraction,13.758361,100.492237
2764,,Thailand,Bangkok,Attraction,13.758372,100.493415
2765,,Thailand,Bangkok,Attraction,13.758402,100.493101
2766,,Thailand,Bangkok,Attraction,13.758413,100.491679
2767,,Thailand,Bangkok,Attraction,13.758474,100.49331
2768,,Thailand,Bangkok,Attraction,13.758514,100.49312
2769,,Thailand,Bangkok,Attraction,13.758516,100.492762
2770,,Thailand,Bangkok,Attraction,13.758686,100.492729
2771,,Thailand,Bangkok,Attraction,13.758769,100.492713
2772,,Thailand,Bangkok,Attraction,13.758794,100.492878
2773,,Thailand,Bangkok,Attraction,13.758866,100.492794
2774,ท่าพระจันทร์,Thailand,Bangkok,Attraction,13.756429,100.489327
2775,,Thailand,Bangkok,Attraction,13.820128,100.566051
2776,,Thailand,Bangkok,Attraction,13.820186,100.566092
2777,,Thailand,Bangkok,Attraction,13.820344,100.564995
2778,,Thailand,Bangkok,Attraction,13.820348,100.566033
2779,,Thailand,Bangkok,Attraction,13.820633,100.565962
2780,,Thailand,Bangkok,Attraction,13.820711,100.566008
2781,,Thailand,Bangkok,Attraction,13.820724,100.566062
2782,,Thailand,Bangkok,Attraction,13.820749,100.56611
2783,,Thailand,Bangkok,Attraction,13.820783,100.566192
2784,,Thailand,Bangkok,Attraction,13.820784,100.565671
2785,,Thailand,Bangkok,Attraction,13.820824,100.564909
2786,,Thailand,Bangkok,Attraction,13.820913,100.565285
2787,,Thailand,Bangkok,Attraction,13.820958,100.565359
2788,,Thailand,Bangkok,Attraction,13.821037,100.566199
2789,พระพุทธศรีอริยเมตไตรย,Thailand,Bangkok,Attraction,13.767192,100.502982
2790,Sea Life Bangkok Ocean World,Thailand,Bangkok,Attraction,13.746975,100.535199
2791,Sampeng Lane Market,Thailand,Bangkok,Attraction,13.743818,100.502995
2792,Dolphin Show,Thailand,Bangkok,Attraction,13.868173,100.704912
2793,,Thailand,Bangkok,Attraction,13.650136,100.493672
2794,อนุสาวรีย์สมเด็จพระนางเจ้าสุนันทากุมารีรัตน์,Thailand,Bangkok,Attraction,13.748405,100.495341
2795,,Thailand,Bangkok,Attraction,13.650982,100.49464
2796,ยูโนะโมริ,Thailand,Bangkok,Attraction,13.719792,100.56676
2797,ศาลพ่อปู่ท้าวโคจร,Thailand,Bangkok,Attraction,13.711453,100.574858
2798,,Thailand,Bangkok,Attraction,13.765641,100.533902
2799,Thai Bamboo Tattoo,Thailand,Bangkok,Attraction,13.727486,100.499079
2800,Art in Paradise (Esplanade Mall),Thailand,Bangkok,Attraction,13.766182,100.569377
2801,สนามมวยเวทีสถานีโทรทัศน์สีกองทัพบกช่อง 7,Thailand,Bangkok,Attraction,13.803378,100.556966
2802,Khao San Road,Thailand,Bangkok,Attraction,13.758767,100.497579
2803,Phyathai Palace,Thailand,Bangkok,Attraction,13.767993,100.532942
2804,Airplane Graveyard,Thailand,Bangkok,Attraction,13.764958,100.652395
2805,Took Lae Dee,Thailand,Bangkok,Attraction,13.732592,100.560787
2806,อนุสาวรีย์ ดร.ไสว สุทธิพิทักษ์ และ อ.สนั่น เกตุทัต,Thailand,Bangkok,Attraction,13.871243,100.550063
2807,บ้านครูไก่,Thailand,Bangkok,Attraction,13.749444,100.402656
2808,บ้านครูไก่,Thailand,Bangkok,Attraction,13.749249,100.402639
2809,,Thailand,Bangkok,Attraction,13.763615,100.633418
2810,Gia,Thailand,Bangkok,Attraction,13.867431,100.704214
2811,UBER wasutha,Thailand,Bangkok,Attraction,13.742445,100.634495
2812,,Thailand,Bangkok,Attraction,13.719626,100.510716
2813,หอประวัติจุฬาลงกรณ์มหาวิทยาลัย,Thailand,Bangkok,Attraction,13.737033,100.531863
2814,,Thailand,Bangkok,Attraction,13.704045,100.503957
2815,,Thailand,Bangkok,Attraction,13.65704,100.384094
2816,เยาวราช,Thailand,Bangkok,Attraction,13.740018,100.510503
2817,,Thailand,Bangkok,Attraction,13.800896,100.550015
2818,,Thailand,Bangkok,Attraction,13.778991,100.573458
2819,,Thailand,Bangkok,Attraction,13.778968,100.573457
2820,,Thailand,Bangkok,Attraction,13.778944,100.573456
2821,,Thailand,Bangkok,Attraction,13.778913,100.573455
2822,,Thailand,Bangkok,Attraction,13.923491,100.625424
2823,,Thailand,Bangkok,Attraction,13.787384,100.574274
2824,,Thailand,Bangkok,Attraction,13.787465,100.57422
2825,,Thailand,Bangkok,Attraction,13.787327,100.574212
2826,,Thailand,Bangkok,Attraction,13.747342,100.52508
2827,,Thailand,Bangkok,Attraction,13.747704,100.525123
2828,,Thailand,Bangkok,Attraction,13.747634,100.525104
2829,,Thailand,Bangkok,Attraction,13.747583,100.525097
2830,,Thailand,Bangkok,Attraction,13.747525,100.525091
2831,,Thailand,Bangkok,Attraction,13.747462,100.525081
2832,,Thailand,Bangkok,Attraction,13.747407,100.525074
2833,,Thailand,Bangkok,Attraction,13.747303,100.525115
2834,,Thailand,Bangkok,Attraction,13.747267,100.525292
2835,,Thailand,Bangkok,Attraction,13.747244,100.525399
2836,,Thailand,Bangkok,Attraction,13.747201,100.525692
2837,,Thailand,Bangkok,Attraction,13.747156,100.525919
2838,,Thailand,Bangkok,Attraction,13.747271,100.525739
2839,,Thailand,Bangkok,Attraction,13.747389,100.525148
2840,,Thailand,Bangkok,Attraction,13.74738,100.525267
2841,,Thailand,Bangkok,Attraction,13.747347,100.525421
2842,,Thailand,Bangkok,Attraction,13.747478,100.525581
2843,,Thailand,Bangkok,Attraction,13.747367,100.52554
2844,,Thailand,Bangkok,Attraction,13.747124,100.526115
2845,,Thailand,Bangkok,Attraction,13.747086,100.52633
2846,,Thailand,Bangkok,Attraction,13.747069,100.526428
2847,,Thailand,Bangkok,Attraction,13.74705,100.526558
2848,,Thailand,Bangkok,Attraction,13.747013,100.526766
2849,,Thailand,Bangkok,Attraction,13.746727,100.528698
2850,พิพิธภัณฑ์เรือนคำเที่ยง,Thailand,Bangkok,Attraction,13.739153,100.56132
2851,,Thailand,Bangkok,Attraction,13.746831,100.511079
2852,ตึกเก่าบนถนนทรงวาด,Thailand,Bangkok,Attraction,13.738089,100.507611
2853,,Thailand,Bangkok,Attraction,13.912555,100.677809
2854,,Thailand,Bangkok,Attraction,13.912643,100.677873
2855,,Thailand,Bangkok,Attraction,13.912457,100.677897
2856,,Thailand,Bangkok,Attraction,13.912253,100.678127
2857,,Thailand,Bangkok,Attraction,13.912179,100.678324
2858,,Thailand,Bangkok,Attraction,13.912406,100.67854
2859,,Thailand,Bangkok,Attraction,13.912382,100.678475
2860,,Thailand,Bangkok,Attraction,13.912456,100.678522
2861,,Thailand,Bangkok,Attraction,13.912494,100.678489
2862,,Thailand,Bangkok,Attraction,13.912798,100.678159
2863,,Thailand,Bangkok,Attraction,13.912847,100.67806
2864,,Thailand,Bangkok,Attraction,13.912689,100.677801
2865,,Thailand,Bangkok,Attraction,13.912792,100.677911
2866,,Thailand,Bangkok,Attraction,13.912874,100.677987
2867,,Thailand,Bangkok,Attraction,13.858156,100.627371
2868,,Thailand,Bangkok,Attraction,13.705143,100.602501
2869,ตลาดน้ำขวัญเรียน,Thailand,Bangkok,Attraction,13.799373,100.709438
2870,ตลาดน้ำขวัญ-เรียม,Thailand,Bangkok,Attraction,13.800811,100.710075
2871,ทางเข้าหมู่บ้านริมสวนฟ้าใส,Thailand,Bangkok,Attraction,13.92351,100.585073
2872,,Thailand,Bangkok,Attraction,13.858743,100.627096
2873,,Thailand,Bangkok,Attraction,13.770822,100.656794
2874,,Thailand,Bangkok,Attraction,13.778268,100.57318
2875,,Thailand,Bangkok,Attraction,13.78541,100.577378
2876,,Thailand,Bangkok,Attraction,13.768168,100.658877
2877,,Thailand,Bangkok,Attraction,13.769413,100.66028
2878,ณ ลาดกระบัง,Thailand,Bangkok,Attraction,13.724141,100.789708
2879,,Thailand,Bangkok,Attraction,13.717259,100.804481
2880,,Thailand,Bangkok,Attraction,13.701007,100.490166
2881,,Thailand,Bangkok,Attraction,13.758379,100.495698
2882,,Thailand,Bangkok,Attraction,13.758314,100.495537
2883,,Thailand,Bangkok,Attraction,13.758267,100.495422
2884,,Thailand,Bangkok,Attraction,13.75822,100.495283
2885,,Thailand,Bangkok,Attraction,13.758403,100.495454
2886,,Thailand,Bangkok,Attraction,13.75769,100.495241
2887,,Thailand,Bangkok,Attraction,13.757674,100.494802
2888,,Thailand,Bangkok,Attraction,13.757704,100.494739
2889,,Thailand,Bangkok,Attraction,13.757751,100.49466
2890,,Thailand,Bangkok,Attraction,13.718502,100.546225
2891,,Thailand,Bangkok,Attraction,13.725481,100.543632
2892,,Thailand,Bangkok,Attraction,13.725489,100.543674
2893,,Thailand,Bangkok,Attraction,13.725441,100.543647
2894,,Thailand,Bangkok,Attraction,13.763042,100.537634
2895,,Thailand,Bangkok,Attraction,13.742387,100.5041
2896,,Thailand,Bangkok,Attraction,13.797809,100.548675
2897,,Thailand,Bangkok,Attraction,13.714749,100.593699
2898,,Thailand,Bangkok,Attraction,13.714777,100.593713
2899,,Thailand,Bangkok,Attraction,13.714778,100.593677
2900,,Thailand,Bangkok,Attraction,13.713789,100.593083
2901,,Thailand,Bangkok,Attraction,13.715266,100.593035
2902,,Thailand,Bangkok,Attraction,13.715299,100.592992
2903,,Thailand,Bangkok,Attraction,13.715334,100.592761
2904,,Thailand,Bangkok,Attraction,13.715148,100.593017
2905,,Thailand,Bangkok,Attraction,13.715055,100.593036
2906,,Thailand,Bangkok,Attraction,13.714839,100.593063
2907,,Thailand,Bangkok,Attraction,13.714787,100.593073
2908,,Thailand,Bangkok,Attraction,13.714651,100.593057
2909,,Thailand,Bangkok,Attraction,13.714405,100.592984
2910,,Thailand,Bangkok,Attraction,13.714478,100.593
2911,,Thailand,Bangkok,Attraction,13.714448,100.592895
2912,,Thailand,Bangkok,Attraction,13.71443,100.592782
2913,,Thailand,Bangkok,Attraction,13.714502,100.592748
2914,,Thailand,Bangkok,Attraction,13.714146,100.592977
2915,,Thailand,Bangkok,Attraction,13.714081,100.593056
2916,,Thailand,Bangkok,Attraction,13.714189,100.593901
2917,,Thailand,Bangkok,Attraction,13.714219,100.594431
2918,,Thailand,Bangkok,Attraction,13.715103,100.59389
2919,,Thailand,Bangkok,Attraction,13.715077,100.593999
2920,,Thailand,Bangkok,Attraction,13.714866,100.593764
2921,,Thailand,Bangkok,Attraction,13.714873,100.593745
2922,,Thailand,Bangkok,Attraction,13.714922,100.593722
2923,,Thailand,Bangkok,Attraction,13.715023,100.59389
2924,,Thailand,Bangkok,Attraction,13.71498,100.59392
2925,,Thailand,Bangkok,Attraction,13.714624,100.594306
2926,,Thailand,Bangkok,Attraction,13.71466,100.594156
2927,,Thailand,Bangkok,Attraction,13.714763,100.594081
2928,,Thailand,Bangkok,Attraction,13.714742,100.594132
2929,,Thailand,Bangkok,Attraction,13.714717,100.594178
2930,,Thailand,Bangkok,Attraction,13.714685,100.594221
2931,,Thailand,Bangkok,Attraction,13.714757,100.594213
2932,Main Strait,Singapore,Singapore,Attraction,1.155833,103.734167
2933,Bonsai Garden,Singapore,Singapore,Attraction,1.338296,103.73006
2934,Dalhousie Obelisk,Singapore,Singapore,Attraction,1.287448,103.852223
2935,Bukit Timah Hill,Singapore,Singapore,Attraction,1.35469,103.776372
2936,Seraya Valley,Singapore,Singapore,Attraction,1.358777,103.773592
2937,,Singapore,Singapore,Attraction,1.396593,103.832208
2938,Berlin Wall - old site,Singapore,Singapore,Attraction,1.339669,103.933688
2939,Sir Stamford Raffles Statue,Singapore,Singapore,Attraction,1.288133,103.851923
2940,Esplanade,Singapore,Singapore,Attraction,1.289846,103.85511
2941,Southernmost Point of Continental Asia,Singapore,Singapore,Attraction,1.248016,103.821316
2942,Shonan Chureito World War II Memorial,Singapore,Singapore,Attraction,1.350955,103.766712
2943,Lim Bo Seng Memorial,Singapore,Singapore,Attraction,1.288508,103.853083
2944,Sundial Garden,Singapore,Singapore,Attraction,1.309512,103.816313
2945,Hoya House,Singapore,Singapore,Attraction,1.309965,103.816253
2946,Ginger Garden,Singapore,Singapore,Attraction,1.310897,103.815074
2947,Bandstand,Singapore,Singapore,Attraction,1.310387,103.816354
2948,Herbs and Spices,Singapore,Singapore,Attraction,1.320316,103.815696
2949,Carmichael Road Playground,Singapore,Singapore,Attraction,1.342591,103.863006
2950,,Singapore,Singapore,Attraction,1.298746,103.762524
2951,Palm,Singapore,Singapore,Attraction,1.298722,103.762461
2952,,Singapore,Singapore,Attraction,1.298739,103.762505
2953,,Singapore,Singapore,Attraction,1.298577,103.76193
2954,p 2 Circle,Singapore,Singapore,Attraction,1.29957,103.762064
2955,,Singapore,Singapore,Attraction,1.298565,103.762015
2956,,Singapore,Singapore,Attraction,1.259506,103.809484
2957,,Singapore,Singapore,Attraction,1.259611,103.80884
2958,,Singapore,Singapore,Attraction,1.259484,103.808802
2959,,Singapore,Singapore,Attraction,1.259308,103.809159
2960,,Singapore,Singapore,Attraction,1.259529,103.808897
2961,,Singapore,Singapore,Attraction,1.259584,103.808775
2962,,Singapore,Singapore,Attraction,1.258703,103.80954
2963,,Singapore,Singapore,Attraction,1.258613,103.809124
2964,,Singapore,Singapore,Attraction,1.258715,103.808413
2965,,Singapore,Singapore,Attraction,1.258445,103.808867
2966,,Singapore,Singapore,Attraction,1.258728,103.808436
2967,,Singapore,Singapore,Attraction,1.258688,103.808414
2968,,Singapore,Singapore,Attraction,1.258859,103.808138
2969,Scentopia,Singapore,Singapore,Attraction,1.254664,103.813653
2970,Tanjong Pasir,Singapore,Singapore,Attraction,1.409212,104.085403
2971,Sarimbun Landing Memorial,Singapore,Singapore,Attraction,1.43676,103.699149
2972,Sarimbun Landing Site,Singapore,Singapore,Attraction,1.437555,103.698185
2973,Police Heritage Centre,Singapore,Singapore,Attraction,1.324405,103.845492
2974,Gangsa Hill,Singapore,Singapore,Attraction,1.378698,103.779494
2975,,Singapore,Singapore,Attraction,1.381264,103.954799
2976,,Singapore,Singapore,Attraction,1.381296,103.954932
2977,,Singapore,Singapore,Attraction,1.283572,103.78184
2978,Dialogue in the Dark Singapore,Singapore,Singapore,Attraction,1.334191,103.777159
2979,Long Bar,Singapore,Singapore,Attraction,1.295131,103.853468
2980,,Singapore,Singapore,Attraction,1.265365,103.820985
2981,,Singapore,Singapore,Attraction,1.265324,103.820978
2982,,Singapore,Singapore,Attraction,1.26539,103.821434
2983,,Singapore,Singapore,Attraction,1.265395,103.821402
2984,,Singapore,Singapore,Attraction,1.265451,103.821441
2985,,Singapore,Singapore,Attraction,1.265395,103.821336
2986,,Singapore,Singapore,Attraction,1.265378,103.821124
2987,,Singapore,Singapore,Attraction,1.265362,103.821065
2988,,Singapore,Singapore,Attraction,1.265413,103.821584
2989,,Singapore,Singapore,Attraction,1.265426,103.821286
2990,,Singapore,Singapore,Attraction,1.265456,103.821582
2991,Marsh Garden,Singapore,Singapore,Attraction,1.306808,103.817048
2992,Orchid Breeding and Micropropagation Lab,Singapore,Singapore,Attraction,1.308508,103.818131
2993,Vanda Miss Joaquim,Singapore,Singapore,Attraction,1.310611,103.816005
2994,Far Far Away,Singapore,Singapore,Attraction,1.254964,103.823623
2995,Hollywood,Singapore,Singapore,Attraction,1.25593,103.822074
2996,Madagascar,Singapore,Singapore,Attraction,1.255499,103.822841
2997,New York,Singapore,Singapore,Attraction,1.254564,103.821274
2998,Sci-Fi City,Singapore,Singapore,Attraction,1.253677,103.822
2999,Dragon's Teeth Gate,Singapore,Singapore,Attraction,1.262969,103.805346
3000,Granite Hill,Singapore,Singapore,Attraction,1.37878,103.783791
3001,Singapore Maritime Gallery,Singapore,Singapore,Attraction,1.270718,103.862987
3002,Twin Pagoda,Singapore,Singapore,Attraction,1.339698,103.728252
3003,Machine Gun Post,Singapore,Singapore,Attraction,1.262693,103.804981
3004,The Fourth Gun Position,Singapore,Singapore,Attraction,1.265221,103.803874
3005,Gun Emplacement IV,Singapore,Singapore,Attraction,1.265648,103.80345
3006,The Tunnel,Singapore,Singapore,Attraction,1.266746,103.802992
3007,Gun Emplacement III,Singapore,Singapore,Attraction,1.26644,103.802788
3008,,Singapore,Singapore,Attraction,1.305504,103.907921
3009,,Singapore,Singapore,Attraction,1.314874,103.964305
3010,Chinatown,Singapore,Singapore,Attraction,1.279969,103.843688
3011,,Singapore,Singapore,Attraction,1.430751,103.771341
3012,,Singapore,Singapore,Attraction,1.315384,103.796745
3013,,Singapore,Singapore,Attraction,1.315344,103.796816
3014,,Singapore,Singapore,Attraction,1.315301,103.796954
3015,,Singapore,Singapore,Attraction,1.315177,103.797728
3016,,Singapore,Singapore,Attraction,1.315251,103.797089
3017,,Singapore,Singapore,Attraction,1.315187,103.797173
3018,,Singapore,Singapore,Attraction,1.315069,103.797559
3019,,Singapore,Singapore,Attraction,1.315124,103.797343
3020,,Singapore,Singapore,Attraction,1.315061,103.797679
3021,,Singapore,Singapore,Attraction,1.354632,103.849502
3022,,Singapore,Singapore,Attraction,1.35449,103.849528
3023,,Singapore,Singapore,Attraction,1.354812,103.849755
3024,,Singapore,Singapore,Attraction,1.292602,103.854185
3025,,Singapore,Singapore,Attraction,1.292444,103.854577
3026,,Singapore,Singapore,Attraction,1.292456,103.854368
3027,,Singapore,Singapore,Attraction,1.292685,103.854411
3028,,Singapore,Singapore,Attraction,1.292073,103.854871
3029,,Singapore,Singapore,Attraction,1.292295,103.854549
3030,,Singapore,Singapore,Attraction,1.292189,103.854694
3031,,Singapore,Singapore,Attraction,1.290503,103.856195
3032,,Singapore,Singapore,Attraction,1.289985,103.856844
3033,,Singapore,Singapore,Attraction,1.290126,103.856614
3034,,Singapore,Singapore,Attraction,1.290062,103.856735
3035,,Singapore,Singapore,Attraction,1.290614,103.856072
3036,,Singapore,Singapore,Attraction,1.29073,103.855961
3037,,Singapore,Singapore,Attraction,1.290401,103.856333
3038,,Singapore,Singapore,Attraction,1.290253,103.856464
3039,Former Indian National Army Monument,Singapore,Singapore,Attraction,1.289416,103.853892
3040,,Singapore,Singapore,Attraction,1.287715,103.852857
3041,,Singapore,Singapore,Attraction,1.287854,103.852648
3042,,Singapore,Singapore,Attraction,1.287888,103.85257
3043,,Singapore,Singapore,Attraction,1.287892,103.852717
3044,,Singapore,Singapore,Attraction,1.287959,103.852547
3045,,Singapore,Singapore,Attraction,1.287967,103.852953
3046,,Singapore,Singapore,Attraction,1.287948,103.852721
3047,,Singapore,Singapore,Attraction,1.288006,103.85295
3048,,Singapore,Singapore,Attraction,1.287977,103.852767
3049,,Singapore,Singapore,Attraction,1.287938,103.852646
3050,,Singapore,Singapore,Attraction,1.287984,103.852586
3051,,Singapore,Singapore,Attraction,1.288127,103.852896
3052,,Singapore,Singapore,Attraction,1.288136,103.852815
3053,,Singapore,Singapore,Attraction,1.288142,103.85274
3054,,Singapore,Singapore,Attraction,1.288149,103.85265
3055,,Singapore,Singapore,Attraction,1.288174,103.853024
3056,,Singapore,Singapore,Attraction,1.288242,103.853136
3057,,Singapore,Singapore,Attraction,1.288245,103.853023
3058,,Singapore,Singapore,Attraction,1.288304,103.853024
3059,,Singapore,Singapore,Attraction,1.288327,103.853174
3060,,Singapore,Singapore,Attraction,1.288383,103.853156
3061,,Singapore,Singapore,Attraction,1.288394,103.853024
3062,,Singapore,Singapore,Attraction,1.288404,103.852804
3063,,Singapore,Singapore,Attraction,1.288484,103.852808
3064,,Singapore,Singapore,Attraction,1.28858,103.853325
3065,,Singapore,Singapore,Attraction,1.2886,103.852882
3066,,Singapore,Singapore,Attraction,1.288628,103.852948
3067,,Singapore,Singapore,Attraction,1.288877,103.85314
3068,,Singapore,Singapore,Attraction,1.288936,103.85354
3069,,Singapore,Singapore,Attraction,1.289047,103.853596
3070,,Singapore,Singapore,Attraction,1.289134,103.853791
3071,,Singapore,Singapore,Attraction,1.289187,103.853817
3072,,Singapore,Singapore,Attraction,1.289257,103.853638
3073,,Singapore,Singapore,Attraction,1.289262,103.853859
3074,,Singapore,Singapore,Attraction,1.289305,103.853667
3075,,Singapore,Singapore,Attraction,1.289641,103.854053
3076,,Singapore,Singapore,Attraction,1.289656,103.853651
3077,,Singapore,Singapore,Attraction,1.289672,103.853931
3078,,Singapore,Singapore,Attraction,1.289722,103.853564
3079,,Singapore,Singapore,Attraction,1.28979,103.853967
3080,,Singapore,Singapore,Attraction,1.28979,103.854108
3081,,Singapore,Singapore,Attraction,1.289795,103.854205
3082,,Singapore,Singapore,Attraction,1.289836,103.853992
3083,,Singapore,Singapore,Attraction,1.28985,103.854215
3084,,Singapore,Singapore,Attraction,1.289891,103.854158
3085,,Singapore,Singapore,Attraction,1.289937,103.854235
3086,,Singapore,Singapore,Attraction,1.289955,103.854051
3087,,Singapore,Singapore,Attraction,1.289991,103.854195
3088,,Singapore,Singapore,Attraction,1.290005,103.854247
3089,,Singapore,Singapore,Attraction,1.290061,103.854254
3090,,Singapore,Singapore,Attraction,1.290065,103.854092
3091,,Singapore,Singapore,Attraction,1.290162,103.854265
3092,,Singapore,Singapore,Attraction,1.2902,103.854125
3093,,Singapore,Singapore,Attraction,1.290213,103.854287
3094,,Singapore,Singapore,Attraction,1.290303,103.854094
3095,,Singapore,Singapore,Attraction,1.290391,103.854131
3096,,Singapore,Singapore,Attraction,1.290518,103.854233
3097,,Singapore,Singapore,Attraction,1.290564,103.853819
3098,,Singapore,Singapore,Attraction,1.2907,103.853876
3099,,Singapore,Singapore,Attraction,1.290817,103.854163
3100,,Singapore,Singapore,Attraction,1.290867,103.854258
3101,,Singapore,Singapore,Attraction,1.290907,103.854129
3102,,Singapore,Singapore,Attraction,1.290982,103.854146
3103,,Singapore,Singapore,Attraction,1.291067,103.854507
3104,,Singapore,Singapore,Attraction,1.291119,103.854397
3105,,Singapore,Singapore,Attraction,1.291182,103.854635
3106,,Singapore,Singapore,Attraction,1.291397,103.854726
3107,,Singapore,Singapore,Attraction,1.291501,103.854583
3108,,Singapore,Singapore,Attraction,1.291507,103.854446
3109,,Singapore,Singapore,Attraction,1.291526,103.854388
3110,,Singapore,Singapore,Attraction,1.291574,103.854471
3111,,Singapore,Singapore,Attraction,1.288832,103.857399
3112,,Singapore,Singapore,Attraction,1.288839,103.857275
3113,,Singapore,Singapore,Attraction,1.288859,103.857377
3114,,Singapore,Singapore,Attraction,1.288862,103.857438
3115,,Singapore,Singapore,Attraction,1.288871,103.856846
3116,,Singapore,Singapore,Attraction,1.288872,103.8573
3117,,Singapore,Singapore,Attraction,1.288873,103.8572
3118,,Singapore,Singapore,Attraction,1.288876,103.857252
3119,,Singapore,Singapore,Attraction,1.288878,103.85714
3120,,Singapore,Singapore,Attraction,1.288879,103.856471
3121,,Singapore,Singapore,Attraction,1.288881,103.856609
3122,,Singapore,Singapore,Attraction,1.288882,103.856737
3123,,Singapore,Singapore,Attraction,1.288893,103.856923
3124,,Singapore,Singapore,Attraction,1.288896,103.856767
3125,,Singapore,Singapore,Attraction,1.288898,103.856369
3126,,Singapore,Singapore,Attraction,1.288901,103.856311
3127,,Singapore,Singapore,Attraction,1.288906,103.856712
3128,,Singapore,Singapore,Attraction,1.288908,103.856405
3129,,Singapore,Singapore,Attraction,1.288909,103.856557
3130,,Singapore,Singapore,Attraction,1.288909,103.856662
3131,,Singapore,Singapore,Attraction,1.288914,103.856508
3132,,Singapore,Singapore,Attraction,1.288916,103.856446
3133,,Singapore,Singapore,Attraction,1.288917,103.856368
3134,,Singapore,Singapore,Attraction,1.288921,103.856311
3135,,Singapore,Singapore,Attraction,1.288926,103.856341
3136,,Singapore,Singapore,Attraction,1.288927,103.855723
3137,,Singapore,Singapore,Attraction,1.288929,103.855559
3138,,Singapore,Singapore,Attraction,1.288932,103.855276
3139,,Singapore,Singapore,Attraction,1.288933,103.855348
3140,,Singapore,Singapore,Attraction,1.288938,103.855235
3141,,Singapore,Singapore,Attraction,1.288939,103.855507
3142,,Singapore,Singapore,Attraction,1.28894,103.855426
3143,,Singapore,Singapore,Attraction,1.28894,103.855613
3144,,Singapore,Singapore,Attraction,1.288942,103.854749
3145,,Singapore,Singapore,Attraction,1.288942,103.854638
3146,,Singapore,Singapore,Attraction,1.288946,103.854807
3147,,Singapore,Singapore,Attraction,1.288947,103.854919
3148,,Singapore,Singapore,Attraction,1.288952,103.855647
3149,,Singapore,Singapore,Attraction,1.288955,103.855178
3150,,Singapore,Singapore,Attraction,1.288955,103.854857
3151,,Singapore,Singapore,Attraction,1.288957,103.855019
3152,,Singapore,Singapore,Attraction,1.288957,103.855699
3153,,Singapore,Singapore,Attraction,1.28896,103.854693
3154,,Singapore,Singapore,Attraction,1.28896,103.855065
3155,,Singapore,Singapore,Attraction,1.288961,103.855108
3156,,Singapore,Singapore,Attraction,1.288964,103.855379
3157,,Singapore,Singapore,Attraction,1.288965,103.855321
3158,,Singapore,Singapore,Attraction,1.288966,103.855429
3159,,Singapore,Singapore,Attraction,1.28897,103.855268
3160,,Singapore,Singapore,Attraction,1.288977,103.855212
3161,,Singapore,Singapore,Attraction,1.288979,103.856767
3162,,Singapore,Singapore,Attraction,1.28899,103.85656
3163,,Singapore,Singapore,Attraction,1.288985,103.856658
3164,,Singapore,Singapore,Attraction,1.289035,103.854679
3165,,Singapore,Singapore,Attraction,1.289043,103.854768
3166,,Singapore,Singapore,Attraction,1.289048,103.854712
3167,,Singapore,Singapore,Attraction,1.289049,103.854631
3168,,Singapore,Singapore,Attraction,1.28906,103.85793
3169,,Singapore,Singapore,Attraction,1.289064,103.854802
3170,,Singapore,Singapore,Attraction,1.289073,103.854657
3171,,Singapore,Singapore,Attraction,1.289073,103.854746
3172,,Singapore,Singapore,Attraction,1.289078,103.854834
3173,,Singapore,Singapore,Attraction,1.289093,103.85471
3174,,Singapore,Singapore,Attraction,1.289095,103.854615
3175,,Singapore,Singapore,Attraction,1.289097,103.854776
3176,,Singapore,Singapore,Attraction,1.289105,103.854807
3177,,Singapore,Singapore,Attraction,1.289107,103.854728
3178,,Singapore,Singapore,Attraction,1.289109,103.85464
3179,,Singapore,Singapore,Attraction,1.289139,103.856254
3180,,Singapore,Singapore,Attraction,1.289122,103.854758
3181,,Singapore,Singapore,Attraction,1.289126,103.854671
3182,,Singapore,Singapore,Attraction,1.289127,103.856304
3183,,Singapore,Singapore,Attraction,1.289132,103.854783
3184,,Singapore,Singapore,Attraction,1.289136,103.855818
3185,,Singapore,Singapore,Attraction,1.289147,103.854627
3186,,Singapore,Singapore,Attraction,1.28915,103.854731
3187,,Singapore,Singapore,Attraction,1.289153,103.854657
3188,,Singapore,Singapore,Attraction,1.289198,103.85621
3189,,Singapore,Singapore,Attraction,1.289189,103.854755
3190,,Singapore,Singapore,Attraction,1.289191,103.856258
3191,,Singapore,Singapore,Attraction,1.289202,103.854649
3192,,Singapore,Singapore,Attraction,1.289203,103.855835
3193,,Singapore,Singapore,Attraction,1.289212,103.855882
3194,,Singapore,Singapore,Attraction,1.289218,103.854708
3195,,Singapore,Singapore,Attraction,1.289221,103.854741
3196,,Singapore,Singapore,Attraction,1.289252,103.854733
3197,,Singapore,Singapore,Attraction,1.289252,103.854703
3198,,Singapore,Singapore,Attraction,1.28928,103.854624
3199,,Singapore,Singapore,Attraction,1.289298,103.8547
3200,,Singapore,Singapore,Attraction,1.289307,103.854725
3201,,Singapore,Singapore,Attraction,1.28933,103.854705
3202,,Singapore,Singapore,Attraction,1.289332,103.854663
3203,,Singapore,Singapore,Attraction,1.289332,103.854592
3204,,Singapore,Singapore,Attraction,1.289334,103.854723
3205,,Singapore,Singapore,Attraction,1.289334,103.854622
3206,,Singapore,Singapore,Attraction,1.289367,103.854698
3207,,Singapore,Singapore,Attraction,1.289371,103.854728
3208,,Singapore,Singapore,Attraction,1.289372,103.854662
3209,,Singapore,Singapore,Attraction,1.289374,103.854594
3210,,Singapore,Singapore,Attraction,1.289376,103.854629
3211,Kartright Speedway,Singapore,Singapore,Attraction,1.328969,103.682334
3212,,Singapore,Singapore,Attraction,1.41732,103.792418
3213,,Singapore,Singapore,Attraction,1.417996,103.791616
3214,,Singapore,Singapore,Attraction,1.418103,103.791868
3215,,Singapore,Singapore,Attraction,1.417127,103.792442
3216,,Singapore,Singapore,Attraction,1.417878,103.791066
3217,,Singapore,Singapore,Attraction,1.417902,103.791431
3218,,Singapore,Singapore,Attraction,1.418095,103.79193
3219,,Singapore,Singapore,Attraction,1.417848,103.790975
3220,,Singapore,Singapore,Attraction,1.417475,103.79234
3221,,Singapore,Singapore,Attraction,1.418073,103.791817
3222,,Singapore,Singapore,Attraction,1.417274,103.792442
3223,,Singapore,Singapore,Attraction,1.417523,103.792324
3224,,Singapore,Singapore,Attraction,1.41795,103.791219
3225,,Singapore,Singapore,Attraction,1.417931,103.791168
3226,,Singapore,Singapore,Attraction,1.417599,103.792276
3227,,Singapore,Singapore,Attraction,1.417558,103.7923
3228,,Singapore,Singapore,Attraction,1.417904,103.791122
3229,,Singapore,Singapore,Attraction,1.417859,103.791026
3230,,Singapore,Singapore,Attraction,1.417776,103.790905
3231,,Singapore,Singapore,Attraction,1.417432,103.792372
3232,Monumen Selamat Datang,Indonesia,Central Jakarta,Attraction,-6.194979,106.823073
3233,,Indonesia,Central Jakarta,Attraction,-6.17096,106.864642
3234,,Indonesia,Central Jakarta,Attraction,-6.169871,106.863621
3235,,Indonesia,Central Jakarta,Attraction,-6.169992,106.863578
3236,,Indonesia,Central Jakarta,Attraction,-6.170266,106.862497
3237,,Indonesia,Central Jakarta,Attraction,-6.17033,106.862583
3238,,Indonesia,Central Jakarta,Attraction,-6.1704,106.862581
3239,,Indonesia,Central Jakarta,Attraction,-6.170448,106.862472
3240,,Indonesia,Central Jakarta,Attraction,-6.170478,106.862436
3241,,Indonesia,Central Jakarta,Attraction,-6.170483,106.861899
3242,,Indonesia,Central Jakarta,Attraction,-6.170354,106.862604
3243,,Indonesia,Central Jakarta,Attraction,-6.170494,106.862381
3244,,Indonesia,Central Jakarta,Attraction,-6.170473,106.862601
3245,,Indonesia,Central Jakarta,Attraction,-6.170489,106.862533
3246,,Indonesia,Central Jakarta,Attraction,-6.170525,106.861938
3247,,Indonesia,Central Jakarta,Attraction,-6.170528,106.861854
3248,,Indonesia,Central Jakarta,Attraction,-6.170528,106.862011
3249,,Indonesia,Central Jakarta,Attraction,-6.17056,106.862261
3250,,Indonesia,Central Jakarta,Attraction,-6.170568,106.86197
3251,,Indonesia,Central Jakarta,Attraction,-6.170574,106.862221
3252,,Indonesia,Central Jakarta,Attraction,-6.17058,106.86182
3253,,Indonesia,Central Jakarta,Attraction,-6.170547,106.862422
3254,,Indonesia,Central Jakarta,Attraction,-6.17049,106.862341
3255,,Indonesia,Central Jakarta,Attraction,-6.170595,106.862178
3256,,Indonesia,Central Jakarta,Attraction,-6.170594,106.862352
3257,,Indonesia,Central Jakarta,Attraction,-6.170611,106.862059
3258,,Indonesia,Central Jakarta,Attraction,-6.170622,106.861793
3259,,Indonesia,Central Jakarta,Attraction,-6.170633,106.862124
3260,,Indonesia,Central Jakarta,Attraction,-6.170645,106.862099
3261,,Indonesia,Central Jakarta,Attraction,-6.170677,106.861767
3262,,Indonesia,Central Jakarta,Attraction,-6.170688,106.86217
3263,,Indonesia,Central Jakarta,Attraction,-6.170706,106.862112
3264,,Indonesia,Central Jakarta,Attraction,-6.170715,106.861802
3265,,Indonesia,Central Jakarta,Attraction,-6.170729,106.861797
3266,,Indonesia,Central Jakarta,Attraction,-6.170777,106.862058
3267,,Indonesia,Central Jakarta,Attraction,-6.170795,106.861811
3268,,Indonesia,Central Jakarta,Attraction,-6.170836,106.862001
3269,,Indonesia,Central Jakarta,Attraction,-6.170848,106.861827
3270,,Indonesia,Central Jakarta,Attraction,-6.170862,106.862073
3271,,Indonesia,Central Jakarta,Attraction,-6.170888,106.861967
3272,,Indonesia,Central Jakarta,Attraction,-6.170892,106.86203
3273,,Indonesia,Central Jakarta,Attraction,-6.170902,106.865836
3274,,Indonesia,Central Jakarta,Attraction,-6.170925,106.865465
3275,,Indonesia,Central Jakarta,Attraction,-6.170951,106.865711
3276,,Indonesia,Central Jakarta,Attraction,-6.170978,106.865356
3277,,Indonesia,Central Jakarta,Attraction,-6.171008,106.865604
3278,,Indonesia,Central Jakarta,Attraction,-6.171029,106.865239
3279,,Indonesia,Central Jakarta,Attraction,-6.171051,106.865189
3280,,Indonesia,Central Jakarta,Attraction,-6.171076,106.865138
3281,,Indonesia,Central Jakarta,Attraction,-6.171081,106.865483
3282,,Indonesia,Central Jakarta,Attraction,-6.171201,106.865512
3283,,Indonesia,Central Jakarta,Attraction,-6.171259,106.865528
3284,,Indonesia,Central Jakarta,Attraction,-6.171366,106.86555
3285,,Indonesia,Central Jakarta,Attraction,-6.171428,106.865582
3286,,Indonesia,Central Jakarta,Attraction,-6.171481,106.865583
3287,,Indonesia,Central Jakarta,Attraction,-6.171511,106.865606
3288,,Indonesia,Central Jakarta,Attraction,-6.171561,106.865634
3289,,Indonesia,Central Jakarta,Attraction,-6.171614,106.865727
3290,,Indonesia,Central Jakarta,Attraction,-6.171632,106.865667
3291,,Indonesia,Central Jakarta,Attraction,-6.171952,106.865871
3292,,Indonesia,Central Jakarta,Attraction,-6.172,106.865928
3293,,Indonesia,Central Jakarta,Attraction,-6.172018,106.867152
3294,,Indonesia,Central Jakarta,Attraction,-6.17204,106.86706
3295,,Indonesia,Central Jakarta,Attraction,-6.172046,106.867301
3296,,Indonesia,Central Jakarta,Attraction,-6.172075,106.867166
3297,,Indonesia,Central Jakarta,Attraction,-6.172082,106.866984
3298,,Indonesia,Central Jakarta,Attraction,-6.172085,106.865908
3299,,Indonesia,Central Jakarta,Attraction,-6.172092,106.867323
3300,,Indonesia,Central Jakarta,Attraction,-6.172092,106.867057
3301,,Indonesia,Central Jakarta,Attraction,-6.172124,106.867161
3302,,Indonesia,Central Jakarta,Attraction,-6.172141,106.867017
3303,,Indonesia,Central Jakarta,Attraction,-6.172142,106.865972
3304,,Indonesia,Central Jakarta,Attraction,-6.172155,106.867219
3305,,Indonesia,Central Jakarta,Attraction,-6.172178,106.867093
3306,,Indonesia,Central Jakarta,Attraction,-6.172329,106.867304
3307,,Indonesia,Central Jakarta,Attraction,-6.172342,106.86744
3308,,Indonesia,Central Jakarta,Attraction,-6.172393,106.867335
3309,,Indonesia,Central Jakarta,Attraction,-6.172402,106.867453
3310,,Indonesia,Central Jakarta,Attraction,-6.172386,106.866106
3311,,Indonesia,Central Jakarta,Attraction,-6.17245,106.867465
3312,,Indonesia,Central Jakarta,Attraction,-6.172493,106.86749
3313,,Indonesia,Central Jakarta,Attraction,-6.172482,106.866126
3314,,Indonesia,Central Jakarta,Attraction,-6.172586,106.866177
3315,,Indonesia,Central Jakarta,Attraction,-6.17258,106.86715
3316,,Indonesia,Central Jakarta,Attraction,-6.172589,106.867415
3317,,Indonesia,Central Jakarta,Attraction,-6.172607,106.867167
3318,,Indonesia,Central Jakarta,Attraction,-6.175192,106.825102
3319,,Indonesia,Central Jakarta,Attraction,-6.175191,106.825286
3320,,Indonesia,Central Jakarta,Attraction,-6.175189,106.825218
3321,,Indonesia,Central Jakarta,Attraction,-6.175194,106.825443
3322,,Indonesia,Central Jakarta,Attraction,-6.175195,106.825359
3323,,Indonesia,Central Jakarta,Attraction,-6.175183,106.825157
3324,,Indonesia,Central Jakarta,Attraction,-6.175569,106.825466
3325,,Indonesia,Central Jakarta,Attraction,-6.175563,106.825092
3326,,Indonesia,Central Jakarta,Attraction,-6.175563,106.825292
3327,,Indonesia,Central Jakarta,Attraction,-6.175558,106.825213
3328,,Indonesia,Central Jakarta,Attraction,-6.175559,106.825142
3329,,Indonesia,Central Jakarta,Attraction,-6.175565,106.825368
3330,,Indonesia,Central Jakarta,Attraction,-6.175795,106.824041
3331,,Indonesia,Central Jakarta,Attraction,-6.175799,106.824253
3332,,Indonesia,Central Jakarta,Attraction,-6.175797,106.824139
3333,,Indonesia,Central Jakarta,Attraction,-6.175801,106.824351
3334,,Indonesia,Central Jakarta,Attraction,-6.175899,106.824039
3335,,Indonesia,Central Jakarta,Attraction,-6.175898,106.824137
3336,,Indonesia,Central Jakarta,Attraction,-6.175899,106.82425
3337,,Indonesia,Central Jakarta,Attraction,-6.175899,106.824349
3338,,Indonesia,Central Jakarta,Attraction,-6.175979,106.824038
3339,,Indonesia,Central Jakarta,Attraction,-6.175981,106.824135
3340,,Indonesia,Central Jakarta,Attraction,-6.175987,106.824247
3341,,Indonesia,Central Jakarta,Attraction,-6.17599,106.824347
3342,,Indonesia,Central Jakarta,Attraction,-6.176065,106.824036
3343,,Indonesia,Central Jakarta,Attraction,-6.176067,106.824245
3344,,Indonesia,Central Jakarta,Attraction,-6.176065,106.824134
3345,,Indonesia,Central Jakarta,Attraction,-6.176069,106.824345
3346,,Indonesia,Central Jakarta,Attraction,-6.176148,106.824034
3347,,Indonesia,Central Jakarta,Attraction,-6.17615,106.824132
3348,,Indonesia,Central Jakarta,Attraction,-6.176152,106.824243
3349,,Indonesia,Central Jakarta,Attraction,-6.176154,106.824344
3350,,Indonesia,Central Jakarta,Attraction,-6.173286,106.825997
3351,,Indonesia,Central Jakarta,Attraction,-6.173289,106.825879
3352,,Indonesia,Central Jakarta,Attraction,-6.17329,106.826056
3353,,Indonesia,Central Jakarta,Attraction,-6.173291,106.826178
3354,,Indonesia,Central Jakarta,Attraction,-6.173294,106.82623
3355,,Indonesia,Central Jakarta,Attraction,-6.173294,106.825799
3356,,Indonesia,Central Jakarta,Attraction,-6.173294,106.826598
3357,,Indonesia,Central Jakarta,Attraction,-6.173295,106.82655
3358,,Indonesia,Central Jakarta,Attraction,-6.173295,106.826784
3359,,Indonesia,Central Jakarta,Attraction,-6.173297,106.826113
3360,,Indonesia,Central Jakarta,Attraction,-6.173298,106.826645
3361,,Indonesia,Central Jakarta,Attraction,-6.173298,106.82672
3362,,Indonesia,Central Jakarta,Attraction,-6.173299,106.826359
3363,,Indonesia,Central Jakarta,Attraction,-6.173301,106.826294
3364,,Indonesia,Central Jakarta,Attraction,-6.173301,106.826485
3365,,Indonesia,Central Jakarta,Attraction,-6.173302,106.826432
3366,,Indonesia,Central Jakarta,Attraction,-6.173303,106.825944
3367,,Indonesia,Central Jakarta,Attraction,-6.17331,106.825758
3368,,Indonesia,Central Jakarta,Attraction,-6.173312,106.827856
3369,,Indonesia,Central Jakarta,Attraction,-6.173313,106.827626
3370,,Indonesia,Central Jakarta,Attraction,-6.173313,106.827753
3371,,Indonesia,Central Jakarta,Attraction,-6.173315,106.82767
3372,,Indonesia,Central Jakarta,Attraction,-6.173316,106.827815
3373,,Indonesia,Central Jakarta,Attraction,-6.173317,106.828233
3374,,Indonesia,Central Jakarta,Attraction,-6.173319,106.827983
3375,,Indonesia,Central Jakarta,Attraction,-6.17332,106.827922
3376,,Indonesia,Central Jakarta,Attraction,-6.173324,106.828174
3377,,Indonesia,Central Jakarta,Attraction,-6.173325,106.825706
3378,,Indonesia,Central Jakarta,Attraction,-6.173326,106.828052
3379,,Indonesia,Central Jakarta,Attraction,-6.173328,106.826245
3380,,Indonesia,Central Jakarta,Attraction,-6.173329,106.828118
3381,,Indonesia,Central Jakarta,Attraction,-6.17333,106.825876
3382,,Indonesia,Central Jakarta,Attraction,-6.173332,106.825831
3383,,Indonesia,Central Jakarta,Attraction,-6.173332,106.82605
3384,,Indonesia,Central Jakarta,Attraction,-6.173334,106.825989
3385,,Indonesia,Central Jakarta,Attraction,-6.173334,106.826115
3386,,Indonesia,Central Jakarta,Attraction,-6.173334,106.826534
3387,,Indonesia,Central Jakarta,Attraction,-6.173334,106.828294
3388,,Indonesia,Central Jakarta,Attraction,-6.173335,106.826306
3389,,Indonesia,Central Jakarta,Attraction,-6.173336,106.826376
3390,,Indonesia,Central Jakarta,Attraction,-6.173337,106.825919
3391,,Indonesia,Central Jakarta,Attraction,-6.173337,106.826651
3392,,Indonesia,Central Jakarta,Attraction,-6.17334,106.826474
3393,,Indonesia,Central Jakarta,Attraction,-6.173343,106.826589
3394,,Indonesia,Central Jakarta,Attraction,-6.173348,106.828344
3395,,Indonesia,Central Jakarta,Attraction,-6.173352,106.826161
3396,,Indonesia,Central Jakarta,Attraction,-6.173355,106.82772
3397,,Indonesia,Central Jakarta,Attraction,-6.173356,106.82566
3398,,Indonesia,Central Jakarta,Attraction,-6.173356,106.826766
3399,,Indonesia,Central Jakarta,Attraction,-6.173356,106.827772
3400,,Indonesia,Central Jakarta,Attraction,-6.173356,106.827853
3401,,Indonesia,Central Jakarta,Attraction,-6.173357,106.827606
3402,,Indonesia,Central Jakarta,Attraction,-6.173358,106.82815
3403,,Indonesia,Central Jakarta,Attraction,-6.173358,106.825743
3404,,Indonesia,Central Jakarta,Attraction,-6.173359,106.82766
3405,,Indonesia,Central Jakarta,Attraction,-6.173359,106.827953
3406,,Indonesia,Central Jakarta,Attraction,-6.173361,106.828077
3407,,Indonesia,Central Jakarta,Attraction,-6.173369,106.828207
3408,,Indonesia,Central Jakarta,Attraction,-6.173369,106.827899
3409,,Indonesia,Central Jakarta,Attraction,-6.173372,106.828024
3410,,Indonesia,Central Jakarta,Attraction,-6.173376,106.825631
3411,,Indonesia,Central Jakarta,Attraction,-6.17338,106.825688
3412,,Indonesia,Central Jakarta,Attraction,-6.173382,106.828264
3413,,Indonesia,Central Jakarta,Attraction,-6.173391,106.828323
3414,,Indonesia,Central Jakarta,Attraction,-6.173406,106.825668
3415,,Indonesia,Central Jakarta,Attraction,-6.173448,106.825588
3416,,Indonesia,Central Jakarta,Attraction,-6.173489,106.825623
3417,,Indonesia,Central Jakarta,Attraction,-6.173649,106.829018
3418,,Indonesia,Central Jakarta,Attraction,-6.173692,106.829092
3419,,Indonesia,Central Jakarta,Attraction,-6.173752,106.829083
3420,,Indonesia,Central Jakarta,Attraction,-6.173772,106.829171
3421,,Indonesia,Central Jakarta,Attraction,-6.173815,106.829131
3422,,Indonesia,Central Jakarta,Attraction,-6.17382,106.82921
3423,,Indonesia,Central Jakarta,Attraction,-6.173858,106.829162
3424,,Indonesia,Central Jakarta,Attraction,-6.173833,106.825196
3425,,Indonesia,Central Jakarta,Attraction,-6.173888,106.829234
3426,,Indonesia,Central Jakarta,Attraction,-6.173893,106.825254
3427,,Indonesia,Central Jakarta,Attraction,-6.173891,106.825111
3428,,Indonesia,Central Jakarta,Attraction,-6.173921,106.829187
3429,,Indonesia,Central Jakarta,Attraction,-6.173925,106.825152
3430,,Indonesia,Central Jakarta,Attraction,-6.173942,106.829263
3431,,Indonesia,Central Jakarta,Attraction,-6.17394,106.825054
3432,,Indonesia,Central Jakarta,Attraction,-6.173966,106.829206
3433,,Indonesia,Central Jakarta,Attraction,-6.173971,106.82513
3434,,Indonesia,Central Jakarta,Attraction,-6.174009,106.829271
3435,,Indonesia,Central Jakarta,Attraction,-6.174005,106.825048
3436,,Indonesia,Central Jakarta,Attraction,-6.174016,106.825105
3437,,Indonesia,Central Jakarta,Attraction,-6.17407,106.82505
3438,,Indonesia,Central Jakarta,Attraction,-6.174072,106.829262
3439,,Indonesia,Central Jakarta,Attraction,-6.174065,106.825098
3440,,Indonesia,Central Jakarta,Attraction,-6.174073,106.829217
3441,,Indonesia,Central Jakarta,Attraction,-6.174126,106.829266
3442,,Indonesia,Central Jakarta,Attraction,-6.174129,106.82509
3443,,Indonesia,Central Jakarta,Attraction,-6.174135,106.825045
3444,,Indonesia,Central Jakarta,Attraction,-6.174151,106.829221
3445,,Indonesia,Central Jakarta,Attraction,-6.174179,106.825097
3446,,Indonesia,Central Jakarta,Attraction,-6.174196,106.825046
3447,,Indonesia,Central Jakarta,Attraction,-6.174199,106.829273
3448,,Indonesia,Central Jakarta,Attraction,-6.174224,106.829215
3449,,Indonesia,Central Jakarta,Attraction,-6.174261,106.825047
3450,,Indonesia,Central Jakarta,Attraction,-6.174257,106.825102
3451,,Indonesia,Central Jakarta,Attraction,-6.174259,106.829272
3452,,Indonesia,Central Jakarta,Attraction,-6.17428,106.829217
3453,,Indonesia,Central Jakarta,Attraction,-6.174314,106.825045
3454,,Indonesia,Central Jakarta,Attraction,-6.174316,106.825097
3455,,Indonesia,Central Jakarta,Attraction,-6.174315,106.829269
3456,,Indonesia,Central Jakarta,Attraction,-6.17433,106.829218
3457,,Indonesia,Central Jakarta,Attraction,-6.174379,106.825089
3458,,Indonesia,Central Jakarta,Attraction,-6.174374,106.829264
3459,,Indonesia,Central Jakarta,Attraction,-6.174386,106.825038
3460,,Indonesia,Central Jakarta,Attraction,-6.17443,106.829273
3461,,Indonesia,Central Jakarta,Attraction,-6.174441,106.825106
3462,,Indonesia,Central Jakarta,Attraction,-6.174445,106.82504
3463,,Indonesia,Central Jakarta,Attraction,-6.174454,106.829218
3464,,Indonesia,Central Jakarta,Attraction,-6.174499,106.825097
3465,,Indonesia,Central Jakarta,Attraction,-6.174507,106.825036
3466,,Indonesia,Central Jakarta,Attraction,-6.174515,106.829273
3467,,Indonesia,Central Jakarta,Attraction,-6.174634,106.825035
3468,,Indonesia,Central Jakarta,Attraction,-6.174546,106.829218
3469,,Indonesia,Central Jakarta,Attraction,-6.174571,106.825032
3470,,Indonesia,Central Jakarta,Attraction,-6.174583,106.829268
3471,,Indonesia,Central Jakarta,Attraction,-6.174596,106.829217
3472,,Indonesia,Central Jakarta,Attraction,-6.174628,106.825098
3473,,Indonesia,Central Jakarta,Attraction,-6.17463,106.829258
3474,,Indonesia,Central Jakarta,Attraction,-6.174653,106.829216
3475,,Indonesia,Central Jakarta,Attraction,-6.174701,106.825101
3476,,Indonesia,Central Jakarta,Attraction,-6.174702,106.825035
3477,,Indonesia,Central Jakarta,Attraction,-6.174706,106.829266
3478,,Indonesia,Central Jakarta,Attraction,-6.174734,106.82922
3479,,Indonesia,Central Jakarta,Attraction,-6.174761,106.825099
3480,,Indonesia,Central Jakarta,Attraction,-6.174771,106.829268
3481,,Indonesia,Central Jakarta,Attraction,-6.174788,106.829216
3482,,Indonesia,Central Jakarta,Attraction,-6.174821,106.825029
3483,,Indonesia,Central Jakarta,Attraction,-6.174823,106.825095
3484,,Indonesia,Central Jakarta,Attraction,-6.174832,106.829269
3485,,Indonesia,Central Jakarta,Attraction,-6.174874,106.82922
3486,,Indonesia,Central Jakarta,Attraction,-6.174875,106.825034
3487,,Indonesia,Central Jakarta,Attraction,-6.174901,106.829275
3488,,Indonesia,Central Jakarta,Attraction,-6.174955,106.825061
3489,,Indonesia,Central Jakarta,Attraction,-6.17494,106.82922
3490,,Indonesia,Central Jakarta,Attraction,-6.174951,106.829264
3491,,Indonesia,Central Jakarta,Attraction,-6.174945,106.825152
3492,,Indonesia,Central Jakarta,Attraction,-6.174997,106.829267
3493,,Indonesia,Central Jakarta,Attraction,-6.174999,106.829223
3494,,Indonesia,Central Jakarta,Attraction,-6.17504,106.829251
3495,,Indonesia,Central Jakarta,Attraction,-6.175793,106.825077
3496,,Indonesia,Central Jakarta,Attraction,-6.175843,106.825018
3497,,Indonesia,Central Jakarta,Attraction,-6.175843,106.829253
3498,,Indonesia,Central Jakarta,Attraction,-6.175855,106.82508
3499,,Indonesia,Central Jakarta,Attraction,-6.175855,106.829208
3500,,Indonesia,Central Jakarta,Attraction,-6.175908,106.825017
3501,,Indonesia,Central Jakarta,Attraction,-6.175901,106.82508
3502,,Indonesia,Central Jakarta,Attraction,-6.175904,106.829263
3503,,Indonesia,Central Jakarta,Attraction,-6.175904,106.8292
3504,,Indonesia,Central Jakarta,Attraction,-6.175961,106.82925
3505,,Indonesia,Central Jakarta,Attraction,-6.175981,106.825083
3506,,Indonesia,Central Jakarta,Attraction,-6.175966,106.829197
3507,,Indonesia,Central Jakarta,Attraction,-6.175983,106.82502
3508,,Indonesia,Central Jakarta,Attraction,-6.176036,106.825082
3509,,Indonesia,Central Jakarta,Attraction,-6.176037,106.825019
3510,,Indonesia,Central Jakarta,Attraction,-6.176028,106.829212
3511,,Indonesia,Central Jakarta,Attraction,-6.176102,106.825085
3512,,Indonesia,Central Jakarta,Attraction,-6.176105,106.825023
3513,,Indonesia,Central Jakarta,Attraction,-6.1761,106.829253
3514,,Indonesia,Central Jakarta,Attraction,-6.176104,106.829189
3515,,Indonesia,Central Jakarta,Attraction,-6.176153,106.829235
3516,,Indonesia,Central Jakarta,Attraction,-6.176225,106.825083
3517,,Indonesia,Central Jakarta,Attraction,-6.176221,106.829187
3518,,Indonesia,Central Jakarta,Attraction,-6.176222,106.829239
3519,,Indonesia,Central Jakarta,Attraction,-6.176225,106.825011
3520,,Indonesia,Central Jakarta,Attraction,-6.176285,106.829246
3521,,Indonesia,Central Jakarta,Attraction,-6.17629,106.825016
3522,,Indonesia,Central Jakarta,Attraction,-6.176343,106.829249
3523,,Indonesia,Central Jakarta,Attraction,-6.17629,106.825081
3524,,Indonesia,Central Jakarta,Attraction,-6.176279,106.829192
3525,,Indonesia,Central Jakarta,Attraction,-6.176361,106.825014
3526,,Indonesia,Central Jakarta,Attraction,-6.176349,106.829195
3527,,Indonesia,Central Jakarta,Attraction,-6.176408,106.829242
3528,,Indonesia,Central Jakarta,Attraction,-6.176425,106.825087
3529,,Indonesia,Central Jakarta,Attraction,-6.17642,106.825017
3530,,Indonesia,Central Jakarta,Attraction,-6.176464,106.829245
3531,,Indonesia,Central Jakarta,Attraction,-6.176495,106.825016
3532,도산 안창호 기념관,South Korea,Gangnam,Attraction,37.523918,127.035531
3533,코리아나 화장박물관,South Korea,Gangnam,Attraction,37.524043,127.032828
3534,관세박물관,South Korea,Gangnam,Attraction,37.518486,127.034567
3535,민폐류박물관,South Korea,Gangnam,Attraction,37.497279,127.043365
3536,한국자수박물관,South Korea,Gangnam,Attraction,37.515418,127.033223
3537,경기여고내경운박물관,South Korea,Gangnam,Attraction,37.487164,127.065421
3538,소품박물관,South Korea,Gangnam,Attraction,37.501519,127.058513
3539,골든사우나,South Korea,Gangnam,Attraction,37.519928,127.047107
3540,포스코건설주택문화전시관,South Korea,Gangnam,Attraction,37.525599,127.053201
3541,정릉 홍살문,South Korea,Gangnam,Attraction,37.507756,127.05328
3542,선릉 홍살문,South Korea,Gangnam,Attraction,37.507457,127.04664
3543,대모산,South Korea,Gangnam,Attraction,37.474821,127.079007
3544,,South Korea,Gangnam,Attraction,37.507146,127.049064
3545,Gangnam Tourist Information center,South Korea,Gangnam,Attraction,37.527122,127.02759
3546,Coex 신한카드 Artium,South Korea,Gangnam,Attraction,37.509934,127.061202
3547,한류스타거리,South Korea,Gangnam,Attraction,37.527786,127.041325
3548,,South Korea,Gangnam,Attraction,37.497457,127.051854
3549,만남의나무,South Korea,Gangnam,Attraction,37.521139,127.060127
3550,,South Korea,Gangnam,Attraction,37.518448,127.023302
3551,Upea arkkitehtuuria,South Korea,Gangnam,Attraction,37.506544,127.05506
3552,,South Korea,Gangnam,Attraction,37.514073,127.06061
3553,강남스타일 말춤 스테이지,South Korea,Gangnam,Attraction,37.49835,127.027821
3554,Around US ENTERTAINMENT,South Korea,Gangnam,Attraction,37.525537,127.050275
3555,대치동 보호수,South Korea,Gangnam,Attraction,37.500552,127.063058
3556,안창호 상,South Korea,Gangnam,Attraction,37.524521,127.035364
3557,기념비,South Korea,Gangnam,Attraction,37.524827,127.034684
3558,가로수길,South Korea,Gangnam,Attraction,37.521122,127.022879
3559,압구정 옛 터,South Korea,Gangnam,Attraction,37.531715,127.028824
3560,탄허대종사 기념박물관,South Korea,Gangnam,Attraction,37.478943,127.103021
3561,,South Korea,Gangnam,Attraction,37.525767,127.040374
3562,삼성역주차,South Korea,Gangnam,Attraction,37.510051,127.064206
3563,한국음반산업협회 한남대교 K-POP 체험관,South Korea,Gangnam,Attraction,37.524429,127.015962
3564,삼성동 토성,South Korea,Gangnam,Attraction,37.519741,127.062081
3565,Monument,South Korea,Gangnam,Attraction,37.520454,127.063015
3566,,South Korea,Gangnam,Attraction,37.507552,127.046024
3567,국수봉,South Korea,Gangnam,Attraction,37.468865,127.057553
3568,수도산,South Korea,Gangnam,Attraction,37.51646,127.05679
3569,,South Korea,Gangnam,Attraction,37.507198,127.048296
3570,,South Korea,Gangnam,Attraction,37.521334,127.034275
3571,,South Korea,Gangnam,Attraction,37.477941,127.097814
3572,,South Korea,Gangnam,Attraction,37.47551,127.085651
3573,,South Korea,Gangnam,Attraction,37.477767,127.100684
3574,,South Korea,Gangnam,Attraction,37.478947,127.087576
3575,,South Korea,Gangnam,Attraction,37.478033,127.097325
3576,,South Korea,Gangnam,Attraction,37.475814,127.086377
3577,,South Korea,Gangnam,Attraction,37.476494,127.087189
3578,,South Korea,Gangnam,Attraction,37.476038,127.103825
3579,,South Korea,Gangnam,Attraction,37.478177,127.098397
3580,,South Korea,Gangnam,Attraction,37.477524,127.09475
3581,,South Korea,Gangnam,Attraction,37.475546,127.086039
3582,,South Korea,Gangnam,Attraction,37.477793,127.098882
3583,,South Korea,Gangnam,Attraction,37.480471,127.113277
3584,,South Korea,Gangnam,Attraction,37.523045,127.039556
3585,,South Korea,Gangnam,Attraction,37.523056,127.039633
3586,,South Korea,Gangnam,Attraction,37.523095,127.039862
3587,,South Korea,Gangnam,Attraction,37.523104,127.039919
3588,,South Korea,Gangnam,Attraction,37.523124,127.040107
3589,,South Korea,Gangnam,Attraction,37.523132,127.040175
3590,,South Korea,Gangnam,Attraction,37.523141,127.040249
3591,,South Korea,Gangnam,Attraction,37.52316,127.040446
3592,,South Korea,Gangnam,Attraction,37.523166,127.040489
3593,,South Korea,Gangnam,Attraction,37.523186,127.040653
3594,,South Korea,Gangnam,Attraction,37.523201,127.040731
3595,,South Korea,Gangnam,Attraction,37.523207,127.040771
3596,,South Korea,Gangnam,Attraction,37.52322,127.040868
3597,,South Korea,Gangnam,Attraction,37.523237,127.041002
3598,,South Korea,Gangnam,Attraction,37.523251,127.041149
3599,,South Korea,Gangnam,Attraction,37.523258,127.041212
3600,,South Korea,Gangnam,Attraction,37.523292,127.041546
3601,,South Korea,Gangnam,Attraction,37.523308,127.041656
3602,,South Korea,Gangnam,Attraction,37.523319,127.041737
3603,,South Korea,Gangnam,Attraction,37.523337,127.041839
3604,,South Korea,Gangnam,Attraction,37.52335,127.041914
3605,,South Korea,Gangnam,Attraction,37.523364,127.042042
3606,,South Korea,Gangnam,Attraction,37.523375,127.042144
3607,,South Korea,Gangnam,Attraction,37.523386,127.042204
3608,,South Korea,Gangnam,Attraction,37.523399,127.04229
3609,,South Korea,Gangnam,Attraction,37.523416,127.042508
3610,,South Korea,Gangnam,Attraction,37.523418,127.042572
3611,,South Korea,Gangnam,Attraction,37.523434,127.042703
3612,,South Korea,Gangnam,Attraction,37.523454,127.042874
3613,,South Korea,Gangnam,Attraction,37.523463,127.042948
3614,,South Korea,Gangnam,Attraction,37.493568,127.078802
3615,,United States,Manhattan,Attraction,40.873022,-73.918459
3616,,United States,Manhattan,Attraction,40.816507,-73.946543
3617,,United States,Manhattan,Attraction,40.853823,-73.936363
3618,,United States,Manhattan,Attraction,40.857168,-73.927435
3619,,United States,Manhattan,Attraction,40.869001,-73.92032
3620,SoHo,United States,Manhattan,Attraction,40.72288,-73.99875
3621,Bow Notch,United States,Manhattan,Attraction,40.733473,-74.010718
3622,South Street Seaport,United States,Manhattan,Attraction,40.705751,-74.002906
3623,Fraunces Tavern Block Historic District,United States,Manhattan,Attraction,40.703436,-74.010973
3624,Stone Street Historic District,United States,Manhattan,Attraction,40.704269,-74.010417
3625,South Street Seaport Historic District,United States,Manhattan,Attraction,40.706511,-74.003373
3626,Trinity Chapel School,United States,Manhattan,Attraction,40.743435,-73.989584
3627,Croton Reservoir,United States,Manhattan,Attraction,40.753435,-73.982361
3628,Coogan's Bluff,United States,Manhattan,Attraction,40.832778,-73.939167
3629,Great Hill,United States,Manhattan,Attraction,40.796939,-73.958895
3630,Manhattan Church of the Nazarene,United States,Manhattan,Attraction,40.756334,-73.984662
3631,Carrere Memorial,United States,Manhattan,Attraction,40.797908,-73.974426
3632,Firemen's Memorial,United States,Manhattan,Attraction,40.79862,-73.973233
3633,Richard Morris Hunt,United States,Manhattan,Attraction,40.771456,-73.967988
3634,McNally Plaza,United States,Manhattan,Attraction,40.848048,-73.929761
3635,Inwood Hill,United States,Manhattan,Attraction,40.874167,-73.925833
3636,Long Hill,United States,Manhattan,Attraction,40.865,-73.931667
3637,Mount Morris,United States,Manhattan,Attraction,40.804172,-73.943614
3638,Audubon Terrace Historic District,United States,Manhattan,Attraction,40.833611,-73.946667
3639,Carnegie Hill Historic District,United States,Manhattan,Attraction,40.784722,-73.956111
3640,Charlton-King-Vandam Historic District,United States,Manhattan,Attraction,40.727222,-74.004722
3641,Chelsea Historic District,United States,Manhattan,Attraction,40.746389,-74.003333
3642,Gramercy Park Historic District,United States,Manhattan,Attraction,40.7375,-73.986667
3643,Hamilton Heights Historic District,United States,Manhattan,Attraction,40.823056,-73.946389
3644,Henderson Place Historic District,United States,Manhattan,Attraction,40.775278,-73.945
3645,Jumel Terrace Historic District,United States,Manhattan,Attraction,40.834722,-73.938889
3646,Ladies Mile Historic District,United States,Manhattan,Attraction,40.74,-73.9925
3647,Metropolitan Museum Historic District,United States,Manhattan,Attraction,40.778611,-73.961667
3648,Mount Morris Park Historic District,United States,Manhattan,Attraction,40.804722,-73.946667
3649,Riverside-West End Historic District,United States,Manhattan,Attraction,40.792222,-73.976389
3650,Riverside-West 105th Street Historic District,United States,Manhattan,Attraction,40.801111,-73.97
3651,Riverside Drive-West 80th Street Historic District,United States,Manhattan,Attraction,40.785278,-73.981389
3652,Saint Mark's Historic District,United States,Manhattan,Attraction,40.73,-73.988611
3653,"Saint Nicholas ""Striver's Row"" Historic District - 138th",United States,Manhattan,Attraction,40.817938,-73.943866
3654,SoHo Cast Iron Historic District,United States,Manhattan,Attraction,40.723056,-74.001111
3655,Sniffen Court Historic District,United States,Manhattan,Attraction,40.746944,-73.978333
3656,Tudor City Historic District,United States,Manhattan,Attraction,40.749029,-73.970521
3657,Turtle Bay Gardens Historic District,United States,Manhattan,Attraction,40.754167,-73.970278
3658,Upper East Side Historic District,United States,Manhattan,Attraction,40.769167,-73.965556
3659,West 71st Street Historic District,United States,Manhattan,Attraction,40.779444,-73.986111
3660,West End-Collegiate Historic District,United States,Manhattan,Attraction,40.782778,-73.983611
3661,Le Gendarme,United States,Manhattan,Attraction,40.734238,-74.008308
3662,Stonewall Inn,United States,Manhattan,Attraction,40.733816,-74.002161
3663,Fraunces Tavern Museum,United States,Manhattan,Attraction,40.703387,-74.011354
3664,Beacon Theater,United States,Manhattan,Attraction,40.78049,-73.981131
3665,Ninth Precinct Station House,United States,Manhattan,Attraction,40.734262,-74.008308
3666,National Museum of the American Indian,United States,Manhattan,Attraction,40.704027,-74.013747
3667,Yeshiva University Museum,United States,Manhattan,Attraction,40.737978,-73.993831
3668,Museum of African Art,United States,Manhattan,Attraction,40.725,-73.997778
3669,Lower East Side Tenement Museum,United States,Manhattan,Attraction,40.718784,-73.990027
3670,Hallets Cove,United States,Manhattan,Attraction,40.770935,-73.936249
3671,Pot Cove,United States,Manhattan,Attraction,40.777324,-73.929582
3672,South Cove,United States,Manhattan,Attraction,40.707495,-74.018846
3673,George Washington,United States,Manhattan,Attraction,40.735376,-73.990695
3674,Mohandas Gandhi,United States,Manhattan,Attraction,40.735551,-73.991325
3675,,United States,Manhattan,Attraction,40.835274,-73.943873
3676,The Sphere,United States,Manhattan,Attraction,40.710497,-74.013889
3677,Hans Christian Andersen,United States,Manhattan,Attraction,40.77125,-73.966391
3678,Burnett Memorial Fountain,United States,Manhattan,Attraction,40.793158,-73.95276
3679,Amiable Child Memorial,United States,Manhattan,Attraction,40.814808,-73.963169
3680,,United States,Manhattan,Attraction,40.850209,-73.926869
3681,Manhattan High Point,United States,Manhattan,Attraction,40.852982,-73.938224
3682,Netherland Monument,United States,Manhattan,Attraction,40.704408,-74.014598
3683,,United States,Manhattan,Attraction,40.718663,-74.016683
3684,,United States,Manhattan,Attraction,40.855101,-73.931839
3685,,United States,Manhattan,Attraction,40.855837,-73.932393
3686,,United States,Manhattan,Attraction,40.855941,-73.932346
3687,,United States,Manhattan,Attraction,40.855899,-73.932682
3688,,United States,Manhattan,Attraction,40.855505,-73.932561
3689,,United States,Manhattan,Attraction,40.855941,-73.932548
3690,,United States,Manhattan,Attraction,40.855028,-73.931949
3691,,United States,Manhattan,Attraction,40.855796,-73.931833
3692,,United States,Manhattan,Attraction,40.855746,-73.931826
3693,Gertie A. Gorman Memorial,United States,Manhattan,Attraction,40.855355,-73.932234
3694,,United States,Manhattan,Attraction,40.854387,-73.931751
3695,,United States,Manhattan,Attraction,40.853994,-73.932035
3696,,United States,Manhattan,Attraction,40.854509,-73.931648
3697,,United States,Manhattan,Attraction,40.854729,-73.931511
3698,,United States,Manhattan,Attraction,40.85461,-73.931583
3699,,United States,Manhattan,Attraction,40.85509,-73.933321
3700,,United States,Manhattan,Attraction,40.854985,-73.933327
3701,,United States,Manhattan,Attraction,40.855155,-73.933301
3702,,United States,Manhattan,Attraction,40.855229,-73.930932
3703,,United States,Manhattan,Attraction,40.85416,-73.933471
3704,,United States,Manhattan,Attraction,40.85488,-73.933354
3705,,United States,Manhattan,Attraction,40.854119,-73.93337
3706,,United States,Manhattan,Attraction,40.854022,-73.93312
3707,,United States,Manhattan,Attraction,40.853917,-73.932102
3708,,United States,Manhattan,Attraction,40.866349,-73.931015
3709,,United States,Manhattan,Attraction,40.866412,-73.931406
3710,,United States,Manhattan,Attraction,40.86631,-73.931499
3711,,United States,Manhattan,Attraction,40.86624,-73.930839
3712,,United States,Manhattan,Attraction,40.866204,-73.931732
3713,,United States,Manhattan,Attraction,40.865731,-73.930247
3714,,United States,Manhattan,Attraction,40.86442,-73.931586
3715,,United States,Manhattan,Attraction,40.86623,-73.931178
3716,,United States,Manhattan,Attraction,40.866222,-73.931165
3717,,United States,Manhattan,Attraction,40.86447,-73.931472
3718,,United States,Manhattan,Attraction,40.865296,-73.930905
3719,,United States,Manhattan,Attraction,40.865694,-73.930727
3720,,United States,Manhattan,Attraction,40.864237,-73.931861
3721,,United States,Manhattan,Attraction,40.862894,-73.933686
3722,,United States,Manhattan,Attraction,40.863544,-73.932861
3723,,United States,Manhattan,Attraction,40.863606,-73.932894
3724,,United States,Manhattan,Attraction,40.861411,-73.934399
3725,,United States,Manhattan,Attraction,40.86292,-73.933644
3726,,United States,Manhattan,Attraction,40.862585,-73.933048
3727,,United States,Manhattan,Attraction,40.862512,-73.933075
3728,,United States,Manhattan,Attraction,40.86245,-73.93308
3729,,United States,Manhattan,Attraction,40.862406,-73.933147
3730,,United States,Manhattan,Attraction,40.861458,-73.934337
3731,,United States,Manhattan,Attraction,40.863745,-73.933182
3732,,United States,Manhattan,Attraction,40.863424,-73.932791
3733,,United States,Manhattan,Attraction,40.862409,-73.933196
3734,,United States,Manhattan,Attraction,40.86268,-73.932989
3735,,United States,Manhattan,Attraction,40.862685,-73.933111
3736,,United States,Manhattan,Attraction,40.862617,-73.933187
3737,,United States,Manhattan,Attraction,40.862663,-73.933214
3738,,United States,Manhattan,Attraction,40.862188,-73.933522
3739,Site of Fort Tryon,United States,Manhattan,Attraction,40.861879,-73.932741
3740,,United States,Manhattan,Attraction,40.862266,-73.933003
3741,,United States,Manhattan,Attraction,40.860144,-73.933484
3742,David Rockefeller Plaque,United States,Manhattan,Attraction,40.861501,-73.933543
3743,,United States,Manhattan,Attraction,40.860748,-73.932983
3744,,United States,Manhattan,Attraction,40.861486,-73.933209
3745,Tortoise,United States,Manhattan,Attraction,40.767998,-73.972757
3746,Seal,United States,Manhattan,Attraction,40.768372,-73.971606
3747,Puffin,United States,Manhattan,Attraction,40.768196,-73.971334
3748,California Sea Lion,United States,Manhattan,Attraction,40.767819,-73.971759
3749,Gentoo Penguin,United States,Manhattan,Attraction,40.76833,-73.971457
3750,Grizzly Bear,United States,Manhattan,Attraction,40.768426,-73.971921
3751,Snow Monkey,United States,Manhattan,Attraction,40.76818,-73.972311
3752,Red Panda,United States,Manhattan,Attraction,40.768291,-73.972785
3753,Snow Leopard,United States,Manhattan,Attraction,40.768668,-73.97241
3754,New York Vietnam Veterans Memorial,United States,Manhattan,Attraction,40.702664,-74.009805
3755,,United States,Manhattan,Attraction,40.765734,-73.947132
3756,,United States,Manhattan,Attraction,40.765579,-73.947285
3757,,United States,Manhattan,Attraction,40.765592,-73.947398
3758,,United States,Manhattan,Attraction,40.765601,-73.94733
3759,,United States,Manhattan,Attraction,40.765737,-73.94721
3760,,United States,Manhattan,Attraction,40.765791,-73.947229
3761,,United States,Manhattan,Attraction,40.765706,-73.947158
3762,,United States,Manhattan,Attraction,40.765755,-73.94726
3763,,United States,Manhattan,Attraction,40.76576,-73.947183
3764,,United States,Manhattan,Attraction,40.765622,-73.947373
3765,,United States,Manhattan,Attraction,40.765573,-73.947356
3766,,United States,Manhattan,Attraction,40.765546,-73.947312
3767,General Worth Monument,United States,Manhattan,Attraction,40.742755,-73.988967
3768,Abraham Lincoln,United States,Manhattan,Attraction,40.736245,-73.990067
3769,Marquis de Lafayette,United States,Manhattan,Attraction,40.73569,-73.989989
3770,Antonín Dvořák,United States,Manhattan,Attraction,40.733864,-73.982945
3771,New York Life Insurance Company Memorial,United States,Manhattan,Attraction,40.742584,-73.986525
3772,Edwin Booth,United States,Manhattan,Attraction,40.737935,-73.985899
3773,Milan R. Stefanik,United States,Manhattan,Attraction,40.726546,-73.98299
3774,José Bonifácio de Andrada e Silva,United States,Manhattan,Attraction,40.753725,-73.984675
3775,Wendell L. Willkie,United States,Manhattan,Attraction,40.752781,-73.982936
3776,William Earl Dodge,United States,Manhattan,Attraction,40.75407,-73.983093
3777,Johann Wolfgang von Goethe,United States,Manhattan,Attraction,40.753219,-73.983731
3778,Gertrude Stein,United States,Manhattan,Attraction,40.753278,-73.983157
3779,Carl Schurz Memorial,United States,Manhattan,Attraction,40.805994,-73.959078
3780,Triumph of the Human Spirit,United States,Manhattan,Attraction,40.714438,-74.002888
3781,Dyckman Farmhouse Museum,United States,Manhattan,Attraction,40.867382,-73.922886
3782,Franz Sigel Memorial,United States,Manhattan,Attraction,40.802294,-73.970103
3783,Museum of American Finance,United States,Manhattan,Attraction,40.706371,-74.009196
3784,Nikola Tesla,United States,Manhattan,Attraction,40.743553,-73.990119
3785,Rubin Museum of Art,United States,Manhattan,Attraction,40.740096,-73.997738
3786,City Hall,United States,Manhattan,Attraction,40.712639,-74.006681
3787,General Grant National Memorial,United States,Manhattan,Attraction,40.81344,-73.963047
3788,,United States,Manhattan,Attraction,40.749922,-73.961105
3789,,United States,Manhattan,Attraction,40.749944,-73.961076
3790,,United States,Manhattan,Attraction,40.749967,-73.961046
3791,,United States,Manhattan,Attraction,40.749982,-73.961214
3792,,United States,Manhattan,Attraction,40.749993,-73.961013
3793,,United States,Manhattan,Attraction,40.75001,-73.961194
3794,,United States,Manhattan,Attraction,40.750015,-73.960985
3795,,United States,Manhattan,Attraction,40.750037,-73.961014
3796,,United States,Manhattan,Attraction,40.750041,-73.960952
3797,,United States,Manhattan,Attraction,40.750041,-73.961172
3798,,United States,Manhattan,Attraction,40.750056,-73.960991
3799,,United States,Manhattan,Attraction,40.750064,-73.960923
3800,,United States,Manhattan,Attraction,40.750074,-73.961093
3801,,United States,Manhattan,Attraction,40.750075,-73.961147
3802,,United States,Manhattan,Attraction,40.750082,-73.960961
3803,,United States,Manhattan,Attraction,40.750086,-73.960894
3804,,United States,Manhattan,Attraction,40.750101,-73.961128
3805,,United States,Manhattan,Attraction,40.750107,-73.960931
3806,,United States,Manhattan,Attraction,40.750111,-73.961065
3807,,United States,Manhattan,Attraction,40.750112,-73.96086
3808,,United States,Manhattan,Attraction,40.75013,-73.961107
3809,,United States,Manhattan,Attraction,40.750135,-73.960899
3810,,United States,Manhattan,Attraction,40.750139,-73.961043
3811,,United States,Manhattan,Attraction,40.750158,-73.961087
3812,,United States,Manhattan,Attraction,40.750165,-73.961023
3813,,United States,Manhattan,Attraction,40.750192,-73.961062
3814,,United States,Manhattan,Attraction,40.750194,-73.961001
3815,,United States,Manhattan,Attraction,40.750214,-73.960808
3816,,United States,Manhattan,Attraction,40.750216,-73.961044
3817,,United States,Manhattan,Attraction,40.750227,-73.960838
3818,,United States,Manhattan,Attraction,40.750244,-73.960769
3819,,United States,Manhattan,Attraction,40.750259,-73.960797
3820,,United States,Manhattan,Attraction,40.750263,-73.960915
3821,,United States,Manhattan,Attraction,40.750271,-73.960734
3822,,United States,Manhattan,Attraction,40.750274,-73.960951
3823,,United States,Manhattan,Attraction,40.750284,-73.960766
3824,,United States,Manhattan,Attraction,40.750302,-73.960888
3825,,United States,Manhattan,Attraction,40.750304,-73.96069
3826,,United States,Manhattan,Attraction,40.750313,-73.960729
3827,,United States,Manhattan,Attraction,40.750315,-73.960923
3828,,United States,Manhattan,Attraction,40.750335,-73.96065
3829,,United States,Manhattan,Attraction,40.750341,-73.960861
3830,,United States,Manhattan,Attraction,40.750344,-73.96069
3831,,United States,Manhattan,Attraction,40.750355,-73.960894
3832,,United States,Manhattan,Attraction,40.750363,-73.960614
3833,,United States,Manhattan,Attraction,40.750371,-73.960655
3834,,United States,Manhattan,Attraction,40.750377,-73.960835
3835,,United States,Manhattan,Attraction,40.750391,-73.960578
3836,,United States,Manhattan,Attraction,40.750392,-73.960868
3837,,United States,Manhattan,Attraction,40.750407,-73.960609
3838,,United States,Manhattan,Attraction,40.750419,-73.960806
3839,,United States,Manhattan,Attraction,40.750421,-73.960538
3840,,United States,Manhattan,Attraction,40.750427,-73.960844
3841,,United States,Manhattan,Attraction,40.750436,-73.960572
3842,,United States,Manhattan,Attraction,40.750451,-73.960499
3843,,United States,Manhattan,Attraction,40.750453,-73.960782
3844,,United States,Manhattan,Attraction,40.750461,-73.96082
3845,,United States,Manhattan,Attraction,40.750466,-73.960534
3846,,United States,Manhattan,Attraction,40.750483,-73.960458
3847,,United States,Manhattan,Attraction,40.750493,-73.960754
3848,,United States,Manhattan,Attraction,40.750493,-73.960499
3849,,United States,Manhattan,Attraction,40.7505,-73.960793
3850,,United States,Manhattan,Attraction,40.750512,-73.96042
3851,,United States,Manhattan,Attraction,40.750524,-73.96046
3852,,United States,Manhattan,Attraction,40.750526,-73.960732
3853,,United States,Manhattan,Attraction,40.750542,-73.96038
3854,,United States,Manhattan,Attraction,40.750544,-73.960762
3855,,United States,Manhattan,Attraction,40.750557,-73.960418
3856,,United States,Manhattan,Attraction,40.750567,-73.960703
3857,,United States,Manhattan,Attraction,40.75057,-73.960343
3858,,United States,Manhattan,Attraction,40.750578,-73.960738
3859,,United States,Manhattan,Attraction,40.750584,-73.960384
3860,,United States,Manhattan,Attraction,40.750602,-73.960302
3861,,United States,Manhattan,Attraction,40.750608,-73.960675
3862,,United States,Manhattan,Attraction,40.750616,-73.960712
3863,,United States,Manhattan,Attraction,40.750619,-73.96034
3864,,United States,Manhattan,Attraction,40.750633,-73.960262
3865,,United States,Manhattan,Attraction,40.750638,-73.960654
3866,,United States,Manhattan,Attraction,40.750648,-73.960303
3867,,United States,Manhattan,Attraction,40.750654,-73.960685
3868,,United States,Manhattan,Attraction,40.750661,-73.960226
3869,,United States,Manhattan,Attraction,40.750675,-73.960628
3870,,United States,Manhattan,Attraction,40.750676,-73.960268
3871,,United States,Manhattan,Attraction,40.750686,-73.960662
3872,,United States,Manhattan,Attraction,40.750689,-73.960189
3873,,United States,Manhattan,Attraction,40.750708,-73.960227
3874,,United States,Manhattan,Attraction,40.750712,-73.960602
3875,,United States,Manhattan,Attraction,40.750722,-73.960146
3876,,United States,Manhattan,Attraction,40.750724,-73.960636
3877,,United States,Manhattan,Attraction,40.750737,-73.96019
3878,,United States,Manhattan,Attraction,40.750747,-73.960577
3879,,United States,Manhattan,Attraction,40.75075,-73.960108
3880,,United States,Manhattan,Attraction,40.75076,-73.96061
3881,,United States,Manhattan,Attraction,40.750765,-73.960154
3882,,United States,Manhattan,Attraction,40.750778,-73.960072
3883,,United States,Manhattan,Attraction,40.750786,-73.96055
3884,,United States,Manhattan,Attraction,40.750794,-73.960117
3885,,United States,Manhattan,Attraction,40.750797,-73.960584
3886,,United States,Manhattan,Attraction,40.750815,-73.960024
3887,,United States,Manhattan,Attraction,40.750819,-73.960527
3888,,United States,Manhattan,Attraction,40.750827,-73.960076
3889,,United States,Manhattan,Attraction,40.750835,-73.960558
3890,,United States,Manhattan,Attraction,40.750842,-73.959988
3891,,United States,Manhattan,Attraction,40.750865,-73.960495
3892,,United States,Manhattan,Attraction,40.750865,-73.960027
3893,,United States,Manhattan,Attraction,40.750869,-73.959954
3894,,United States,Manhattan,Attraction,40.750872,-73.960532
3895,,United States,Manhattan,Attraction,40.750892,-73.959992
3896,,United States,Manhattan,Attraction,40.750903,-73.960469
3897,,United States,Manhattan,Attraction,40.750911,-73.960504
3898,,United States,Manhattan,Attraction,40.750937,-73.960445
3899,,United States,Manhattan,Attraction,40.75095,-73.960477
3900,,United States,Manhattan,Attraction,40.750976,-73.960417
3901,,United States,Manhattan,Attraction,40.750989,-73.96045
3902,,United States,Manhattan,Attraction,40.751008,-73.960396
3903,,United States,Manhattan,Attraction,40.751024,-73.960425
3904,,United States,Manhattan,Attraction,40.751046,-73.960369
3905,,United States,Manhattan,Attraction,40.751061,-73.960399
3906,,United States,Manhattan,Attraction,40.75108,-73.960345
3907,,United States,Manhattan,Attraction,40.7511,-73.960372
3908,,United States,Manhattan,Attraction,40.721136,-74.005076
3909,,United States,Manhattan,Attraction,40.721254,-74.005079
3910,,United States,Manhattan,Attraction,40.721402,-74.005098
3911,,United States,Manhattan,Attraction,40.721445,-74.005088
3912,,United States,Manhattan,Attraction,40.721561,-73.997488
3913,,United States,Manhattan,Attraction,40.721611,-73.997437
3914,,United States,Manhattan,Attraction,40.721769,-73.997386
3915,Mackenzie House,Canada,Downtown Toronto,Attraction,43.655712,-79.378262
3916,Don Alfonso 1890,Canada,Downtown Toronto,Attraction,43.65047,-79.376146
3917,,Canada,Downtown Toronto,Attraction,43.650904,-79.373917
3918,Gooderham Building,Canada,Downtown Toronto,Attraction,43.648356,-79.374266
3919,St. Lawrence Hall,Canada,Downtown Toronto,Attraction,43.650266,-79.372302
3920,,Canada,Downtown Toronto,Attraction,43.650143,-79.374196
3921,,Canada,Downtown Toronto,Attraction,43.650147,-79.373998
3922,,Canada,Downtown Toronto,Attraction,43.650383,-79.374434
3923,,Canada,Downtown Toronto,Attraction,43.65023,-79.377436
3924,,Canada,Downtown Toronto,Attraction,43.650266,-79.377537
3925,,Canada,Downtown Toronto,Attraction,43.650321,-79.377559
3926,,Canada,Downtown Toronto,Attraction,43.650343,-79.377479
3927,,Canada,Downtown Toronto,Attraction,43.650371,-79.377581
3928,,Canada,Downtown Toronto,Attraction,43.650389,-79.377499
3929,,Canada,Downtown Toronto,Attraction,43.650424,-79.377599
3930,,Canada,Downtown Toronto,Attraction,43.650436,-79.377515
3931,Little Canada,Canada,Downtown Toronto,Attraction,43.656712,-79.380906
3932,,Canada,Downtown Toronto,Attraction,43.654901,-79.377561
3933,,Canada,Downtown Toronto,Attraction,43.651953,-79.373081
3934,,Canada,Downtown Toronto,Attraction,43.647853,-79.375445
3935,,Canada,Downtown Toronto,Attraction,43.647733,-79.375553
3936,,Canada,Downtown Toronto,Attraction,43.647778,-79.375468
3937,,Canada,Downtown Toronto,Attraction,43.647824,-79.375364
3938,,Canada,Downtown Toronto,Attraction,43.64788,-79.37525
3939,,Canada,Downtown Toronto,Attraction,43.648091,-79.375027
3940,,Canada,Downtown Toronto,Attraction,43.647986,-79.375028
3941,,Canada,Downtown Toronto,Attraction,43.648041,-79.374911
3942,,Canada,Downtown Toronto,Attraction,43.648091,-79.374813
3943,,Canada,Downtown Toronto,Attraction,43.64813,-79.374726
3944,,Canada,Downtown Toronto,Attraction,43.660035,-79.382061
3945,,Canada,Downtown Toronto,Attraction,43.659939,-79.382014
3946,,Canada,Downtown Toronto,Attraction,43.659974,-79.38186
3947,,Canada,Downtown Toronto,Attraction,43.659954,-79.381949
3948,,Canada,Downtown Toronto,Attraction,43.660011,-79.381954
3949,,Canada,Downtown Toronto,Attraction,43.660055,-79.381991
3950,,Canada,Downtown Toronto,Attraction,43.660007,-79.382036
3951,,Canada,Downtown Toronto,Attraction,43.65997,-79.382063
3952,,Canada,Downtown Toronto,Attraction,43.659902,-79.382176
3953,,Canada,Downtown Toronto,Attraction,43.659895,-79.382237
3954,,Canada,Downtown Toronto,Attraction,43.659946,-79.382232
3955,,Canada,Downtown Toronto,Attraction,43.659916,-79.382279
3956,,Canada,Downtown Toronto,Attraction,43.660458,-79.382484
3957,,Canada,Downtown Toronto,Attraction,43.660527,-79.382483
3958,,Canada,Downtown Toronto,Attraction,43.660511,-79.382547
3959,,Canada,Downtown Toronto,Attraction,43.660556,-79.382561
3960,,Canada,Downtown Toronto,Attraction,43.660569,-79.382504
3961,,Canada,Downtown Toronto,Attraction,43.660622,-79.382315
3962,,Canada,Downtown Toronto,Attraction,43.660609,-79.382372
3963,,Canada,Downtown Toronto,Attraction,43.660602,-79.382424
3964,,Canada,Downtown Toronto,Attraction,43.649446,-79.373441
3965,,Canada,Downtown Toronto,Attraction,43.65046,-79.374471
3966,,Canada,Downtown Toronto,Attraction,43.650523,-79.374496
3967,,Canada,Downtown Toronto,Attraction,43.650594,-79.374529
3968,,Canada,Downtown Toronto,Attraction,43.650199,-79.373725
3969,,Canada,Downtown Toronto,Attraction,43.650275,-79.373566
3970,,Canada,Downtown Toronto,Attraction,43.650238,-79.373403
3971,,Canada,Downtown Toronto,Attraction,43.650647,-79.373585
3972,,Canada,Downtown Toronto,Attraction,43.650511,-79.373417
3973,,Canada,Downtown Toronto,Attraction,43.650513,-79.373673
3974,,Canada,Downtown Toronto,Attraction,43.650678,-79.373222
3975,,Canada,Downtown Toronto,Attraction,43.650719,-79.373344
3976,,Canada,Downtown Toronto,Attraction,43.650636,-79.373413
3977,,Canada,Downtown Toronto,Attraction,43.650581,-79.373278
3978,,Canada,Downtown Toronto,Attraction,43.650752,-79.373481
3979,,Canada,Downtown Toronto,Attraction,43.65086,-79.373534
3980,,Canada,Downtown Toronto,Attraction,43.650824,-79.373338
3981,,Canada,Downtown Toronto,Attraction,43.651136,-79.373681
3982,,Canada,Downtown Toronto,Attraction,43.650973,-79.373327
3983,,Canada,Downtown Toronto,Attraction,43.650651,-79.373064
3984,,Canada,Downtown Toronto,Attraction,43.650672,-79.372982
3985,,Canada,Downtown Toronto,Attraction,43.650428,-79.373226
3986,,Canada,Downtown Toronto,Attraction,43.650304,-79.373305
3987,,Canada,Downtown Toronto,Attraction,43.651283,-79.373749
3988,,Canada,Downtown Toronto,Attraction,43.651326,-79.373694
3989,,Canada,Downtown Toronto,Attraction,43.651078,-79.373554
3990,,Canada,Downtown Toronto,Attraction,43.650981,-79.373451
3991,,Canada,Downtown Toronto,Attraction,43.650792,-79.372728
3992,,Canada,Downtown Toronto,Attraction,43.6507,-79.372787
3993,,Canada,Downtown Toronto,Attraction,43.650622,-79.37258
3994,,Canada,Downtown Toronto,Attraction,43.650671,-79.372628
3995,,Canada,Downtown Toronto,Attraction,43.650738,-79.372546
3996,,Canada,Downtown Toronto,Attraction,43.650813,-79.372586
3997,,Canada,Downtown Toronto,Attraction,43.650876,-79.372847
3998,,Canada,Downtown Toronto,Attraction,43.650974,-79.372804
3999,,Canada,Downtown Toronto,Attraction,43.650939,-79.372742
4000,,Canada,Downtown Toronto,Attraction,43.650529,-79.372378
4001,,Canada,Downtown Toronto,Attraction,43.650575,-79.372498
4002,,Canada,Downtown Toronto,Attraction,43.650617,-79.372469
4003,,Canada,Downtown Toronto,Attraction,43.650574,-79.372412
4004,,Canada,Downtown Toronto,Attraction,43.650556,-79.372441
4005,“Deeds Speak” sculpture relief,Canada,Downtown Toronto,Attraction,43.652419,-79.376364
4006,Joseph Sheard Parkette,Canada,Downtown Toronto,Attraction,43.660239,-79.38173
4007,Cholera Epidemics of 1832 and 1834,Canada,Downtown Toronto,Attraction,43.650491,-79.372311
4008,Toronto Ambulance Service,Canada,Downtown Toronto,Attraction,43.650495,-79.375448
4009,International Union of Operating Engineers Local 793,Canada,Downtown Toronto,Attraction,43.654806,-79.376259
4010,,Canada,Downtown Toronto,Attraction,43.647605,-79.375708
4011,,Canada,Downtown Toronto,Attraction,43.647975,-79.374923
4012,,Canada,Downtown Toronto,Attraction,43.648124,-79.3746
4013,,Canada,Downtown Toronto,Attraction,43.648207,-79.374486
4014,,Canada,Downtown Toronto,Attraction,43.64828,-79.374743
4015,,Canada,Downtown Toronto,Attraction,43.648221,-79.374822
4016,,Canada,Downtown Toronto,Attraction,43.648167,-79.375044
4017,,Canada,Downtown Toronto,Attraction,43.648287,-79.374862
4018,,Canada,Downtown Toronto,Attraction,43.648268,-79.374951
4019,,Canada,Downtown Toronto,Attraction,43.648246,-79.375057
4020,,Canada,Downtown Toronto,Attraction,43.648227,-79.375139
4021,,Canada,Downtown Toronto,Attraction,43.647813,-79.375588
4022,,Canada,Downtown Toronto,Attraction,43.647808,-79.375749
4023,,Canada,Downtown Toronto,Attraction,43.647958,-79.375803
4024,,Canada,Downtown Toronto,Attraction,43.648036,-79.375832
4025,,Canada,Downtown Toronto,Attraction,43.648006,-79.3757
4026,,Canada,Downtown Toronto,Attraction,43.648058,-79.37538
4027,,Canada,Downtown Toronto,Attraction,43.648038,-79.375597
4028,,Canada,Downtown Toronto,Attraction,43.648124,-79.375615
4029,,Canada,Downtown Toronto,Attraction,43.648146,-79.375506
4030,,Canada,Downtown Toronto,Attraction,43.648171,-79.375393
4031,,Canada,Downtown Toronto,Attraction,43.648197,-79.375278
4032,Canada's Theatre Museum,Canada,Downtown Toronto,Attraction,43.653013,-79.379298
4033,,Canada,Downtown Toronto,Attraction,43.650216,-79.377504
4034,,Canada,Downtown Toronto,Attraction,43.650437,-79.375163
4035,,Canada,Downtown Toronto,Attraction,43.650558,-79.375205
4036,,Canada,Downtown Toronto,Attraction,43.650654,-79.375495
4037,,Canada,Downtown Toronto,Attraction,43.65062,-79.375661
4038,,Canada,Downtown Toronto,Attraction,43.650357,-79.375358
4039,,Canada,Downtown Toronto,Attraction,43.650329,-79.375495
4040,,Canada,Downtown Toronto,Attraction,43.650316,-79.375547
4041,,Canada,Downtown Toronto,Attraction,43.650355,-79.375506
4042,,Canada,Downtown Toronto,Attraction,43.650344,-79.375555
4043,,Canada,Downtown Toronto,Attraction,43.650429,-79.375626
4044,,Canada,Downtown Toronto,Attraction,43.650463,-79.375642
4045,,Canada,Downtown Toronto,Attraction,43.650544,-79.375587
4046,,Canada,Downtown Toronto,Attraction,43.650565,-79.375495
4047,,Canada,Downtown Toronto,Attraction,43.65058,-79.375432
4048,,Canada,Downtown Toronto,Attraction,43.650473,-79.375276
4049,,Canada,Downtown Toronto,Attraction,43.650419,-79.375252
4050,,Canada,Downtown Toronto,Attraction,43.650391,-79.375344
4051,,Canada,Downtown Toronto,Attraction,43.650376,-79.375413
4052,,Canada,Downtown Toronto,Attraction,43.649877,-79.377363
4053,,Canada,Downtown Toronto,Attraction,43.649907,-79.377377
4054,,Canada,Downtown Toronto,Attraction,43.649939,-79.377392
4055,,Canada,Downtown Toronto,Attraction,43.649909,-79.377571
4056,,Canada,Downtown Toronto,Attraction,43.649979,-79.377503
4057,,Canada,Downtown Toronto,Attraction,43.649959,-79.377596
4058,,Canada,Downtown Toronto,Attraction,43.650869,-79.372223
4059,,Canada,Downtown Toronto,Attraction,43.650963,-79.372236
4060,,Canada,Downtown Toronto,Attraction,43.651107,-79.37229
4061,,Canada,Downtown Toronto,Attraction,43.651254,-79.372376
4062,,Canada,Downtown Toronto,Attraction,43.650304,-79.372955
4063,,Canada,Downtown Toronto,Attraction,43.650334,-79.372803
4064,,Canada,Downtown Toronto,Attraction,43.65035,-79.372981
4065,,Canada,Downtown Toronto,Attraction,43.650557,-79.372758
4066,,Canada,Downtown Toronto,Attraction,43.65041,-79.372704
4067,,Canada,Downtown Toronto,Attraction,43.651347,-79.372519
4068,,Canada,Downtown Toronto,Attraction,43.651412,-79.373289
4069,,Canada,Downtown Toronto,Attraction,43.651097,-79.372934
4070,,Canada,Downtown Toronto,Attraction,43.651319,-79.372743
4071,,Canada,Downtown Toronto,Attraction,43.651494,-79.372759
4072,,Canada,Downtown Toronto,Attraction,43.651478,-79.372931
4073,,Canada,Downtown Toronto,Attraction,43.651382,-79.373022
4074,,Canada,Downtown Toronto,Attraction,43.651309,-79.372907
4075,,Canada,Downtown Toronto,Attraction,43.651229,-79.372981
4076,,Canada,Downtown Toronto,Attraction,43.651296,-79.373542
4077,,Canada,Downtown Toronto,Attraction,43.651317,-79.373262
4078,,Canada,Downtown Toronto,Attraction,43.651177,-79.373352
4079,,Canada,Downtown Toronto,Attraction,43.654569,-79.375461
4080,,Canada,Downtown Toronto,Attraction,43.654576,-79.37541
4081,,Canada,Downtown Toronto,Attraction,43.654542,-79.375369
4082,,Canada,Downtown Toronto,Attraction,43.654496,-79.375459
4083,,Canada,Downtown Toronto,Attraction,43.654454,-79.375467
4084,,Canada,Downtown Toronto,Attraction,43.654438,-79.375402
4085,,Canada,Downtown Toronto,Attraction,43.654465,-79.375282
4086,,Canada,Downtown Toronto,Attraction,43.654544,-79.375314
4087,,Canada,Downtown Toronto,Attraction,43.654587,-79.375587
4088,,Canada,Downtown Toronto,Attraction,43.654623,-79.375327
4089,,Canada,Downtown Toronto,Attraction,43.654528,-79.375564
4090,,Canada,Downtown Toronto,Attraction,43.654474,-79.375542
4091,,Canada,Downtown Toronto,Attraction,43.654412,-79.375518
4092,,Canada,Downtown Toronto,Attraction,43.65442,-79.375245
4093,,Canada,Downtown Toronto,Attraction,43.654408,-79.375324
4094,,Canada,Downtown Toronto,Attraction,43.654384,-79.375431
4095,,Canada,Downtown Toronto,Attraction,43.654356,-79.375493
4096,,Canada,Downtown Toronto,Attraction,43.650474,-79.37215
4097,,Canada,Downtown Toronto,Attraction,43.650443,-79.372295
4098,,Canada,Downtown Toronto,Attraction,43.650446,-79.372506
4099,,Canada,Downtown Toronto,Attraction,43.648805,-79.37336
4100,,Canada,Downtown Toronto,Attraction,43.64874,-79.373647
4101,,Canada,Downtown Toronto,Attraction,43.648756,-79.373575
4102,,Canada,Downtown Toronto,Attraction,43.64877,-79.373504
4103,,Canada,Downtown Toronto,Attraction,43.648884,-79.373868
4104,,Canada,Downtown Toronto,Attraction,43.648998,-79.373916
4105,,Canada,Downtown Toronto,Attraction,43.648939,-79.373893
4106,,Canada,Downtown Toronto,Attraction,43.649057,-79.373942
4107,,Canada,Downtown Toronto,Attraction,43.649173,-79.373991
4108,,Canada,Downtown Toronto,Attraction,43.650149,-79.372499
4109,,Canada,Downtown Toronto,Attraction,43.650098,-79.372477
4110,,Canada,Downtown Toronto,Attraction,43.650047,-79.372456
4111,,Canada,Downtown Toronto,Attraction,43.649959,-79.372421
4112,,Canada,Downtown Toronto,Attraction,43.649908,-79.372397
4113,,Canada,Downtown Toronto,Attraction,43.649861,-79.372378
4114,,Canada,Downtown Toronto,Attraction,43.649806,-79.372355
4115,,Canada,Downtown Toronto,Attraction,43.649755,-79.372334
4116,,Canada,Downtown Toronto,Attraction,43.649701,-79.372311
4117,,Canada,Downtown Toronto,Attraction,43.647921,-79.375789
4118,,Canada,Downtown Toronto,Attraction,43.648103,-79.375718
4119,,Canada,Downtown Toronto,Attraction,43.648251,-79.37471
4120,,Canada,Downtown Toronto,Attraction,43.65517,-79.374338
4121,Cooper and Gillespie Houses,Canada,Downtown Toronto,Attraction,43.65509,-79.375645
4122,,Canada,Downtown Toronto,Attraction,43.657363,-79.379548
4123,,Canada,Downtown Toronto,Attraction,43.657481,-79.379639
4124,,Canada,Downtown Toronto,Attraction,43.65748,-79.379516
4125,,Canada,Downtown Toronto,Attraction,43.657536,-79.379532
4126,,Canada,Downtown Toronto,Attraction,43.657651,-79.379891
4127,,Canada,Downtown Toronto,Attraction,43.65762,-79.379958
4128,,Canada,Downtown Toronto,Attraction,43.657358,-79.379469
4129,,Canada,Downtown Toronto,Attraction,43.658058,-79.378991
4130,,Canada,Downtown Toronto,Attraction,43.656342,-79.375603
4131,Monumento Alvaro Obregón,Mexico,Cuauhtémoc,Attraction,19.34718,-99.185922
4132,El Bazaar Sábado,Mexico,Cuauhtémoc,Attraction,19.344937,-99.192693
4133,Estatua del General Vicente Guerrero,Mexico,Cuauhtémoc,Attraction,19.379708,-99.177437
4134,Los Coyotes,Mexico,Cuauhtémoc,Attraction,19.346999,-99.180644
4135,Casa de Carranza,Mexico,Cuauhtémoc,Attraction,19.431237,-99.163462
4136,Yuhualixqui,Mexico,Cuauhtémoc,Attraction,19.316526,-99.052839
4137,Museo de las Intervenciones,Mexico,Cuauhtémoc,Attraction,19.354766,-99.148857
4138,Peñón de los baños,Mexico,Cuauhtémoc,Attraction,19.441046,-99.082743
4139,Casa Frisac,Mexico,Cuauhtémoc,Attraction,19.289185,-99.167858
4140,Museo de Historia de Tlalpan,Mexico,Cuauhtémoc,Attraction,19.287852,-99.166746
4141,Museo Soumaya Plaza Loreto,Mexico,Cuauhtémoc,Attraction,19.339313,-99.192505
4142,Museo de Artes Gráficas,Mexico,Cuauhtémoc,Attraction,19.456395,-99.17564
4143,,Mexico,Cuauhtémoc,Attraction,19.371818,-99.183984
4144,C47 - El Mexicano,Mexico,Cuauhtémoc,Attraction,19.423332,-99.074524
4145,,Mexico,Cuauhtémoc,Attraction,19.370542,-99.181168
4146,,Mexico,Cuauhtémoc,Attraction,19.411439,-99.202615
4147,Museo Diego Rivera Anahuacalli,Mexico,Cuauhtémoc,Attraction,19.322579,-99.144077
4148,Museo Histórico Naval de la Ciudad de México,Mexico,Cuauhtémoc,Attraction,19.435753,-99.140264
4149,Museo del Telégrafo,Mexico,Cuauhtémoc,Attraction,19.436176,-99.139044
4150,"Museo Histórico Judío y del Holocausto ""Tuvie Maizel""",Mexico,Cuauhtémoc,Attraction,19.417638,-99.173626
4151,Museo Cabeza de Juárez,Mexico,Cuauhtémoc,Attraction,19.38273,-99.03906
4152,Museo del Juguete Antiguo México,Mexico,Cuauhtémoc,Attraction,19.415373,-99.144101
4153,Mahatma Gandhi,Mexico,Cuauhtémoc,Attraction,19.428074,-99.18433
4154,,Mexico,Cuauhtémoc,Attraction,19.416869,-99.173698
4155,MODO - Museo del Objeto del Objeto,Mexico,Cuauhtémoc,Attraction,19.420215,-99.15907
4156,Zacatépetl,Mexico,Cuauhtémoc,Attraction,19.30742,-99.196866
4157,Monumento del Drenaje Profundo,Mexico,Cuauhtémoc,Attraction,19.535405,-99.156484
4158,Secretaría del Trabajo y Previsión Social,Mexico,Cuauhtémoc,Attraction,19.417057,-99.14807
4159,Miguel Hidalgo y Costilla,Mexico,Cuauhtémoc,Attraction,19.349585,-99.162148
4160,Museo Arqueológico de Xochimilco,Mexico,Cuauhtémoc,Attraction,19.246596,-99.079004
4161,Entrada #4 para Vivero Coyoacan,Mexico,Cuauhtémoc,Attraction,19.353696,-99.168591
4162,Busto de Darwin,Mexico,Cuauhtémoc,Attraction,19.323557,-99.179291
4163,Chimpancé,Mexico,Cuauhtémoc,Attraction,19.463688,-99.085184
4164,Elefante Asiático,Mexico,Cuauhtémoc,Attraction,19.46364,-99.084629
4165,Hipopótamo,Mexico,Cuauhtémoc,Attraction,19.463614,-99.08564
4166,León Africano,Mexico,Cuauhtémoc,Attraction,19.464344,-99.085613
4167,Antílope Acuático,Mexico,Cuauhtémoc,Attraction,19.46425,-99.085948
4168,Antílope Eland,Mexico,Cuauhtémoc,Attraction,19.464134,-99.085827
4169,Gallina de Guinea,Mexico,Cuauhtémoc,Attraction,19.463408,-99.086341
4170,Ganso Egipcio,Mexico,Cuauhtémoc,Attraction,19.463524,-99.086275
4171,Grulla Coronada,Mexico,Cuauhtémoc,Attraction,19.464002,-99.085946
4172,Antílope Ñú,Mexico,Cuauhtémoc,Attraction,19.463966,-99.0861
4173,Cebra de Grant,Mexico,Cuauhtémoc,Attraction,19.463635,-99.086086
4174,Jirafa,Mexico,Cuauhtémoc,Attraction,19.46414,-99.086094
4175,Monumento a Francisco I. Madero,Mexico,Cuauhtémoc,Attraction,19.434587,-99.142054
4176,Busto de Einstein,Mexico,Cuauhtémoc,Attraction,19.324019,-99.179621
4177,,Mexico,Cuauhtémoc,Attraction,19.283394,-99.183016
4178,,Mexico,Cuauhtémoc,Attraction,19.41009,-99.201581
4179,Monumento a Miguel Hidalgo,Mexico,Cuauhtémoc,Attraction,19.294961,-99.182292
4180,,Mexico,Cuauhtémoc,Attraction,19.454194,-99.091086
4181,,Mexico,Cuauhtémoc,Attraction,19.456316,-99.095812
4182,,Mexico,Cuauhtémoc,Attraction,19.458651,-99.089388
4183,,Mexico,Cuauhtémoc,Attraction,19.462116,-99.088075
4184,Josip Broz Tito,Mexico,Cuauhtémoc,Attraction,19.425722,-99.18996
4185,Árbol de los Chicles,Mexico,Cuauhtémoc,Attraction,19.35111,-99.162837
4186,Centro Cultural Capilla Británica,Mexico,Cuauhtémoc,Attraction,19.44312,-99.165482
4187,Galería de Historia,Mexico,Cuauhtémoc,Attraction,19.418941,-99.183312
4188,Monumento a la Amistad México-Azeirbayán,Mexico,Cuauhtémoc,Attraction,19.424159,-99.179374
4189,Monumento a Winston Churchill,Mexico,Cuauhtémoc,Attraction,19.426,-99.192179
4190,Pabellón Coreano de la Amistad,Mexico,Cuauhtémoc,Attraction,19.425397,-99.191668
4191,,Mexico,Cuauhtémoc,Attraction,19.298375,-99.132742
4192,,Mexico,Cuauhtémoc,Attraction,19.29636,-99.136849
4193,,Mexico,Cuauhtémoc,Attraction,19.405038,-99.112005
4194,,Mexico,Cuauhtémoc,Attraction,19.407169,-99.109948
4195,,Mexico,Cuauhtémoc,Attraction,19.407211,-99.109749
4196,,Mexico,Cuauhtémoc,Attraction,19.407047,-99.11003
4197,,Mexico,Cuauhtémoc,Attraction,19.448543,-99.06862
4198,,Mexico,Cuauhtémoc,Attraction,19.452616,-99.069102
4199,,Mexico,Cuauhtémoc,Attraction,19.451347,-99.074196
4200,Monumento a El Santo,Mexico,Cuauhtémoc,Attraction,19.452108,-99.129945
4201,Museo Indígena,Mexico,Cuauhtémoc,Attraction,19.451637,-99.131473
4202,,Mexico,Cuauhtémoc,Attraction,19.445452,-99.166407
4203,Museo vieja estación de ferrocarril,Mexico,Cuauhtémoc,Attraction,19.304716,-99.237904
4204,Benito Juárez,Mexico,Cuauhtémoc,Attraction,19.36309,-99.152774
4205,,Mexico,Cuauhtémoc,Attraction,19.361203,-99.164818
4206,,Mexico,Cuauhtémoc,Attraction,19.361106,-99.164433
4207,Kiosco de Huipulco,Mexico,Cuauhtémoc,Attraction,19.298306,-99.149768
4208,Monumento a Emiliano Zapata,Mexico,Cuauhtémoc,Attraction,19.29803,-99.151674
4209,El Genoma Humano,Mexico,Cuauhtémoc,Attraction,19.286739,-99.149557
4210,Olivier Seguin,Mexico,Cuauhtémoc,Attraction,19.283479,-99.131707
4211,Ave Dos,Mexico,Cuauhtémoc,Attraction,19.316047,-99.183024
4212,Ocho Conejo,Mexico,Cuauhtémoc,Attraction,19.316488,-99.183681
4213,Variante de la Llave de Kepler,Mexico,Cuauhtémoc,Attraction,19.315523,-99.184191
4214,,Mexico,Cuauhtémoc,Attraction,19.511449,-99.13882
4215,,Mexico,Cuauhtémoc,Attraction,19.511593,-99.138658
4216,,Mexico,Cuauhtémoc,Attraction,19.511644,-99.13861
4217,,Mexico,Cuauhtémoc,Attraction,19.511882,-99.138249
4218,,Mexico,Cuauhtémoc,Attraction,19.512518,-99.137582
4219,,Mexico,Cuauhtémoc,Attraction,19.512403,-99.137533
4220,,Mexico,Cuauhtémoc,Attraction,19.511401,-99.138345
4221,,Mexico,Cuauhtémoc,Attraction,19.511335,-99.138825
4222,,Mexico,Cuauhtémoc,Attraction,19.512734,-99.138487
4223,,Mexico,Cuauhtémoc,Attraction,19.512822,-99.138687
4224,,Mexico,Cuauhtémoc,Attraction,19.512863,-99.138582
4225,,Mexico,Cuauhtémoc,Attraction,19.51259,-99.138787
4226,,Mexico,Cuauhtémoc,Attraction,19.513127,-99.138146
4227,,Mexico,Cuauhtémoc,Attraction,19.512528,-99.137708
4228,,Mexico,Cuauhtémoc,Attraction,19.503396,-99.138948
4229,,Mexico,Cuauhtémoc,Attraction,19.503353,-99.138875
4230,,Mexico,Cuauhtémoc,Attraction,19.503343,-99.138785
4231,,Mexico,Cuauhtémoc,Attraction,19.503325,-99.138681
4232,,Mexico,Cuauhtémoc,Attraction,19.503313,-99.138583
4233,,Mexico,Cuauhtémoc,Attraction,19.503301,-99.13849
4234,,Mexico,Cuauhtémoc,Attraction,19.503286,-99.138387
4235,,Mexico,Cuauhtémoc,Attraction,19.503262,-99.138307
4236,,Mexico,Cuauhtémoc,Attraction,19.503248,-99.138197
4237,,Mexico,Cuauhtémoc,Attraction,19.503231,-99.138096
4238,,Mexico,Cuauhtémoc,Attraction,19.503218,-99.13799
4239,,Mexico,Cuauhtémoc,Attraction,19.503198,-99.137888
4240,,Mexico,Cuauhtémoc,Attraction,19.503174,-99.137794
4241,,Mexico,Cuauhtémoc,Attraction,19.50373,-99.137486
4242,,Mexico,Cuauhtémoc,Attraction,19.50362,-99.137356
4243,,Mexico,Cuauhtémoc,Attraction,19.503132,-99.137647
4244,,Mexico,Cuauhtémoc,Attraction,19.503098,-99.137407
4245,,Mexico,Cuauhtémoc,Attraction,19.503066,-99.137189
4246,,Mexico,Cuauhtémoc,Attraction,19.503011,-99.137045
4247,,Mexico,Cuauhtémoc,Attraction,19.50291,-99.136279
4248,,Mexico,Cuauhtémoc,Attraction,19.502875,-99.136103
4249,,Mexico,Cuauhtémoc,Attraction,19.502941,-99.13653
4250,,Mexico,Cuauhtémoc,Attraction,19.503074,-99.135842
4251,,Mexico,Cuauhtémoc,Attraction,19.503277,-99.135808
4252,,Mexico,Cuauhtémoc,Attraction,19.502433,-99.135934
4253,,Mexico,Cuauhtémoc,Attraction,19.502151,-99.136001
4254,,Mexico,Cuauhtémoc,Attraction,19.502032,-99.13602
4255,,Mexico,Cuauhtémoc,Attraction,19.501831,-99.136043
4256,,Mexico,Cuauhtémoc,Attraction,19.501509,-99.136112
4257,,Mexico,Cuauhtémoc,Attraction,19.501419,-99.136137
4258,,Mexico,Cuauhtémoc,Attraction,19.501293,-99.136157
4259,,Mexico,Cuauhtémoc,Attraction,19.501142,-99.136165
4260,,Mexico,Cuauhtémoc,Attraction,19.500908,-99.136208
4261,,Mexico,Cuauhtémoc,Attraction,19.500642,-99.136272
4262,,Mexico,Cuauhtémoc,Attraction,19.500486,-99.136295
4263,,Mexico,Cuauhtémoc,Attraction,19.500259,-99.13633
4264,,Mexico,Cuauhtémoc,Attraction,19.500128,-99.136366
4265,,Mexico,Cuauhtémoc,Attraction,19.499931,-99.136382
4266,,Mexico,Cuauhtémoc,Attraction,19.499809,-99.136404
4267,,Mexico,Cuauhtémoc,Attraction,19.499609,-99.13646
4268,,Mexico,Cuauhtémoc,Attraction,19.49934,-99.1365
4269,,Mexico,Cuauhtémoc,Attraction,19.499188,-99.136528
4270,,Mexico,Cuauhtémoc,Attraction,19.498997,-99.13657
4271,,Mexico,Cuauhtémoc,Attraction,19.498888,-99.136581
4272,,Mexico,Cuauhtémoc,Attraction,19.498792,-99.136598
4273,,Mexico,Cuauhtémoc,Attraction,19.498714,-99.136628
4274,,Mexico,Cuauhtémoc,Attraction,19.498582,-99.136654
4275,,Mexico,Cuauhtémoc,Attraction,19.498346,-99.13668
4276,,Mexico,Cuauhtémoc,Attraction,19.498266,-99.136774
4277,,Mexico,Cuauhtémoc,Attraction,19.49815,-99.136729
4278,,Mexico,Cuauhtémoc,Attraction,19.498027,-99.136759
4279,,Mexico,Cuauhtémoc,Attraction,19.497763,-99.136815
4280,,Mexico,Cuauhtémoc,Attraction,19.497581,-99.136819
4281,,Mexico,Cuauhtémoc,Attraction,19.49739,-99.13688
4282,,Mexico,Cuauhtémoc,Attraction,19.497207,-99.136913
4283,,Mexico,Cuauhtémoc,Attraction,19.497021,-99.136944
4284,,Mexico,Cuauhtémoc,Attraction,19.496734,-99.137028
4285,,Mexico,Cuauhtémoc,Attraction,19.496613,-99.137054
4286,,Mexico,Cuauhtémoc,Attraction,19.496498,-99.137062
4287,,Mexico,Cuauhtémoc,Attraction,19.496307,-99.137196
4288,,Mexico,Cuauhtémoc,Attraction,19.496407,-99.137074
4289,,Mexico,Cuauhtémoc,Attraction,19.496218,-99.137163
4290,,Mexico,Cuauhtémoc,Attraction,19.496198,-99.137383
4291,,Mexico,Cuauhtémoc,Attraction,19.495886,-99.137415
4292,,Mexico,Cuauhtémoc,Attraction,19.495796,-99.137294
4293,,Mexico,Cuauhtémoc,Attraction,19.496016,-99.137177
4294,,Mexico,Cuauhtémoc,Attraction,19.496058,-99.137463
4295,,Mexico,Cuauhtémoc,Attraction,19.495807,-99.137521
4296,,Mexico,Cuauhtémoc,Attraction,19.495805,-99.137651
4297,,Mexico,Cuauhtémoc,Attraction,19.495839,-99.137859
4298,,Mexico,Cuauhtémoc,Attraction,19.496017,-99.137889
4299,,Mexico,Cuauhtémoc,Attraction,19.496166,-99.137801
4300,,Mexico,Cuauhtémoc,Attraction,19.496254,-99.137719
4301,,Mexico,Cuauhtémoc,Attraction,19.496438,-99.137486
4302,,Mexico,Cuauhtémoc,Attraction,19.496517,-99.137604
4303,,Mexico,Cuauhtémoc,Attraction,19.496434,-99.13777
4304,,Mexico,Cuauhtémoc,Attraction,19.496668,-99.13749
4305,,Mexico,Cuauhtémoc,Attraction,19.502982,-99.136767
4306,,Mexico,Cuauhtémoc,Attraction,19.503865,-99.138163
4307,,Mexico,Cuauhtémoc,Attraction,19.503906,-99.138357
4308,,Mexico,Cuauhtémoc,Attraction,19.503936,-99.138637
4309,,Mexico,Cuauhtémoc,Attraction,19.5032,-99.138643
4310,,Mexico,Cuauhtémoc,Attraction,19.503106,-99.138663
4311,,Mexico,Cuauhtémoc,Attraction,19.503042,-99.138675
4312,,Mexico,Cuauhtémoc,Attraction,19.502974,-99.138683
4313,,Mexico,Cuauhtémoc,Attraction,19.502902,-99.139029
4314,,Mexico,Cuauhtémoc,Attraction,19.502883,-99.138862
4315,,Mexico,Cuauhtémoc,Attraction,19.50282,-99.138121
4316,,Mexico,Cuauhtémoc,Attraction,19.50295,-99.137856
4317,,Mexico,Cuauhtémoc,Attraction,19.51412,-99.138466
4318,,Mexico,Cuauhtémoc,Attraction,19.514066,-99.13841
4319,,Mexico,Cuauhtémoc,Attraction,19.512468,-99.138672
4320,,Mexico,Cuauhtémoc,Attraction,19.512543,-99.138599
4321,,Mexico,Cuauhtémoc,Attraction,19.512682,-99.138496
4322,,Mexico,Cuauhtémoc,Attraction,19.512792,-99.13841
4323,,Mexico,Cuauhtémoc,Attraction,19.511947,-99.137738
4324,,Mexico,Cuauhtémoc,Attraction,19.511059,-99.138289
4325,,Mexico,Cuauhtémoc,Attraction,19.510973,-99.138334
4326,,Mexico,Cuauhtémoc,Attraction,19.511271,-99.138629
4327,,Mexico,Cuauhtémoc,Attraction,19.51121,-99.138527
4328,,Mexico,Cuauhtémoc,Attraction,19.511133,-99.138458
4329,,Mexico,Cuauhtémoc,Attraction,19.511491,-99.138886
4330,,Mexico,Cuauhtémoc,Attraction,19.511424,-99.138941
4331,,Mexico,Cuauhtémoc,Attraction,19.51138,-99.138878
4332,,Mexico,Cuauhtémoc,Attraction,19.511697,-99.138796
4333,,Mexico,Cuauhtémoc,Attraction,19.513049,-99.138519
4334,,Mexico,Cuauhtémoc,Attraction,19.512928,-99.138627
4335,,Mexico,Cuauhtémoc,Attraction,19.502218,-99.137664
4336,,Mexico,Cuauhtémoc,Attraction,19.50192,-99.137582
4337,,Mexico,Cuauhtémoc,Attraction,19.501914,-99.137468
4338,,Mexico,Cuauhtémoc,Attraction,19.501894,-99.137351
4339,,Mexico,Cuauhtémoc,Attraction,19.501863,-99.137231
4340,,Mexico,Cuauhtémoc,Attraction,19.501843,-99.137089
4341,,Mexico,Cuauhtémoc,Attraction,19.501808,-99.136943
4342,,Mexico,Cuauhtémoc,Attraction,19.501791,-99.136822
4343,,Mexico,Cuauhtémoc,Attraction,19.501799,-99.136693
4344,,Mexico,Cuauhtémoc,Attraction,19.50179,-99.136566
4345,,Mexico,Cuauhtémoc,Attraction,19.501767,-99.136456
4346,,Mexico,Cuauhtémoc,Attraction,19.501741,-99.136335
4347,,Mexico,Cuauhtémoc,Attraction,19.501724,-99.136236
4348,,Mexico,Cuauhtémoc,Attraction,19.501428,-99.136847
4349,,Mexico,Cuauhtémoc,Attraction,19.501394,-99.136696
4350,,Mexico,Cuauhtémoc,Attraction,19.501379,-99.136579
4351,,Mexico,Cuauhtémoc,Attraction,19.501339,-99.13644
4352,,Mexico,Cuauhtémoc,Attraction,19.501307,-99.13628
4353,,Mexico,Cuauhtémoc,Attraction,19.501195,-99.136897
4354,,Mexico,Cuauhtémoc,Attraction,19.500973,-99.136952
4355,,Mexico,Cuauhtémoc,Attraction,19.502742,-99.13751
4356,,Mexico,Cuauhtémoc,Attraction,19.50264,-99.137562
4357,,Mexico,Cuauhtémoc,Attraction,19.503366,-99.13554
4358,,Mexico,Cuauhtémoc,Attraction,19.503188,-99.13521
4359,,Mexico,Cuauhtémoc,Attraction,19.502538,-99.135482
4360,,Mexico,Cuauhtémoc,Attraction,19.503105,-99.134958
4361,,Mexico,Cuauhtémoc,Attraction,19.503025,-99.134942
4362,,Mexico,Cuauhtémoc,Attraction,19.503263,-99.134907
4363,,Mexico,Cuauhtémoc,Attraction,19.501593,-99.137797
4364,,Mexico,Cuauhtémoc,Attraction,19.501525,-99.137786
4365,,Mexico,Cuauhtémoc,Attraction,19.501225,-99.137856
4366,,Mexico,Cuauhtémoc,Attraction,19.50111,-99.137888
4367,,Mexico,Cuauhtémoc,Attraction,19.501013,-99.137899
4368,,Mexico,Cuauhtémoc,Attraction,19.500863,-99.137904
4369,,Mexico,Cuauhtémoc,Attraction,19.500959,-99.138432
4370,,Mexico,Cuauhtémoc,Attraction,19.500881,-99.13832
4371,,Mexico,Cuauhtémoc,Attraction,19.500839,-99.138374
4372,,Mexico,Cuauhtémoc,Attraction,19.500842,-99.138234
4373,,Mexico,Cuauhtémoc,Attraction,19.500464,-99.137325
4374,,Mexico,Cuauhtémoc,Attraction,19.500536,-99.137651
4375,,Mexico,Cuauhtémoc,Attraction,19.500491,-99.137468
4376,,Mexico,Cuauhtémoc,Attraction,19.50065,-99.138133
4377,,Mexico,Cuauhtémoc,Attraction,19.500531,-99.138183
4378,,Mexico,Cuauhtémoc,Attraction,19.500349,-99.138136
4379,,Mexico,Cuauhtémoc,Attraction,19.500566,-99.137994
4380,,Mexico,Cuauhtémoc,Attraction,19.50045,-99.138054
4381,,Mexico,Cuauhtémoc,Attraction,19.500455,-99.137897
4382,,Mexico,Cuauhtémoc,Attraction,19.500283,-99.137832
4383,,Mexico,Cuauhtémoc,Attraction,19.500327,-99.13768
4384,,Mexico,Cuauhtémoc,Attraction,19.500077,-99.138125
4385,,Mexico,Cuauhtémoc,Attraction,19.500166,-99.138225
4386,,Mexico,Cuauhtémoc,Attraction,19.500378,-99.137136
4387,,Mexico,Cuauhtémoc,Attraction,19.500216,-99.137223
4388,,Mexico,Cuauhtémoc,Attraction,19.500082,-99.137239
4389,,Mexico,Cuauhtémoc,Attraction,19.499947,-99.13726
4390,,Mexico,Cuauhtémoc,Attraction,19.500392,-99.136568
4391,,Mexico,Cuauhtémoc,Attraction,19.500411,-99.136678
4392,,Mexico,Cuauhtémoc,Attraction,19.50042,-99.136858
4393,,Mexico,Cuauhtémoc,Attraction,19.500454,-99.136983
4394,,Mexico,Cuauhtémoc,Attraction,19.500105,-99.137035
4395,,Mexico,Cuauhtémoc,Attraction,19.499207,-99.136623
4396,,Mexico,Cuauhtémoc,Attraction,19.499222,-99.136749
4397,,Mexico,Cuauhtémoc,Attraction,19.499252,-99.136866
4398,,Mexico,Cuauhtémoc,Attraction,19.499273,-99.136988
4399,,Mexico,Cuauhtémoc,Attraction,19.499293,-99.137112
4400,,Mexico,Cuauhtémoc,Attraction,19.499316,-99.137212
4401,,Mexico,Cuauhtémoc,Attraction,19.499158,-99.137228
4402,,Mexico,Cuauhtémoc,Attraction,19.499145,-99.137452
4403,,Mexico,Cuauhtémoc,Attraction,19.499302,-99.137415
4404,,Mexico,Cuauhtémoc,Attraction,19.499473,-99.137381
4405,,Mexico,Cuauhtémoc,Attraction,19.499673,-99.137327
4406,,Mexico,Cuauhtémoc,Attraction,19.499805,-99.137295
4407,,Mexico,Cuauhtémoc,Attraction,19.499182,-99.137857
4408,,Mexico,Cuauhtémoc,Attraction,19.498963,-99.137429
4409,,Mexico,Cuauhtémoc,Attraction,19.49879,-99.137468
4410,,Mexico,Cuauhtémoc,Attraction,19.49869,-99.13748
4411,,Mexico,Cuauhtémoc,Attraction,19.498596,-99.1375
4412,,Mexico,Cuauhtémoc,Attraction,19.498455,-99.137523
4413,,Mexico,Cuauhtémoc,Attraction,19.498029,-99.137457
4414,,Mexico,Cuauhtémoc,Attraction,19.498027,-99.137388
4415,,Mexico,Cuauhtémoc,Attraction,19.497992,-99.137291
4416,,Mexico,Cuauhtémoc,Attraction,19.497985,-99.137204
4417,,Mexico,Cuauhtémoc,Attraction,19.497957,-99.137103
4418,,Mexico,Cuauhtémoc,Attraction,19.49795,-99.136994
4419,,Mexico,Cuauhtémoc,Attraction,19.497915,-99.136814
4420,,Mexico,Cuauhtémoc,Attraction,19.497001,-99.139601
4421,,Mexico,Cuauhtémoc,Attraction,19.496771,-99.139739
4422,,Mexico,Cuauhtémoc,Attraction,19.496699,-99.139771
4423,,Mexico,Cuauhtémoc,Attraction,19.496706,-99.139626
4424,,Mexico,Cuauhtémoc,Attraction,19.496341,-99.140323
4425,,Mexico,Cuauhtémoc,Attraction,19.496527,-99.140114
4426,,Mexico,Cuauhtémoc,Attraction,19.496664,-99.140193
4427,,Mexico,Cuauhtémoc,Attraction,19.496727,-99.140059
4428,,Mexico,Cuauhtémoc,Attraction,19.496502,-99.140293
4429,,Mexico,Cuauhtémoc,Attraction,19.496258,-99.140236
4430,,Mexico,Cuauhtémoc,Attraction,19.496281,-99.140091
4431,Morro dos Cabritos,Brazil,Copacabana,Attraction,-22.968931,-43.197369
4432,Estátua de Dorival Caymmi,Brazil,Copacabana,Attraction,-22.985779,-43.188684
4433,18 do Forte,Brazil,Copacabana,Attraction,-22.970843,-43.183388
4434,Estátua de Carlos Drummond de Andrade,Brazil,Copacabana,Attraction,-22.984373,-43.18917
4435,,Brazil,Copacabana,Attraction,-22.974565,-43.195711
4436,Agulha do Inhangá,Brazil,Copacabana,Attraction,-22.964656,-43.185777
4437,Morro do Cantagalo,Brazil,Copacabana,Attraction,-22.97898,-43.195045
4438,Morro do Inhangá,Brazil,Copacabana,Attraction,-22.966301,-43.180197
4439,,Brazil,Copacabana,Attraction,-22.964832,-43.180341
4440,,Brazil,Copacabana,Attraction,-22.963145,-43.17738
4441,,Brazil,Copacabana,Attraction,-22.963244,-43.177544
4442,,Brazil,Copacabana,Attraction,-22.963357,-43.17771
4443,,Brazil,Copacabana,Attraction,-22.963044,-43.177222
4444,,Brazil,Copacabana,Attraction,-22.963281,-43.177597
4445,,Brazil,Copacabana,Attraction,-22.963187,-43.177447
4446,,Brazil,Copacabana,Attraction,-22.96332,-43.177648
4447,,Brazil,Copacabana,Attraction,-22.963397,-43.177764
4448,,Brazil,Copacabana,Attraction,-22.963029,-43.177189
4449,,Brazil,Copacabana,Attraction,-22.963898,-43.178542
4450,,Brazil,Copacabana,Attraction,-22.963839,-43.178442
4451,,Brazil,Copacabana,Attraction,-22.964061,-43.178801
4452,,Brazil,Copacabana,Attraction,-22.96392,-43.178593
4453,,Brazil,Copacabana,Attraction,-22.964012,-43.178711
4454,,Brazil,Copacabana,Attraction,-22.963621,-43.17811
4455,,Brazil,Copacabana,Attraction,-22.963557,-43.178037
4456,,Brazil,Copacabana,Attraction,-22.963649,-43.178163
4457,,Brazil,Copacabana,Attraction,-22.963427,-43.177844
4458,,Brazil,Copacabana,Attraction,-22.963461,-43.177884
4459,,Brazil,Copacabana,Attraction,-22.962285,-43.176115
4460,,Brazil,Copacabana,Attraction,-22.962379,-43.176292
4461,,Brazil,Copacabana,Attraction,-22.962263,-43.176083
4462,,Brazil,Copacabana,Attraction,-22.961957,-43.175838
4463,Barão do Rio Branco,Brazil,Copacabana,Attraction,-22.961713,-43.175909
4464,,Brazil,Copacabana,Attraction,-22.96191,-43.175867
4465,Braguinha,Brazil,Copacabana,Attraction,-22.96174,-43.175624
4466,,Brazil,Copacabana,Attraction,-22.961858,-43.175889
4467,,Brazil,Copacabana,Attraction,-22.962278,-43.175111
4468,,Brazil,Copacabana,Attraction,-22.963251,-43.174885
4469,,Brazil,Copacabana,Attraction,-22.964447,-43.179416
4470,,Brazil,Copacabana,Attraction,-22.964274,-43.179153
4471,,Brazil,Copacabana,Attraction,-22.964415,-43.179354
4472,,Brazil,Copacabana,Attraction,-22.973812,-43.186875
4473,,Brazil,Copacabana,Attraction,-22.973951,-43.186827
4474,,Brazil,Copacabana,Attraction,-22.974003,-43.186528
4475,,Brazil,Copacabana,Attraction,-22.974194,-43.186993
4476,,Brazil,Copacabana,Attraction,-22.974213,-43.187064
4477,,Brazil,Copacabana,Attraction,-22.974285,-43.187054
4478,,Brazil,Copacabana,Attraction,-22.974888,-43.18713
4479,,Brazil,Copacabana,Attraction,-22.974791,-43.18707
4480,,Brazil,Copacabana,Attraction,-22.974759,-43.18737
4481,,Brazil,Copacabana,Attraction,-22.975003,-43.187609
4482,,Brazil,Copacabana,Attraction,-22.97493,-43.187519
4483,,Brazil,Copacabana,Attraction,-22.975301,-43.187697
4484,,Brazil,Copacabana,Attraction,-22.975324,-43.187437
4485,,Brazil,Copacabana,Attraction,-22.97542,-43.187456
4486,,Brazil,Copacabana,Attraction,-22.975509,-43.187842
4487,,Brazil,Copacabana,Attraction,-22.975603,-43.187868
4488,,Brazil,Copacabana,Attraction,-22.975554,-43.187525
4489,,Brazil,Copacabana,Attraction,-22.975638,-43.187625
4490,,Brazil,Copacabana,Attraction,-22.974824,-43.186768
4491,,Brazil,Copacabana,Attraction,-22.974689,-43.186639
4492,,Brazil,Copacabana,Attraction,-22.975781,-43.188094
4493,,Brazil,Copacabana,Attraction,-22.975846,-43.188142
4494,,Brazil,Copacabana,Attraction,-22.975951,-43.188119
4495,,Brazil,Copacabana,Attraction,-22.976461,-43.188418
4496,,Brazil,Copacabana,Attraction,-22.976568,-43.188115
4497,,Brazil,Copacabana,Attraction,-22.976414,-43.188104
4498,,Brazil,Copacabana,Attraction,-22.976435,-43.188046
4499,,Brazil,Copacabana,Attraction,-22.976317,-43.187975
4500,,Brazil,Copacabana,Attraction,-22.976036,-43.187889
4501,,Brazil,Copacabana,Attraction,-22.976201,-43.187988
4502,,Brazil,Copacabana,Attraction,-22.976236,-43.187937
4503,,Brazil,Copacabana,Attraction,-22.976741,-43.188595
4504,,Brazil,Copacabana,Attraction,-22.976993,-43.188677
4505,,Brazil,Copacabana,Attraction,-22.977071,-43.188686
4506,,Brazil,Copacabana,Attraction,-22.97693,-43.188376
4507,,Brazil,Copacabana,Attraction,-22.976855,-43.188332
4508,,Brazil,Copacabana,Attraction,-22.97675,-43.188238
4509,,Brazil,Copacabana,Attraction,-22.977385,-43.188848
4510,,Brazil,Copacabana,Attraction,-22.977315,-43.188513
4511,,Brazil,Copacabana,Attraction,-22.977661,-43.188645
4512,,Brazil,Copacabana,Attraction,-22.977708,-43.188655
4513,,Brazil,Copacabana,Attraction,-22.977747,-43.188693
4514,,Brazil,Copacabana,Attraction,-22.9778,-43.188698
4515,,Brazil,Copacabana,Attraction,-22.978047,-43.188836
4516,,Brazil,Copacabana,Attraction,-22.978144,-43.188816
4517,,Brazil,Copacabana,Attraction,-22.978189,-43.188915
4518,,Brazil,Copacabana,Attraction,-22.978342,-43.188603
4519,,Brazil,Copacabana,Attraction,-22.978283,-43.188548
4520,,Brazil,Copacabana,Attraction,-22.97824,-43.188566
4521,,Brazil,Copacabana,Attraction,-22.978159,-43.188524
4522,,Brazil,Copacabana,Attraction,-22.978099,-43.188514
4523,,Brazil,Copacabana,Attraction,-22.978042,-43.188487
4524,,Brazil,Copacabana,Attraction,-22.97797,-43.188453
4525,,Brazil,Copacabana,Attraction,-22.977919,-43.188432
4526,,Brazil,Copacabana,Attraction,-22.977894,-43.188422
4527,,Brazil,Copacabana,Attraction,-22.977813,-43.188382
4528,,Brazil,Copacabana,Attraction,-22.977745,-43.188357
4529,,Brazil,Copacabana,Attraction,-22.977674,-43.188327
4530,,Brazil,Copacabana,Attraction,-22.977966,-43.189132
4531,,Brazil,Copacabana,Attraction,-22.978104,-43.189196
4532,,Brazil,Copacabana,Attraction,-22.978398,-43.189338
4533,,Brazil,Copacabana,Attraction,-22.97849,-43.189361
4534,,Brazil,Copacabana,Attraction,-22.978441,-43.18898
4535,,Brazil,Copacabana,Attraction,-22.978686,-43.189062
4536,,Brazil,Copacabana,Attraction,-22.978704,-43.189113
4537,,Brazil,Copacabana,Attraction,-22.979001,-43.189216
4538,,Brazil,Copacabana,Attraction,-22.979639,-43.189671
4539,,Brazil,Copacabana,Attraction,-22.979735,-43.189701
4540,,Brazil,Copacabana,Attraction,-22.979799,-43.189706
4541,,Brazil,Copacabana,Attraction,-22.979875,-43.189721
4542,,Brazil,Copacabana,Attraction,-22.979934,-43.189979
4543,,Brazil,Copacabana,Attraction,-22.979489,-43.189327
4544,,Brazil,Copacabana,Attraction,-22.979647,-43.189379
4545,,Brazil,Copacabana,Attraction,-22.979652,-43.189322
4546,,Brazil,Copacabana,Attraction,-22.979719,-43.189366
4547,,Brazil,Copacabana,Attraction,-22.97977,-43.1894
4548,,Brazil,Copacabana,Attraction,-22.981035,-43.189991
4549,,Brazil,Copacabana,Attraction,-22.980984,-43.189704
4550,,Brazil,Copacabana,Attraction,-22.981146,-43.189719
4551,,Brazil,Copacabana,Attraction,-22.981403,-43.189741
4552,,Brazil,Copacabana,Attraction,-22.98049,-43.189879
4553,,Brazil,Copacabana,Attraction,-22.980615,-43.189619
4554,,Brazil,Copacabana,Attraction,-22.980725,-43.189855
4555,,Brazil,Copacabana,Attraction,-22.981469,-43.189791
4556,,Brazil,Copacabana,Attraction,-22.981409,-43.190056
4557,,Brazil,Copacabana,Attraction,-22.981831,-43.189814
4558,,Brazil,Copacabana,Attraction,-22.982155,-43.190283
4559,,Brazil,Copacabana,Attraction,-22.982276,-43.190218
4560,,Brazil,Copacabana,Attraction,-22.982387,-43.189786
4561,,Brazil,Copacabana,Attraction,-22.982624,-43.19009
4562,,Brazil,Copacabana,Attraction,-22.982627,-43.189832
4563,,Brazil,Copacabana,Attraction,-22.98282,-43.189783
4564,,Brazil,Copacabana,Attraction,-22.982926,-43.190097
4565,,Brazil,Copacabana,Attraction,-22.983595,-43.189975
4566,,Brazil,Copacabana,Attraction,-22.983518,-43.189657
4567,,Brazil,Copacabana,Attraction,-22.983682,-43.189673
4568,,Brazil,Copacabana,Attraction,-22.96567,-43.179249
4569,,Brazil,Copacabana,Attraction,-22.96835,-43.183512
4570,Museu Histórico do Exército,Brazil,Copacabana,Attraction,-22.985852,-43.186961
4571,Ticket Office Trem de Corcovado,Brazil,Copacabana,Attraction,-22.968903,-43.184323
4572,Acesso de Emergência do MetrôRio,Brazil,Copacabana,Attraction,-22.965169,-43.183911
4573,,Brazil,Copacabana,Attraction,-22.961769,-43.175315
4574,,Brazil,Copacabana,Attraction,-22.985656,-43.189079
4575,,Brazil,Copacabana,Attraction,-22.985064,-43.189236
4576,Ayrton Senna,Brazil,Copacabana,Attraction,-22.968163,-43.178882
4577,,Brazil,Copacabana,Attraction,-22.968651,-43.180231
4578,,Brazil,Copacabana,Attraction,-22.968509,-43.180031
4579,,Brazil,Copacabana,Attraction,-22.968489,-43.179965
4580,,Brazil,Copacabana,Attraction,-22.967019,-43.189864
4581,,Brazil,Copacabana,Attraction,-22.965322,-43.173984
4582,,Brazil,Copacabana,Attraction,-22.965252,-43.173829
4583,,Brazil,Copacabana,Attraction,-22.965221,-43.173745
4584,,Brazil,Copacabana,Attraction,-22.965768,-43.174857
4585,,Brazil,Copacabana,Attraction,-22.965666,-43.174645
4586,,Brazil,Copacabana,Attraction,-22.966635,-43.176667
4587,,Brazil,Copacabana,Attraction,-22.967084,-43.177511
4588,,Brazil,Copacabana,Attraction,-22.967217,-43.177875
4589,,Brazil,Copacabana,Attraction,-22.967127,-43.177694
4590,,Brazil,Copacabana,Attraction,-22.967742,-43.178742
4591,,Brazil,Copacabana,Attraction,-22.967862,-43.178975
4592,,Brazil,Copacabana,Attraction,-22.967911,-43.179067
4593,,Brazil,Copacabana,Attraction,-22.968119,-43.17944
4594,,Brazil,Copacabana,Attraction,-22.968961,-43.180116
4595,,Brazil,Copacabana,Attraction,-22.968892,-43.180078
4596,,Brazil,Copacabana,Attraction,-22.96883,-43.179919
4597,,Brazil,Copacabana,Attraction,-22.968747,-43.179799
4598,,Brazil,Copacabana,Attraction,-22.968688,-43.179689
4599,,Brazil,Copacabana,Attraction,-22.968614,-43.179507
4600,,Brazil,Copacabana,Attraction,-22.968583,-43.179329
4601,,Brazil,Copacabana,Attraction,-22.968344,-43.179073
4602,,Brazil,Copacabana,Attraction,-22.968415,-43.179119
4603,,Brazil,Copacabana,Attraction,-22.96848,-43.179174
4604,,Brazil,Copacabana,Attraction,-22.969111,-43.18102
4605,,Brazil,Copacabana,Attraction,-22.970012,-43.182317
4606,,Brazil,Copacabana,Attraction,-22.970643,-43.183243
4607,,Brazil,Copacabana,Attraction,-22.971115,-43.183825
4608,,Brazil,Copacabana,Attraction,-22.971171,-43.183805
4609,,Brazil,Copacabana,Attraction,-22.971213,-43.183852
4610,,Brazil,Copacabana,Attraction,-22.97156,-43.18434
4611,,Brazil,Copacabana,Attraction,-22.97158,-43.184247
4612,,Brazil,Copacabana,Attraction,-22.97163,-43.184293
4613,,Brazil,Copacabana,Attraction,-22.971595,-43.184367
4614,,Brazil,Copacabana,Attraction,-22.971106,-43.18372
4615,,Brazil,Copacabana,Attraction,-22.97086,-43.18352
4616,,Brazil,Copacabana,Attraction,-22.971685,-43.183901
4617,,Brazil,Copacabana,Attraction,-22.971716,-43.183851
4618,,Brazil,Copacabana,Attraction,-22.97149,-43.183585
4619,,Brazil,Copacabana,Attraction,-22.971502,-43.183622
4620,,Brazil,Copacabana,Attraction,-22.971589,-43.183691
4621,,Brazil,Copacabana,Attraction,-22.97126,-43.183429
4622,,Brazil,Copacabana,Attraction,-22.978703,-43.189094
4623,,Brazil,Copacabana,Attraction,-22.978667,-43.189015
4624,,Brazil,Copacabana,Attraction,-22.978724,-43.189034
4625,,Brazil,Copacabana,Attraction,-22.979025,-43.189182
4626,,Brazil,Copacabana,Attraction,-22.979028,-43.189217
4627,,Brazil,Copacabana,Attraction,-22.971313,-43.183504
4628,,Brazil,Copacabana,Attraction,-22.971345,-43.183477
4629,,Brazil,Copacabana,Attraction,-22.971131,-43.183044
4630,,Brazil,Copacabana,Attraction,-22.971174,-43.183048
4631,,Brazil,Copacabana,Attraction,-22.970272,-43.182102
4632,,Brazil,Copacabana,Attraction,-22.970237,-43.182033
4633,,Brazil,Copacabana,Attraction,-22.970296,-43.182066
4634,,Brazil,Copacabana,Attraction,-22.970045,-43.182313
4635,,Brazil,Copacabana,Attraction,-22.969006,-43.180095
4636,,Brazil,Copacabana,Attraction,-22.969061,-43.180131
4637,,Brazil,Copacabana,Attraction,-22.969051,-43.180864
4638,,Brazil,Copacabana,Attraction,-22.969079,-43.180915
4639,,Brazil,Copacabana,Attraction,-22.969154,-43.181024
4640,,Brazil,Copacabana,Attraction,-22.968925,-43.181176
4641,,Brazil,Copacabana,Attraction,-22.971948,-43.18469
4642,,Brazil,Copacabana,Attraction,-22.971984,-43.184714
4643,,Brazil,Copacabana,Attraction,-22.972503,-43.185215
4644,,Brazil,Copacabana,Attraction,-22.972554,-43.185245
4645,,Brazil,Copacabana,Attraction,-22.972289,-43.18506
4646,,Brazil,Copacabana,Attraction,-22.972183,-43.184981
4647,,Brazil,Copacabana,Attraction,-22.972365,-43.185143
4648,,Brazil,Copacabana,Attraction,-22.972805,-43.185513
4649,,Brazil,Copacabana,Attraction,-22.972866,-43.18556
4650,,Brazil,Copacabana,Attraction,-22.972935,-43.185633
4651,,Brazil,Copacabana,Attraction,-22.972979,-43.185672
4652,,Brazil,Copacabana,Attraction,-22.973196,-43.185915
4653,,Brazil,Copacabana,Attraction,-22.973259,-43.185873
4654,,Brazil,Copacabana,Attraction,-22.973311,-43.185914
4655,,Brazil,Copacabana,Attraction,-22.973339,-43.185978
4656,,Brazil,Copacabana,Attraction,-22.973046,-43.185283
4657,,Brazil,Copacabana,Attraction,-22.973099,-43.185348
4658,,Brazil,Copacabana,Attraction,-22.973196,-43.185438
4659,,Brazil,Copacabana,Attraction,-22.973242,-43.185373
4660,,Brazil,Copacabana,Attraction,-22.973283,-43.185253
4661,,Brazil,Copacabana,Attraction,-22.973193,-43.185181
4662,,Brazil,Copacabana,Attraction,-22.973132,-43.185223
4663,,Brazil,Copacabana,Attraction,-22.973173,-43.185292
4664,,Brazil,Copacabana,Attraction,-22.973238,-43.185309
4665,,Brazil,Copacabana,Attraction,-22.973374,-43.185506
4666,,Brazil,Copacabana,Attraction,-22.973378,-43.185569
4667,,Brazil,Copacabana,Attraction,-22.974022,-43.18658
4668,,Brazil,Copacabana,Attraction,-22.974954,-43.1867
4669,,Brazil,Copacabana,Attraction,-22.974901,-43.186801
4670,,Brazil,Copacabana,Attraction,-22.974957,-43.186788
4671,,Brazil,Copacabana,Attraction,-22.974737,-43.186566
4672,,Brazil,Copacabana,Attraction,-22.974806,-43.186523
4673,,Brazil,Copacabana,Attraction,-22.975669,-43.187677
4674,,Brazil,Copacabana,Attraction,-22.97571,-43.187615
4675,,Brazil,Copacabana,Attraction,-22.977384,-43.188525
4676,,Brazil,Copacabana,Attraction,-22.978744,-43.189
4677,,Brazil,Copacabana,Attraction,-22.978744,-43.189087
4678,,Brazil,Copacabana,Attraction,-22.978548,-43.189345
4679,,Brazil,Copacabana,Attraction,-22.978145,-43.189152
4680,,Brazil,Copacabana,Attraction,-22.979517,-43.189315
4681,,Brazil,Copacabana,Attraction,-22.979694,-43.189374
4682,,Brazil,Copacabana,Attraction,-22.979744,-43.189384
4683,,Brazil,Copacabana,Attraction,-22.979031,-43.189193
4684,,Brazil,Copacabana,Attraction,-22.979056,-43.189226
4685,,Brazil,Copacabana,Attraction,-22.97912,-43.18925
4686,,Brazil,Copacabana,Attraction,-22.978415,-43.1893
4687,,Brazil,Copacabana,Attraction,-22.978448,-43.189259
4688,,Brazil,Copacabana,Attraction,-22.978512,-43.189382
4689,,Brazil,Copacabana,Attraction,-22.978548,-43.189381
4690,,Brazil,Copacabana,Attraction,-22.97824,-43.188883
4691,,Brazil,Copacabana,Attraction,-22.978208,-43.188884
4692,,Brazil,Copacabana,Attraction,-22.978251,-43.188918
4693,,Brazil,Copacabana,Attraction,-22.978195,-43.188835
4694,,Brazil,Copacabana,Attraction,-22.978164,-43.188879
4695,,Brazil,Copacabana,Attraction,-22.978434,-43.18891
4696,,Brazil,Copacabana,Attraction,-22.978472,-43.188921
4697,,Brazil,Copacabana,Attraction,-22.978524,-43.189042
4698,,Brazil,Copacabana,Attraction,-22.978679,-43.189008
4699,,Brazil,Copacabana,Attraction,-22.978712,-43.189098
4700,,Brazil,Copacabana,Attraction,-22.974712,-43.18739
4701,,Brazil,Copacabana,Attraction,-22.97464,-43.187343
4702,,Brazil,Copacabana,Attraction,-22.974787,-43.187339
4703,,Brazil,Copacabana,Attraction,-22.974799,-43.187133
4704,,Brazil,Copacabana,Attraction,-22.974882,-43.18717
4705,,Brazil,Copacabana,Attraction,-22.975099,-43.187312
4706,,Brazil,Copacabana,Attraction,-22.97513,-43.187256
4707,,Brazil,Copacabana,Attraction,-22.975353,-43.187415
4708,,Brazil,Copacabana,Attraction,-22.980292,-43.189547
4709,,Brazil,Copacabana,Attraction,-22.980388,-43.189501
4710,,Brazil,Copacabana,Attraction,-22.980374,-43.189581
4711,,Brazil,Copacabana,Attraction,-22.980606,-43.189576
4712,,Brazil,Copacabana,Attraction,-22.981048,-43.189671
4713,,Brazil,Copacabana,Attraction,-22.980943,-43.189653
4714,,Brazil,Copacabana,Attraction,-22.980838,-43.189604
4715,,Brazil,Copacabana,Attraction,-22.980889,-43.189601
4716,,Brazil,Copacabana,Attraction,-22.981157,-43.189682
4717,,Brazil,Copacabana,Attraction,-22.981422,-43.189693
4718,,Brazil,Copacabana,Attraction,-22.981515,-43.189744
4719,,Brazil,Copacabana,Attraction,-22.981842,-43.189745
4720,,Brazil,Copacabana,Attraction,-22.981892,-43.189754
4721,,Brazil,Copacabana,Attraction,-22.981944,-43.189753
4722,,Brazil,Copacabana,Attraction,-22.981922,-43.189819
4723,,Brazil,Copacabana,Attraction,-22.982522,-43.189757
4724,,Brazil,Copacabana,Attraction,-22.98261,-43.189763
4725,,Brazil,Copacabana,Attraction,-22.982658,-43.189779
4726,,Brazil,Copacabana,Attraction,-22.982812,-43.189766
4727,,Brazil,Copacabana,Attraction,-22.982903,-43.189725
4728,,Brazil,Copacabana,Attraction,-22.982953,-43.189715
4729,,Brazil,Copacabana,Attraction,-22.984476,-43.189419
4730,,Brazil,Copacabana,Attraction,-22.984319,-43.189471
4731,The Waterfall,United Arab Emirates,Downtown Dubai,Attraction,25.19529,55.279465
4732,Diplodocus,United Arab Emirates,Downtown Dubai,Attraction,25.196888,55.279414
4733,,United Arab Emirates,Downtown Dubai,Attraction,25.188644,55.277491
4734,,United Arab Emirates,Downtown Dubai,Attraction,25.188747,55.277575
4735,,United Arab Emirates,Downtown Dubai,Attraction,25.188831,55.277637
4736,,United Arab Emirates,Downtown Dubai,Attraction,25.188927,55.277704
4737,,United Arab Emirates,Downtown Dubai,Attraction,25.189011,55.277768
4738,,United Arab Emirates,Downtown Dubai,Attraction,25.189108,55.277844
4739,,United Arab Emirates,Downtown Dubai,Attraction,25.18919,55.277904
4740,,United Arab Emirates,Downtown Dubai,Attraction,25.189294,55.277988
4741,,United Arab Emirates,Downtown Dubai,Attraction,25.189372,55.278052
4742,,United Arab Emirates,Downtown Dubai,Attraction,25.189461,55.278128
4743,,United Arab Emirates,Downtown Dubai,Attraction,25.189552,55.278212
4744,,United Arab Emirates,Downtown Dubai,Attraction,25.189642,55.278296
4745,,United Arab Emirates,Downtown Dubai,Attraction,25.189723,55.278369
4746,,United Arab Emirates,Downtown Dubai,Attraction,25.189812,55.278461
4747,,United Arab Emirates,Downtown Dubai,Attraction,25.189888,55.278545
4748,,United Arab Emirates,Downtown Dubai,Attraction,25.189979,55.278636
4749,,United Arab Emirates,Downtown Dubai,Attraction,25.190048,55.278715
4750,,United Arab Emirates,Downtown Dubai,Attraction,25.19013,55.278811
4751,,United Arab Emirates,Downtown Dubai,Attraction,25.190203,55.278895
4752,,United Arab Emirates,Downtown Dubai,Attraction,25.190282,55.278995
4753,,United Arab Emirates,Downtown Dubai,Attraction,25.190349,55.27908
4754,,United Arab Emirates,Downtown Dubai,Attraction,25.190427,55.279181
4755,,United Arab Emirates,Downtown Dubai,Attraction,25.1905,55.27927
4756,,United Arab Emirates,Downtown Dubai,Attraction,25.190567,55.279366
4757,,United Arab Emirates,Downtown Dubai,Attraction,25.190644,55.279467
4758,,United Arab Emirates,Downtown Dubai,Attraction,25.190704,55.279562
4759,,United Arab Emirates,Downtown Dubai,Attraction,25.190903,55.279859
4760,,United Arab Emirates,Downtown Dubai,Attraction,25.191035,55.28004
4761,,United Arab Emirates,Downtown Dubai,Attraction,25.191258,55.275847
4762,,United Arab Emirates,Downtown Dubai,Attraction,25.191281,55.275936
4763,,United Arab Emirates,Downtown Dubai,Attraction,25.191191,55.275975
4764,,United Arab Emirates,Downtown Dubai,Attraction,25.19316,55.276317
4765,,United Arab Emirates,Downtown Dubai,Attraction,25.193115,55.276354
4766,,United Arab Emirates,Downtown Dubai,Attraction,25.193079,55.276392
4767,,United Arab Emirates,Downtown Dubai,Attraction,25.193033,55.276433
4768,,United Arab Emirates,Downtown Dubai,Attraction,25.192992,55.276473
4769,,United Arab Emirates,Downtown Dubai,Attraction,25.192953,55.27651
4770,,United Arab Emirates,Downtown Dubai,Attraction,25.19291,55.276546
4771,,United Arab Emirates,Downtown Dubai,Attraction,25.192863,55.276585
4772,,United Arab Emirates,Downtown Dubai,Attraction,25.192826,55.276621
4773,,United Arab Emirates,Downtown Dubai,Attraction,25.192784,55.276662
4774,,United Arab Emirates,Downtown Dubai,Attraction,25.192881,55.276786
4775,,United Arab Emirates,Downtown Dubai,Attraction,25.192923,55.276746
4776,,United Arab Emirates,Downtown Dubai,Attraction,25.192962,55.276712
4777,,United Arab Emirates,Downtown Dubai,Attraction,25.193001,55.276678
4778,,United Arab Emirates,Downtown Dubai,Attraction,25.193044,55.276634
4779,,United Arab Emirates,Downtown Dubai,Attraction,25.19309,55.276598
4780,,United Arab Emirates,Downtown Dubai,Attraction,25.193129,55.276559
4781,,United Arab Emirates,Downtown Dubai,Attraction,25.193169,55.276522
4782,,United Arab Emirates,Downtown Dubai,Attraction,25.193207,55.276486
4783,,United Arab Emirates,Downtown Dubai,Attraction,25.193259,55.276445
4784,,United Arab Emirates,Downtown Dubai,Attraction,25.192237,55.277305
4785,,United Arab Emirates,Downtown Dubai,Attraction,25.192298,55.277254
4786,,United Arab Emirates,Downtown Dubai,Attraction,25.192353,55.277199
4787,,United Arab Emirates,Downtown Dubai,Attraction,25.192309,55.27713
4788,,United Arab Emirates,Downtown Dubai,Attraction,25.192249,55.277191
4789,,United Arab Emirates,Downtown Dubai,Attraction,25.19219,55.277248
4790,,United Arab Emirates,Downtown Dubai,Attraction,25.192597,55.278639
4791,,United Arab Emirates,Downtown Dubai,Attraction,25.192747,55.2789
4792,,United Arab Emirates,Downtown Dubai,Attraction,25.192879,55.279159
4793,,United Arab Emirates,Downtown Dubai,Attraction,25.192854,55.278404
4794,,United Arab Emirates,Downtown Dubai,Attraction,25.193036,55.278488
4795,,United Arab Emirates,Downtown Dubai,Attraction,25.193116,55.278638
4796,,United Arab Emirates,Downtown Dubai,Attraction,25.193187,55.278775
4797,,United Arab Emirates,Downtown Dubai,Attraction,25.193175,55.278972
4798,,United Arab Emirates,Downtown Dubai,Attraction,25.193022,55.278681
4799,,United Arab Emirates,Downtown Dubai,Attraction,25.193323,55.279093
4800,,United Arab Emirates,Downtown Dubai,Attraction,25.19327,55.278931
4801,,United Arab Emirates,Downtown Dubai,Attraction,25.193294,55.279258
4802,,United Arab Emirates,Downtown Dubai,Attraction,25.19338,55.279217
4803,,United Arab Emirates,Downtown Dubai,Attraction,25.193436,55.279335
4804,,United Arab Emirates,Downtown Dubai,Attraction,25.193402,55.279522
4805,,United Arab Emirates,Downtown Dubai,Attraction,25.193544,55.279783
4806,,United Arab Emirates,Downtown Dubai,Attraction,25.193626,55.279726
4807,,United Arab Emirates,Downtown Dubai,Attraction,25.193581,55.279622
4808,,United Arab Emirates,Downtown Dubai,Attraction,25.193525,55.279498
4809,,United Arab Emirates,Downtown Dubai,Attraction,25.194511,55.279799
4810,,United Arab Emirates,Downtown Dubai,Attraction,25.194451,55.279793
4811,,United Arab Emirates,Downtown Dubai,Attraction,25.194372,55.279824
4812,,United Arab Emirates,Downtown Dubai,Attraction,25.194397,55.279893
4813,,United Arab Emirates,Downtown Dubai,Attraction,25.194466,55.279862
4814,,United Arab Emirates,Downtown Dubai,Attraction,25.194464,55.279941
4815,,United Arab Emirates,Downtown Dubai,Attraction,25.194543,55.279617
4816,,United Arab Emirates,Downtown Dubai,Attraction,25.194488,55.279621
4817,,United Arab Emirates,Downtown Dubai,Attraction,25.194317,55.27944
4818,,United Arab Emirates,Downtown Dubai,Attraction,25.194278,55.279476
4819,,United Arab Emirates,Downtown Dubai,Attraction,25.194207,55.279539
4820,,United Arab Emirates,Downtown Dubai,Attraction,25.194908,55.279084
4821,,United Arab Emirates,Downtown Dubai,Attraction,25.195288,55.278674
4822,,United Arab Emirates,Downtown Dubai,Attraction,25.195331,55.278595
4823,,United Arab Emirates,Downtown Dubai,Attraction,25.195373,55.278529
4824,,United Arab Emirates,Downtown Dubai,Attraction,25.195415,55.278455
4825,,United Arab Emirates,Downtown Dubai,Attraction,25.195462,55.278368
4826,,United Arab Emirates,Downtown Dubai,Attraction,25.195506,55.278294
4827,,United Arab Emirates,Downtown Dubai,Attraction,25.195537,55.278216
4828,,United Arab Emirates,Downtown Dubai,Attraction,25.195573,55.278135
4829,,United Arab Emirates,Downtown Dubai,Attraction,25.195597,55.278062
4830,,United Arab Emirates,Downtown Dubai,Attraction,25.195624,55.277967
4831,,United Arab Emirates,Downtown Dubai,Attraction,25.196051,55.277349
4832,,United Arab Emirates,Downtown Dubai,Attraction,25.196124,55.277335
4833,,United Arab Emirates,Downtown Dubai,Attraction,25.196192,55.277295
4834,,United Arab Emirates,Downtown Dubai,Attraction,25.196263,55.277241
4835,,United Arab Emirates,Downtown Dubai,Attraction,25.196323,55.277194
4836,,United Arab Emirates,Downtown Dubai,Attraction,25.196378,55.277138
4837,,United Arab Emirates,Downtown Dubai,Attraction,25.196444,55.277088
4838,,United Arab Emirates,Downtown Dubai,Attraction,25.196504,55.277027
4839,,United Arab Emirates,Downtown Dubai,Attraction,25.196561,55.276959
4840,,United Arab Emirates,Downtown Dubai,Attraction,25.196615,55.276888
4841,,United Arab Emirates,Downtown Dubai,Attraction,25.196342,55.27552
4842,,United Arab Emirates,Downtown Dubai,Attraction,25.196382,55.275574
4843,,United Arab Emirates,Downtown Dubai,Attraction,25.196436,55.275617
4844,,United Arab Emirates,Downtown Dubai,Attraction,25.196489,55.275631
4845,,United Arab Emirates,Downtown Dubai,Attraction,25.196533,55.27565
4846,,United Arab Emirates,Downtown Dubai,Attraction,25.196584,55.275657
4847,,United Arab Emirates,Downtown Dubai,Attraction,25.196575,55.27571
4848,,United Arab Emirates,Downtown Dubai,Attraction,25.196417,55.275776
4849,,United Arab Emirates,Downtown Dubai,Attraction,25.196475,55.275862
4850,,United Arab Emirates,Downtown Dubai,Attraction,25.196565,55.276025
4851,,United Arab Emirates,Downtown Dubai,Attraction,25.19656,55.276136
4852,,United Arab Emirates,Downtown Dubai,Attraction,25.196606,55.276336
4853,,United Arab Emirates,Downtown Dubai,Attraction,25.196627,55.276252
4854,,United Arab Emirates,Downtown Dubai,Attraction,25.196702,55.27635
4855,,United Arab Emirates,Downtown Dubai,Attraction,25.194073,55.273119
4856,,United Arab Emirates,Downtown Dubai,Attraction,25.19399,55.273201
4857,,United Arab Emirates,Downtown Dubai,Attraction,25.19391,55.273291
4858,,United Arab Emirates,Downtown Dubai,Attraction,25.193837,55.273385
4859,,United Arab Emirates,Downtown Dubai,Attraction,25.193776,55.273484
4860,,United Arab Emirates,Downtown Dubai,Attraction,25.193721,55.273576
4861,,United Arab Emirates,Downtown Dubai,Attraction,25.193656,55.27369
4862,,United Arab Emirates,Downtown Dubai,Attraction,25.192063,55.27563
4863,,United Arab Emirates,Downtown Dubai,Attraction,25.192119,55.275736
4864,,United Arab Emirates,Downtown Dubai,Attraction,25.192207,55.275668
4865,,United Arab Emirates,Downtown Dubai,Attraction,25.194876,55.27661
4866,,United Arab Emirates,Downtown Dubai,Attraction,25.194848,55.276646
4867,,United Arab Emirates,Downtown Dubai,Attraction,25.194828,55.27668
4868,,United Arab Emirates,Downtown Dubai,Attraction,25.194816,55.276711
4869,,United Arab Emirates,Downtown Dubai,Attraction,25.194789,55.276744
4870,,United Arab Emirates,Downtown Dubai,Attraction,25.194767,55.276777
4871,,United Arab Emirates,Downtown Dubai,Attraction,25.194973,55.276829
4872,,United Arab Emirates,Downtown Dubai,Attraction,25.195001,55.27679
4873,,United Arab Emirates,Downtown Dubai,Attraction,25.195024,55.276762
4874,,United Arab Emirates,Downtown Dubai,Attraction,25.195041,55.276735
4875,,United Arab Emirates,Downtown Dubai,Attraction,25.195057,55.276711
4876,,United Arab Emirates,Downtown Dubai,Attraction,25.194714,55.277656
4877,,United Arab Emirates,Downtown Dubai,Attraction,25.194662,55.277641
4878,,United Arab Emirates,Downtown Dubai,Attraction,25.194606,55.277629
4879,,United Arab Emirates,Downtown Dubai,Attraction,25.194565,55.27752
4880,,United Arab Emirates,Downtown Dubai,Attraction,25.194581,55.277431
4881,,United Arab Emirates,Downtown Dubai,Attraction,25.19462,55.277431
4882,,United Arab Emirates,Downtown Dubai,Attraction,25.194623,55.277384
4883,,United Arab Emirates,Downtown Dubai,Attraction,25.194536,55.277455
4884,,United Arab Emirates,Downtown Dubai,Attraction,25.194583,55.277372
4885,,United Arab Emirates,Downtown Dubai,Attraction,25.196702,55.276086
4886,,United Arab Emirates,Downtown Dubai,Attraction,25.19668,55.276102
4887,,United Arab Emirates,Downtown Dubai,Attraction,25.194168,55.273056
4888,,United Arab Emirates,Downtown Dubai,Attraction,25.194264,55.272999
4889,,United Arab Emirates,Downtown Dubai,Attraction,25.19437,55.272943
4890,,United Arab Emirates,Downtown Dubai,Attraction,25.194484,55.272891
4891,,United Arab Emirates,Downtown Dubai,Attraction,25.194603,55.272848
4892,,United Arab Emirates,Downtown Dubai,Attraction,25.194713,55.272848
4893,,United Arab Emirates,Downtown Dubai,Attraction,25.194783,55.277303
4894,,United Arab Emirates,Downtown Dubai,Attraction,25.194753,55.277242
4895,,United Arab Emirates,Downtown Dubai,Attraction,25.194696,55.277251
4896,,United Arab Emirates,Downtown Dubai,Attraction,25.19466,55.277262
4897,,United Arab Emirates,Downtown Dubai,Attraction,25.194631,55.27731
4898,,United Arab Emirates,Downtown Dubai,Attraction,25.194669,55.277384
4899,,United Arab Emirates,Downtown Dubai,Attraction,25.194473,55.277827
4900,,United Arab Emirates,Downtown Dubai,Attraction,25.194514,55.277795
4901,,United Arab Emirates,Downtown Dubai,Attraction,25.194496,55.277694
4902,,United Arab Emirates,Downtown Dubai,Attraction,25.194489,55.277623
4903,,United Arab Emirates,Downtown Dubai,Attraction,25.194474,55.277667
4904,,United Arab Emirates,Downtown Dubai,Attraction,25.194444,55.277642
4905,,United Arab Emirates,Downtown Dubai,Attraction,25.194454,55.277711
4906,,United Arab Emirates,Downtown Dubai,Attraction,25.194458,55.277549
4907,,United Arab Emirates,Downtown Dubai,Attraction,25.194412,55.277538
4908,,United Arab Emirates,Downtown Dubai,Attraction,25.194418,55.277489
4909,,United Arab Emirates,Downtown Dubai,Attraction,25.194351,55.277596
4910,,United Arab Emirates,Downtown Dubai,Attraction,25.194445,55.27762
4911,,United Arab Emirates,Downtown Dubai,Attraction,25.194525,55.277242
4912,,United Arab Emirates,Downtown Dubai,Attraction,25.194537,55.277265
4913,,United Arab Emirates,Downtown Dubai,Attraction,25.194546,55.277312
4914,,United Arab Emirates,Downtown Dubai,Attraction,25.194461,55.277259
4915,,United Arab Emirates,Downtown Dubai,Attraction,25.194464,55.277307
4916,,United Arab Emirates,Downtown Dubai,Attraction,25.194475,55.277348
4917,,United Arab Emirates,Downtown Dubai,Attraction,25.194466,55.277408
4918,,United Arab Emirates,Downtown Dubai,Attraction,25.195181,55.276736
4919,,United Arab Emirates,Downtown Dubai,Attraction,25.194423,55.277869
4920,,United Arab Emirates,Downtown Dubai,Attraction,25.19438,55.277899
4921,,United Arab Emirates,Downtown Dubai,Attraction,25.194378,55.277857
4922,,United Arab Emirates,Downtown Dubai,Attraction,25.194248,55.277994
4923,,United Arab Emirates,Downtown Dubai,Attraction,25.194228,55.277966
4924,,United Arab Emirates,Downtown Dubai,Attraction,25.194207,55.277938
4925,,United Arab Emirates,Downtown Dubai,Attraction,25.19419,55.277918
4926,,United Arab Emirates,Downtown Dubai,Attraction,25.194212,55.278034
4927,,United Arab Emirates,Downtown Dubai,Attraction,25.194197,55.278025
4928,,United Arab Emirates,Downtown Dubai,Attraction,25.19404,55.278224
4929,,United Arab Emirates,Downtown Dubai,Attraction,25.194071,55.278185
4930,,United Arab Emirates,Downtown Dubai,Attraction,25.194146,55.278099
4931,,United Arab Emirates,Downtown Dubai,Attraction,25.194101,55.278142
4932,,United Arab Emirates,Downtown Dubai,Attraction,25.194176,55.278068
4933,,United Arab Emirates,Downtown Dubai,Attraction,25.19417,55.277976
4934,,United Arab Emirates,Downtown Dubai,Attraction,25.194015,55.278297
4935,,United Arab Emirates,Downtown Dubai,Attraction,25.193998,55.278316
4936,,United Arab Emirates,Downtown Dubai,Attraction,25.193844,55.278385
4937,,United Arab Emirates,Downtown Dubai,Attraction,25.193827,55.278437
4938,,United Arab Emirates,Downtown Dubai,Attraction,25.193742,55.278499
4939,,United Arab Emirates,Downtown Dubai,Attraction,25.193768,55.278419
4940,,United Arab Emirates,Downtown Dubai,Attraction,25.19377,55.278354
4941,,United Arab Emirates,Downtown Dubai,Attraction,25.193746,55.278376
4942,,United Arab Emirates,Downtown Dubai,Attraction,25.193698,55.278428
4943,,United Arab Emirates,Downtown Dubai,Attraction,25.193653,55.278464
4944,,United Arab Emirates,Downtown Dubai,Attraction,25.193628,55.27849
4945,,United Arab Emirates,Downtown Dubai,Attraction,25.19358,55.27854
4946,,United Arab Emirates,Downtown Dubai,Attraction,25.19354,55.27858
4947,,United Arab Emirates,Downtown Dubai,Attraction,25.193555,55.278559
4948,,United Arab Emirates,Downtown Dubai,Attraction,25.19351,55.278676
4949,,United Arab Emirates,Downtown Dubai,Attraction,25.19356,55.27862
4950,,United Arab Emirates,Downtown Dubai,Attraction,25.193586,55.278659
4951,,United Arab Emirates,Downtown Dubai,Attraction,25.19362,55.278627
4952,,United Arab Emirates,Downtown Dubai,Attraction,25.193704,55.278489
4953,,United Arab Emirates,Downtown Dubai,Attraction,25.19366,55.278526
4954,,United Arab Emirates,Downtown Dubai,Attraction,25.193622,55.278556
4955,,United Arab Emirates,Downtown Dubai,Attraction,25.193595,55.278586
4956,,United Arab Emirates,Downtown Dubai,Attraction,25.193646,55.279118
4957,,United Arab Emirates,Downtown Dubai,Attraction,25.193691,55.279136
4958,,United Arab Emirates,Downtown Dubai,Attraction,25.193607,55.279094
4959,,United Arab Emirates,Downtown Dubai,Attraction,25.193622,55.279057
4960,,United Arab Emirates,Downtown Dubai,Attraction,25.19359,55.279062
4961,,United Arab Emirates,Downtown Dubai,Attraction,25.193566,55.27902
4962,,United Arab Emirates,Downtown Dubai,Attraction,25.193607,55.27902
4963,,United Arab Emirates,Downtown Dubai,Attraction,25.193536,55.278989
4964,,United Arab Emirates,Downtown Dubai,Attraction,25.193539,55.278949
4965,,United Arab Emirates,Downtown Dubai,Attraction,25.193568,55.278882
4966,,United Arab Emirates,Downtown Dubai,Attraction,25.193544,55.278804
4967,,United Arab Emirates,Downtown Dubai,Attraction,25.193578,55.278767
4968,,United Arab Emirates,Downtown Dubai,Attraction,25.193642,55.278694
4969,,United Arab Emirates,Downtown Dubai,Attraction,25.193669,55.278667
4970,,United Arab Emirates,Downtown Dubai,Attraction,25.193706,55.278624
4971,,United Arab Emirates,Downtown Dubai,Attraction,25.19375,55.278577
4972,,United Arab Emirates,Downtown Dubai,Attraction,25.193419,55.278862
4973,,United Arab Emirates,Downtown Dubai,Attraction,25.19341,55.278903
4974,,United Arab Emirates,Downtown Dubai,Attraction,25.193404,55.278944
4975,,United Arab Emirates,Downtown Dubai,Attraction,25.193404,55.278998
4976,,United Arab Emirates,Downtown Dubai,Attraction,25.193399,55.279048
4977,,United Arab Emirates,Downtown Dubai,Attraction,25.193395,55.278856
4978,,United Arab Emirates,Downtown Dubai,Attraction,25.193353,55.278824
4979,,United Arab Emirates,Downtown Dubai,Attraction,25.193321,55.278821
4980,,United Arab Emirates,Downtown Dubai,Attraction,25.193362,55.27887
4981,,United Arab Emirates,Downtown Dubai,Attraction,25.193366,55.278922
4982,,United Arab Emirates,Downtown Dubai,Attraction,25.193373,55.27899
4983,,United Arab Emirates,Downtown Dubai,Attraction,25.193362,55.278959
4984,,United Arab Emirates,Downtown Dubai,Attraction,25.193317,55.278865
4985,,United Arab Emirates,Downtown Dubai,Attraction,25.193334,55.278897
4986,,United Arab Emirates,Downtown Dubai,Attraction,25.193871,55.280088
4987,,United Arab Emirates,Downtown Dubai,Attraction,25.193909,55.280108
4988,,United Arab Emirates,Downtown Dubai,Attraction,25.194119,55.279441
4989,,United Arab Emirates,Downtown Dubai,Attraction,25.194098,55.279459
4990,,United Arab Emirates,Downtown Dubai,Attraction,25.194069,55.279483
4991,,United Arab Emirates,Downtown Dubai,Attraction,25.19403,55.279511
4992,,United Arab Emirates,Downtown Dubai,Attraction,25.193993,55.279529
4993,,United Arab Emirates,Downtown Dubai,Attraction,25.193959,55.279548
4994,,United Arab Emirates,Downtown Dubai,Attraction,25.193912,55.279562
4995,,United Arab Emirates,Downtown Dubai,Attraction,25.193851,55.279573
4996,,United Arab Emirates,Downtown Dubai,Attraction,25.193808,55.279568
4997,,United Arab Emirates,Downtown Dubai,Attraction,25.193789,55.279541
4998,,United Arab Emirates,Downtown Dubai,Attraction,25.193742,55.279486
4999,,United Arab Emirates,Downtown Dubai,Attraction,25.193688,55.279444
5000,,United Arab Emirates,Downtown Dubai,Attraction,25.193684,55.279393
5001,,United Arab Emirates,Downtown Dubai,Attraction,25.193713,55.279355
5002,,United Arab Emirates,Downtown Dubai,Attraction,25.193764,55.279364
5003,,United Arab Emirates,Downtown Dubai,Attraction,25.1938,55.27938
5004,,United Arab Emirates,Downtown Dubai,Attraction,25.193821,55.27941
5005,,United Arab Emirates,Downtown Dubai,Attraction,25.193847,55.279447
5006,,United Arab Emirates,Downtown Dubai,Attraction,25.193873,55.279469
5007,,United Arab Emirates,Downtown Dubai,Attraction,25.193893,55.279487
5008,,United Arab Emirates,Downtown Dubai,Attraction,25.193917,55.279505
5009,,United Arab Emirates,Downtown Dubai,Attraction,25.193944,55.279516
5010,,United Arab Emirates,Downtown Dubai,Attraction,25.194124,55.27984
5011,,United Arab Emirates,Downtown Dubai,Attraction,25.19408,55.279995
5012,,United Arab Emirates,Downtown Dubai,Attraction,25.194048,55.279969
5013,,United Arab Emirates,Downtown Dubai,Attraction,25.194012,55.279978
5014,,United Arab Emirates,Downtown Dubai,Attraction,25.194006,55.280073
5015,,United Arab Emirates,Downtown Dubai,Attraction,25.194387,55.279401
5016,,United Arab Emirates,Downtown Dubai,Attraction,25.19496,55.278286
5017,,United Arab Emirates,Downtown Dubai,Attraction,25.19498,55.278258
5018,,United Arab Emirates,Downtown Dubai,Attraction,25.194989,55.278197
5019,,United Arab Emirates,Downtown Dubai,Attraction,25.194735,55.276454
5020,,United Arab Emirates,Downtown Dubai,Attraction,25.194723,55.276361
5021,,United Arab Emirates,Downtown Dubai,Attraction,25.194679,55.276374
5022,,United Arab Emirates,Downtown Dubai,Attraction,25.194658,55.276398
5023,,United Arab Emirates,Downtown Dubai,Attraction,25.194668,55.276443
5024,,United Arab Emirates,Downtown Dubai,Attraction,25.194609,55.276526
5025,,United Arab Emirates,Downtown Dubai,Attraction,25.194597,55.276498
5026,,United Arab Emirates,Downtown Dubai,Attraction,25.194582,55.27645
5027,,United Arab Emirates,Downtown Dubai,Attraction,25.194563,55.276413
5028,,United Arab Emirates,Downtown Dubai,Attraction,25.194382,55.275788
5029,,United Arab Emirates,Downtown Dubai,Attraction,25.194333,55.275768
5030,,United Arab Emirates,Downtown Dubai,Attraction,25.194436,55.275818
5031,Yılanlı Sütun,Turkey,Fatih,Attraction,41.005665,28.97511
5032,Çemberlitaş Hamamı,Turkey,Fatih,Attraction,41.008542,28.971624
5033,,Turkey,Fatih,Attraction,40.999823,28.92054
5034,Hatice Turhan Sultan Türbesi,Turkey,Fatih,Attraction,41.016202,28.971905
5035,Magnaura Sarayı,Turkey,Fatih,Attraction,41.005448,28.979659
5036,Istanbul Photography Museum,Turkey,Fatih,Attraction,41.00464,28.967754
5037,Ancient Hippodrome Substructure,Turkey,Fatih,Attraction,41.00408,28.973349
5038,Milyon Taşı,Turkey,Fatih,Attraction,41.008067,28.978018
5039,,Turkey,Fatih,Attraction,41.013396,28.961239
5040,Binbirdirek Sarnıcı,Turkey,Fatih,Attraction,41.007606,28.974417
5041,Manifaturaci Draper,Turkey,Fatih,Attraction,41.014808,28.971091
5042,Kıztaşı,Turkey,Fatih,Attraction,41.015441,28.950285
5043,Atatürk,Turkey,Fatih,Attraction,41.015053,28.976821
5044,Fatih Anıtı,Turkey,Fatih,Attraction,41.015573,28.954219
5045,Hava Şehitleri Anıtı,Turkey,Fatih,Attraction,41.016075,28.952635
5046,Hamal,Turkey,Fatih,Attraction,41.014488,28.972908
5047,Atatürk,Turkey,Fatih,Attraction,41.004451,28.973311
5048,Mithat Paşa,Turkey,Fatih,Attraction,41.004219,28.973377
5049,Halı Müzesi,Turkey,Fatih,Attraction,41.005682,28.978669
5050,Koca Sinan Paşa Külliyesi,Turkey,Fatih,Attraction,41.008809,28.969064
5051,Kara Mustafa Paşa Külliyesi,Turkey,Fatih,Attraction,41.008716,28.96776
5052,Atik Ali Paşa Medresesi,Turkey,Fatih,Attraction,41.008408,28.969981
5053,Bayram Paşa Külliyesi,Turkey,Fatih,Attraction,41.008774,28.942342
5054,,Turkey,Fatih,Attraction,40.996197,28.928503
5055,Yedi Kule Hisarı Müzesi,Turkey,Fatih,Attraction,40.993569,28.923931
5056,,Turkey,Fatih,Attraction,41.005087,28.976368
5057,,Turkey,Fatih,Attraction,41.004671,28.976744
5058,,Turkey,Fatih,Attraction,41.00492,28.976365
5059,,Turkey,Fatih,Attraction,41.005106,28.976109
5060,,Turkey,Fatih,Attraction,41.005215,28.975928
5061,,Turkey,Fatih,Attraction,41.005373,28.975657
5062,,Turkey,Fatih,Attraction,41.005513,28.975653
5063,,Turkey,Fatih,Attraction,41.005678,28.9757
5064,,Turkey,Fatih,Attraction,41.005382,28.975931
5065,,Turkey,Fatih,Attraction,41.005782,28.975798
5066,,Turkey,Fatih,Attraction,41.00591,28.975915
5067,,Turkey,Fatih,Attraction,41.006038,28.975999
5068,,Turkey,Fatih,Attraction,41.006147,28.97619
5069,,Turkey,Fatih,Attraction,41.006287,28.976291
5070,,Turkey,Fatih,Attraction,41.006431,28.976513
5071,,Turkey,Fatih,Attraction,41.006145,28.976615
5072,,Turkey,Fatih,Attraction,41.006061,28.9768
5073,,Turkey,Fatih,Attraction,41.006073,28.97704
5074,,Turkey,Fatih,Attraction,41.005915,28.976981
5075,,Turkey,Fatih,Attraction,41.00575,28.977465
5076,,Turkey,Fatih,Attraction,41.005915,28.977518
5077,,Turkey,Fatih,Attraction,41.00591,28.977351
5078,,Turkey,Fatih,Attraction,41.011642,28.982836
5079,,Turkey,Fatih,Attraction,41.01181,28.983073
5080,,Turkey,Fatih,Attraction,41.012053,28.983331
5081,,Turkey,Fatih,Attraction,41.011733,28.983384
5082,,Turkey,Fatih,Attraction,41.011866,28.983522
5083,,Turkey,Fatih,Attraction,41.011548,28.983671
5084,,Turkey,Fatih,Attraction,41.011591,28.983972
5085,,Turkey,Fatih,Attraction,41.011345,28.98372
5086,,Turkey,Fatih,Attraction,41.011943,28.98406
5087,,Turkey,Fatih,Attraction,41.011951,28.983809
5088,,Turkey,Fatih,Attraction,41.012819,28.984216
5089,,Turkey,Fatih,Attraction,41.012242,28.984347
5090,,Turkey,Fatih,Attraction,41.012371,28.983866
5091,,Turkey,Fatih,Attraction,41.011967,28.983062
5092,,Turkey,Fatih,Attraction,41.012213,28.983717
5093,,Turkey,Fatih,Attraction,41.010135,28.97869
5094,,Turkey,Fatih,Attraction,41.00638,28.977871
5095,,Turkey,Fatih,Attraction,41.027545,28.943716
5096,,Turkey,Fatih,Attraction,41.004953,28.972393
5097,,Turkey,Fatih,Attraction,41.00483,28.972437
5098,,Turkey,Fatih,Attraction,41.007411,28.979634
5099,,Turkey,Fatih,Attraction,41.007494,28.979518
5100,,Turkey,Fatih,Attraction,41.007613,28.979368
5101,,Turkey,Fatih,Attraction,41.013702,28.974252
5102,,Turkey,Fatih,Attraction,41.013767,28.973072
5103,,Turkey,Fatih,Attraction,41.013659,28.973231
5104,,Turkey,Fatih,Attraction,41.013503,28.974438
5105,,Turkey,Fatih,Attraction,41.010328,28.956571
5106,,Turkey,Fatih,Attraction,41.010301,28.956751
5107,,Turkey,Fatih,Attraction,41.010333,28.956989
5108,,Turkey,Fatih,Attraction,41.010181,28.957047
5109,,Turkey,Fatih,Attraction,41.009095,28.951738
5110,,Turkey,Fatih,Attraction,41.009089,28.951901
5111,,Turkey,Fatih,Attraction,41.009082,28.952062
5112,,Turkey,Fatih,Attraction,41.009062,28.952439
5113,,Turkey,Fatih,Attraction,41.009047,28.952669
5114,,Turkey,Fatih,Attraction,41.009315,28.953842
5115,,Turkey,Fatih,Attraction,41.009321,28.954033
5116,,Turkey,Fatih,Attraction,41.009335,28.954196
5117,,Turkey,Fatih,Attraction,41.009037,28.952944
5118,,Turkey,Fatih,Attraction,41.01016,28.955993
5119,,Turkey,Fatih,Attraction,41.010066,28.956034
5120,,Turkey,Fatih,Attraction,41.01043,28.955747
5121,,Turkey,Fatih,Attraction,41.007319,28.951046
5122,,Turkey,Fatih,Attraction,41.007508,28.978366
5123,,Turkey,Fatih,Attraction,41.007408,28.978557
5124,,Turkey,Fatih,Attraction,41.00728,28.9785
5125,,Turkey,Fatih,Attraction,41.007081,28.977933
5126,,Turkey,Fatih,Attraction,41.007297,28.977563
5127,,Turkey,Fatih,Attraction,41.007175,28.977451
5128,,Turkey,Fatih,Attraction,41.007278,28.979293
5129,,Turkey,Fatih,Attraction,41.007323,28.979222
5130,,Turkey,Fatih,Attraction,41.007362,28.979133
5131,,Turkey,Fatih,Attraction,41.007685,28.978575
5132,,Turkey,Fatih,Attraction,41.007774,28.978406
5133,,Turkey,Fatih,Attraction,41.007744,28.978486
5134,,Turkey,Fatih,Attraction,41.007559,28.978821
5135,,Turkey,Fatih,Attraction,41.007477,28.978964
5136,,Turkey,Fatih,Attraction,41.007957,28.978786
5137,,Turkey,Fatih,Attraction,41.007536,28.979433
5138,Zindan baba Türbesi,Turkey,Fatih,Attraction,41.018787,28.969177
5139,,Turkey,Fatih,Attraction,41.014026,28.968812
5140,Kanuni Sultan Suleyman 1 Turbesi,Turkey,Fatih,Attraction,41.0157,28.964466
5141,Hurrem Haseki (Roksolana) Turbesi,Turkey,Fatih,Attraction,41.015668,28.964809
5142,,Turkey,Fatih,Attraction,41.018933,28.9505
5143,,Turkey,Fatih,Attraction,41.018844,28.950815
5144,Molla Gurani Turbesi,Turkey,Fatih,Attraction,41.011069,28.941832
5145,,Turkey,Fatih,Attraction,41.025575,28.950133
5146,,Turkey,Fatih,Attraction,41.02626,28.951603
5147,,Turkey,Fatih,Attraction,41.026196,28.951503
5148,,Turkey,Fatih,Attraction,41.026314,28.951688
5149,,Turkey,Fatih,Attraction,41.009331,28.971609
5150,,Turkey,Fatih,Attraction,41.008515,28.967738
5151,cuma pazar,Turkey,Fatih,Attraction,41.011382,28.940869
5152,,Turkey,Fatih,Attraction,41.017067,28.954818
5153,,Turkey,Fatih,Attraction,41.017136,28.954887
5154,,Turkey,Fatih,Attraction,41.017212,28.954966
5155,,Turkey,Fatih,Attraction,41.017321,28.955064
5156,,Turkey,Fatih,Attraction,41.017378,28.955124
5157,,Turkey,Fatih,Attraction,41.01745,28.955197
5158,,Turkey,Fatih,Attraction,41.01668,28.954436
5159,,Turkey,Fatih,Attraction,41.016766,28.954541
5160,,Turkey,Fatih,Attraction,41.01687,28.954628
5161,,Turkey,Fatih,Attraction,41.016939,28.954707
5162,Gotlar Sütunu,Turkey,Fatih,Attraction,41.014641,28.985677
5163,Kapali Carsi,Turkey,Fatih,Attraction,41.010109,28.969963
5164,,Turkey,Fatih,Attraction,41.010247,28.973691
5165,,Turkey,Fatih,Attraction,41.017101,28.972706
5166,,Turkey,Fatih,Attraction,41.017103,28.972893
5167,,Turkey,Fatih,Attraction,41.01722,28.97294
5168,,Turkey,Fatih,Attraction,41.017265,28.97269
5169,,Turkey,Fatih,Attraction,41.017253,28.972328
5170,,Turkey,Fatih,Attraction,41.017193,28.973196
5171,,Turkey,Fatih,Attraction,41.01708,28.973182
5172,,Turkey,Fatih,Attraction,41.017031,28.973107
5173,,Turkey,Fatih,Attraction,41.016931,28.973282
5174,,Turkey,Fatih,Attraction,41.016851,28.973192
5175,Laleli,Turkey,Fatih,Attraction,41.008694,28.955729
5176,Ayios Polieuktos Kilisesi,Turkey,Fatih,Attraction,41.014232,28.952959
5177,Halı Müzesi,Turkey,Fatih,Attraction,41.008732,28.980956
5178,Imrahor ilyasbey mezarlığı,Turkey,Fatih,Attraction,40.996268,28.92814
5179,Şeyh Ahmet Buhara Türbesi,Turkey,Fatih,Attraction,41.02316,28.96026
5180,Rezan Has Museum,Turkey,Fatih,Attraction,41.02528,28.958433
5181,Seyyit Velayet Türbesi,Turkey,Fatih,Attraction,41.023848,28.954732
5182,Panayia Belgradu Kilisesi,Turkey,Fatih,Attraction,41.000113,28.921979
5183,Hamidiye Kültür Ve Eğitim Vakfı Topkapı Nusret,Turkey,Fatih,Attraction,41.019625,28.927784
5184,,Turkey,Fatih,Attraction,41.007927,28.975245
5185,Lions Rug and kilims Art Gallery,Turkey,Fatih,Attraction,41.012871,28.977892
5186,II. Abdülhamit Çeşmesi,Turkey,Fatih,Attraction,41.01478,28.979041
5187,İstanbul Demiryolu Müzesi,Turkey,Fatih,Attraction,41.015199,28.976683
5188,Sultan Spa and Wellness Center,Turkey,Fatih,Attraction,41.012376,28.977568
5189,Hodjapasta,Turkey,Fatih,Attraction,41.014271,28.975689
5190,Tasciri Spettacolo,Turkey,Fatih,Attraction,41.014044,28.975613
5191,Paşa Kapısı,Turkey,Fatih,Attraction,41.011143,28.977982
5192,Cevri Kalfa Çeşmesi,Turkey,Fatih,Attraction,41.008002,28.976769
5193,Hacı Beşir Ağa Çeşmesi,Turkey,Fatih,Attraction,41.00827,28.977987
5194,Molla Hüsrev cami Turbası,Turkey,Fatih,Attraction,41.014778,28.959381
5195,Hacı Beşir Ağa Çeşmesi,Turkey,Fatih,Attraction,41.00367,28.928744
5196,Beyazıt Türk Hamam Kültürü Müzesi,Turkey,Fatih,Attraction,41.009946,28.961554
5197,Abdullah El Ensari Türbesi,Turkey,Fatih,Attraction,41.033298,28.944349
5198,Ebuzer Gifari Türbesi,Turkey,Fatih,Attraction,41.037606,28.94286
5199,İvaz Efendi Çeşmesi,Turkey,Fatih,Attraction,41.037889,28.941146
5200,Türk ve İslam Eserleri Müzesi,Turkey,Fatih,Attraction,41.00628,28.974915
5201,Molla Gorani Hazretlerinin Kabri,Turkey,Fatih,Attraction,41.011231,28.941136
5202,Sahabe-i Kiramdan Abdurrahman Şami Türbesi,Turkey,Fatih,Attraction,41.00669,28.979145
5203,İslam bilim ve teknoloji tarihi müzesi,Turkey,Fatih,Attraction,41.013219,28.978968
5204,Tarihi Hacı Kadın Hamamı,Turkey,Fatih,Attraction,40.999786,28.927489
5205,Şeyh Seyyid Seyfullah Hz.,Turkey,Fatih,Attraction,41.007168,28.926987
5206,Türk Vakıf Hat Sanatları Müzesi,Turkey,Fatih,Attraction,41.01005,28.963181
5207,Marmara Üniversitesi Cumhuriyet Müzesi ve Sanat Galerisi,Turkey,Fatih,Attraction,41.005186,28.974389
5208,İstanbul Cumhuriyet Eğitim Müzesi,Turkey,Fatih,Attraction,41.00496,28.973933
5209,Mehmet Efendi Çeşmesi,Turkey,Fatih,Attraction,41.00318,28.972079
5210,Çoğalzade Rüstem Paşa Çeşmesi,Turkey,Fatih,Attraction,41.003043,28.972552
5211,Pera Spa,Turkey,Fatih,Attraction,41.010597,28.973182
5212,Türkiye Gazeteciler Cemiyeti Basın Müzesi,Turkey,Fatih,Attraction,41.008562,28.972216
5213,Karababa Türbesi,Turkey,Fatih,Attraction,41.008301,28.969208
5214,Merzifonlu Kara Mustafa Paşa Medresesi,Turkey,Fatih,Attraction,41.008669,28.967937
5215,Yahya Kemal Museum,Turkey,Fatih,Attraction,41.008741,28.967614
5216,Çorlulu Alipaşa Madresesi,Turkey,Fatih,Attraction,41.008912,28.968318
5217,Sarayburnu Atatürk Anıtı,Turkey,Fatih,Attraction,41.016263,28.986133
5218,,Turkey,Fatih,Attraction,41.01441,28.955834
5219,Surp Kevork Kilisesi,Turkey,Fatih,Attraction,41.001865,28.933147
5220,,Turkey,Fatih,Attraction,41.007148,28.977465
5221,,Turkey,Fatih,Attraction,41.005641,28.974721
5222,,Turkey,Fatih,Attraction,41.019418,28.966392
5223,,Turkey,Fatih,Attraction,41.016761,28.970637
5224,Bukoleon Tower,Turkey,Fatih,Attraction,41.002419,28.976853
5225,,Turkey,Fatih,Attraction,41.012715,28.983917
5226,Eğrikapı,Turkey,Fatih,Attraction,41.036473,28.939398
5227,,Turkey,Fatih,Attraction,41.013597,28.981641
5228,Prison of Anemas,Turkey,Fatih,Attraction,41.038414,28.940798
5229,,Turkey,Fatih,Attraction,41.026135,28.950152
5230,Turgut Reis,Turkey,Fatih,Attraction,41.013533,28.987321
5231,Merdivenli Yokuş Evleri,Turkey,Fatih,Attraction,41.031306,28.946227
5232,,Turkey,Fatih,Attraction,41.004134,28.975188
5233,Fatih Sultan Mehmet Anıtı,Turkey,Fatih,Attraction,41.030347,28.937023
5234,İstanbul’un Orta Noktası,Turkey,Fatih,Attraction,41.013123,28.957839
5235,,Turkey,Fatih,Attraction,41.017259,28.968982
5236,,Turkey,Fatih,Attraction,41.002566,28.937418
5237,,Turkey,Fatih,Attraction,41.002518,28.937199
5238,,Turkey,Fatih,Attraction,41.002598,28.937572
5239,,Turkey,Fatih,Attraction,41.002625,28.93772
5240,,Turkey,Fatih,Attraction,41.002645,28.937818
5241,,Turkey,Fatih,Attraction,41.002684,28.938037
5242,,Turkey,Fatih,Attraction,41.002699,28.938119
5243,,Turkey,Fatih,Attraction,41.002714,28.938209
5244,,Turkey,Fatih,Attraction,41.002731,28.938309
5245,,Turkey,Fatih,Attraction,41.002753,28.938423
5246,,Turkey,Fatih,Attraction,41.002953,28.938834
5247,,Turkey,Fatih,Attraction,41.003149,28.938772
5248,,Turkey,Fatih,Attraction,41.003064,28.9388
5249,,Turkey,Fatih,Attraction,41.002863,28.938852
5250,,Turkey,Fatih,Attraction,41.003424,28.938106
5251,,Turkey,Fatih,Attraction,41.00344,28.938218
5252,,Turkey,Fatih,Attraction,41.003462,28.938326
5253,,Turkey,Fatih,Attraction,41.003487,28.938438
5254,,Turkey,Fatih,Attraction,41.003507,28.938544
5255,,Turkey,Fatih,Attraction,41.004815,28.937873
5256,,Turkey,Fatih,Attraction,41.004856,28.93799
5257,,Turkey,Fatih,Attraction,41.004897,28.938113
5258,,Turkey,Fatih,Attraction,41.004933,28.938218
5259,,Turkey,Fatih,Attraction,41.005012,28.938449
5260,,Turkey,Fatih,Attraction,41.004977,28.938332
5261,,Turkey,Fatih,Attraction,41.005348,28.938367
5262,,Turkey,Fatih,Attraction,41.005448,28.938396
5263,,Turkey,Fatih,Attraction,41.005558,28.938367
5264,,Turkey,Fatih,Attraction,41.004694,28.937577
5265,,Turkey,Fatih,Attraction,41.004487,28.937648
5266,,Turkey,Fatih,Attraction,41.004592,28.937612
5267,,Turkey,Fatih,Attraction,41.002427,28.965364
5268,,Turkey,Fatih,Attraction,41.015448,28.985107
5269,PTT Müzesi,Turkey,Fatih,Attraction,41.014715,28.973899
5270,Gate of Rhegion,Turkey,Fatih,Attraction,41.014097,28.92199
5271,Gate of Rhegion,Turkey,Fatih,Attraction,41.014086,28.922069
5272,,Turkey,Fatih,Attraction,41.017608,28.955441
5273,,Turkey,Fatih,Attraction,41.017672,28.955513
5274,,Turkey,Fatih,Attraction,41.017745,28.955586
5275,,Turkey,Fatih,Attraction,41.017884,28.955757
5276,,Turkey,Fatih,Attraction,41.017952,28.955856
5277,,Turkey,Fatih,Attraction,41.01803,28.95596
5278,Beyazit Kulesi,Turkey,Fatih,Attraction,41.011394,28.964682
5279,Türk Eczacılık Tarihi İhtisas Müzesi,Turkey,Fatih,Attraction,41.010849,28.963116
5280,İstanbul Üniversitesi Rıdvan Çelikel Arkeoloji Müzesi,Turkey,Fatih,Attraction,41.009856,28.960116
5281,Nakkaş Sarnıcı,Turkey,Fatih,Attraction,41.004102,28.975153
5282,Colorful houses,Turkey,Fatih,Attraction,41.029576,28.947632
5283,Yanbol sinagog,Turkey,Fatih,Attraction,41.033268,28.946336
5284,,Turkey,Fatih,Attraction,41.014455,28.936971
5285,,Turkey,Fatih,Attraction,41.014404,28.936992
5286,,Turkey,Fatih,Attraction,41.014314,28.936821
5287,,Turkey,Fatih,Attraction,41.01448,28.936867
5288,,Turkey,Fatih,Attraction,41.015085,28.936593
5289,,Turkey,Fatih,Attraction,41.01524,28.93621
5290,,Turkey,Fatih,Attraction,41.015197,28.93632
5291,,Turkey,Fatih,Attraction,41.015188,28.936291
5292,,Turkey,Fatih,Attraction,41.015219,28.936252
5293,,Turkey,Fatih,Attraction,41.015158,28.936372
5294,,Turkey,Fatih,Attraction,41.015109,28.936495
5295,,Turkey,Fatih,Attraction,41.015083,28.936555
5296,,Turkey,Fatih,Attraction,41.015036,28.936187
5297,,Turkey,Fatih,Attraction,41.014932,28.936129
5298,,Turkey,Fatih,Attraction,41.014972,28.935998
5299,,Turkey,Fatih,Attraction,41.015075,28.936093
5300,,Turkey,Fatih,Attraction,41.015031,28.936004
5301,,Turkey,Fatih,Attraction,41.015144,28.936138
5302,,Turkey,Fatih,Attraction,41.01509,28.93626
5303,,Turkey,Fatih,Attraction,41.014996,28.936363
5304,,Turkey,Fatih,Attraction,41.014969,28.936474
5305,,Turkey,Fatih,Attraction,41.01492,28.936605
5306,,Turkey,Fatih,Attraction,41.014984,28.936585
5307,,Turkey,Fatih,Attraction,41.014837,28.936445
5308,,Turkey,Fatih,Attraction,41.014852,28.936338
5309,,Turkey,Fatih,Attraction,41.014813,28.936695
5310,,Turkey,Fatih,Attraction,41.014755,28.936723
5311,,Turkey,Fatih,Attraction,41.01478,28.93681
5312,,Turkey,Fatih,Attraction,41.014675,28.936939
5313,,Turkey,Fatih,Attraction,41.014766,28.937077
5314,,Turkey,Fatih,Attraction,41.014563,28.93707
5315,,Turkey,Fatih,Attraction,41.014711,28.937186
5316,,Turkey,Fatih,Attraction,41.015017,28.93674
5317,,Turkey,Fatih,Attraction,41.014979,28.936802
5318,,Turkey,Fatih,Attraction,41.014956,28.936886
5319,,Turkey,Fatih,Attraction,41.014926,28.936958
5320,,Turkey,Fatih,Attraction,41.014099,28.936637
5321,Rainbow stairs,Turkey,Fatih,Attraction,41.016589,28.966676
5322,Cumaa Bazaar,Turkey,Fatih,Attraction,41.011094,28.940427
5323,,Turkey,Fatih,Attraction,41.017082,28.954809
5324,,Turkey,Fatih,Attraction,41.021762,28.926286
5325,Vodina Caddesi,Turkey,Fatih,Attraction,41.030324,28.950098
5326,Kiremit Caddesi,Turkey,Fatih,Attraction,41.029534,28.947637
5327,Topkapi Sarayı,Turkey,Fatih,Attraction,41.011344,28.983203
5328,Merdıvenli Yokuş,Turkey,Fatih,Attraction,41.031253,28.946205
5329,Silivrikapı Hypogeum,Turkey,Fatih,Attraction,41.006603,28.9219
5330,Roofstar Bosphorus,Turkey,Fatih,Attraction,41.012598,28.966087
5331,Mrs Macquarie's Point / Yurong,Australia,Sydney CBD,Attraction,-33.859032,151.222162
5332,Bennelong Point / Dubbagullee,Australia,Sydney CBD,Attraction,-33.85613,151.215443
5333,Mrs Macquarie's Chair,Australia,Sydney CBD,Attraction,-33.859706,151.222565
5334,Garden Island Signal Mask,Australia,Sydney CBD,Attraction,-33.869844,151.19831
5335,Hyde Park Obelisk,Australia,Sydney CBD,Attraction,-33.87467,151.209854
5336,Sydney Fish Market,Australia,Sydney CBD,Attraction,-33.873064,151.192572
5337,Justice & Police Museum,Australia,Sydney CBD,Attraction,-33.862085,151.212283
5338,WWI,Australia,Sydney CBD,Attraction,-33.869467,151.194022
5339,Australian Securities Exchange,Australia,Sydney CBD,Attraction,-33.867902,151.210165
5340,The Rocks Discovery Museum,Australia,Sydney CBD,Attraction,-33.858899,151.208652
5341,Macquarie Obelisk,Australia,Sydney CBD,Attraction,-33.863199,151.210216
5342,Susannah Place Museum,Australia,Sydney CBD,Attraction,-33.860092,151.207429
5343,HMAS Sydney I – SMS Emden Memorial,Australia,Sydney CBD,Attraction,-33.876527,151.211888
5344,The Cenotaph War Memorial,Australia,Sydney CBD,Attraction,-33.867493,151.207777
5345,Hans Christian Andersen,Australia,Sydney CBD,Attraction,-33.859165,151.204691
5346,South African War,Australia,Sydney CBD,Attraction,-33.859052,151.204792
5347,The Rocks Market,Australia,Sydney CBD,Attraction,-33.857877,151.208607
5348,Queen Victoria Building,Australia,Sydney CBD,Attraction,-33.87171,151.206806
5349,Wollemi Pine,Australia,Sydney CBD,Attraction,-33.86564,151.2177
5350,Allan Cunningham,Australia,Sydney CBD,Attraction,-33.864613,151.217277
5351,Henry Kendal,Australia,Sydney CBD,Attraction,-33.86653,151.216554
5352,"Sir Richard Bourke, K.C.B.",Australia,Sydney CBD,Attraction,-33.866058,151.212897
5353,"To the Horses, WW1, Sinai Desert & Palestine",Australia,Sydney CBD,Attraction,-33.865432,151.212959
5354,,Australia,Sydney CBD,Attraction,-33.858671,151.215051
5355,,Australia,Sydney CBD,Attraction,-33.858783,151.215521
5356,Captain Arthur Philip,Australia,Sydney CBD,Attraction,-33.86524,151.213028
5357,Matthew Flinders' Cat - Trim,Australia,Sydney CBD,Attraction,-33.866354,151.212768
5358,Albert the Good,Australia,Sydney CBD,Attraction,-33.869733,151.212187
5359,Burns 1759-1796,Australia,Sydney CBD,Attraction,-33.869645,151.214848
5360,Queen Victoria,Australia,Sydney CBD,Attraction,-33.869685,151.211798
5361,,Australia,Sydney CBD,Attraction,-33.888994,151.204759
5362,,Australia,Sydney CBD,Attraction,-33.88875,151.204967
5363,,Australia,Sydney CBD,Attraction,-33.888459,151.205215
5364,,Australia,Sydney CBD,Attraction,-33.888265,151.205389
5365,,Australia,Sydney CBD,Attraction,-33.889323,151.204759
5366,,Australia,Sydney CBD,Attraction,-33.889376,151.205268
5367,Henry Lawson,Australia,Sydney CBD,Attraction,-33.86596,151.219081
5368,Sir John Roberston,Australia,Sydney CBD,Attraction,-33.867898,151.216207
5369,,Australia,Sydney CBD,Attraction,-33.853763,151.208442
5370,,Australia,Sydney CBD,Attraction,-33.853963,151.208426
5371,,Australia,Sydney CBD,Attraction,-33.853968,151.208295
5372,,Australia,Sydney CBD,Attraction,-33.854084,151.208702
5373,,Australia,Sydney CBD,Attraction,-33.854136,151.208254
5374,,Australia,Sydney CBD,Attraction,-33.85371,151.20866
5375,,Australia,Sydney CBD,Attraction,-33.854383,151.208193
5376,,Australia,Sydney CBD,Attraction,-33.854508,151.208165
5377,,Australia,Sydney CBD,Attraction,-33.854593,151.20814
5378,,Australia,Sydney CBD,Attraction,-33.854737,151.209649
5379,,Australia,Sydney CBD,Attraction,-33.854789,151.209599
5380,,Australia,Sydney CBD,Attraction,-33.854912,151.207948
5381,,Australia,Sydney CBD,Attraction,-33.854973,151.208185
5382,,Australia,Sydney CBD,Attraction,-33.85499,151.209761
5383,,Australia,Sydney CBD,Attraction,-33.855009,151.20957
5384,,Australia,Sydney CBD,Attraction,-33.855055,151.20776
5385,,Australia,Sydney CBD,Attraction,-33.855081,151.208127
5386,,Australia,Sydney CBD,Attraction,-33.855097,151.210246
5387,,Australia,Sydney CBD,Attraction,-33.855147,151.209308
5388,,Australia,Sydney CBD,Attraction,-33.855152,151.209909
5389,,Australia,Sydney CBD,Attraction,-33.855163,151.209649
5390,,Australia,Sydney CBD,Attraction,-33.85518,151.209201
5391,,Australia,Sydney CBD,Attraction,-33.85518,151.208012
5392,,Australia,Sydney CBD,Attraction,-33.85517,151.210241
5393,,Australia,Sydney CBD,Attraction,-33.855241,151.209362
5394,,Australia,Sydney CBD,Attraction,-33.855748,151.210331
5395,,Australia,Sydney CBD,Attraction,-33.855271,151.209097
5396,,Australia,Sydney CBD,Attraction,-33.85528,151.209672
5397,,Australia,Sydney CBD,Attraction,-33.855283,151.207692
5398,,Australia,Sydney CBD,Attraction,-33.855244,151.210257
5399,,Australia,Sydney CBD,Attraction,-33.855322,151.207853
5400,,Australia,Sydney CBD,Attraction,-33.855325,151.209599
5401,,Australia,Sydney CBD,Attraction,-33.855339,151.210213
5402,,Australia,Sydney CBD,Attraction,-33.855365,151.207557
5403,,Australia,Sydney CBD,Attraction,-33.855383,151.209514
5404,,Australia,Sydney CBD,Attraction,-33.855411,151.210144
5405,,Australia,Sydney CBD,Attraction,-33.855404,151.209311
5406,,Australia,Sydney CBD,Attraction,-33.855409,151.209407
5407,,Australia,Sydney CBD,Attraction,-33.855454,151.209111
5408,,Australia,Sydney CBD,Attraction,-33.855461,151.209249
5409,,Australia,Sydney CBD,Attraction,-33.855463,151.207464
5410,,Australia,Sydney CBD,Attraction,-33.855512,151.209021
5411,,Australia,Sydney CBD,Attraction,-33.855701,151.210425
5412,,Australia,Sydney CBD,Attraction,-33.855524,151.210105
5413,,Australia,Sydney CBD,Attraction,-33.855556,151.207323
5414,,Australia,Sydney CBD,Attraction,-33.855626,151.208013
5415,,Australia,Sydney CBD,Attraction,-33.855625,151.210494
5416,,Australia,Sydney CBD,Attraction,-33.855657,151.207467
5417,,Australia,Sydney CBD,Attraction,-33.855699,151.207958
5418,,Australia,Sydney CBD,Attraction,-33.855716,151.202549
5419,,Australia,Sydney CBD,Attraction,-33.855611,151.210269
5420,,Australia,Sydney CBD,Attraction,-33.855891,151.202571
5421,,Australia,Sydney CBD,Attraction,-33.855893,151.207795
5422,,Australia,Sydney CBD,Attraction,-33.855982,151.207748
5423,,Australia,Sydney CBD,Attraction,-33.856085,151.202597
5424,,Australia,Sydney CBD,Attraction,-33.856156,151.202481
5425,,Australia,Sydney CBD,Attraction,-33.856175,151.20752
5426,,Australia,Sydney CBD,Attraction,-33.856188,151.202588
5427,,Australia,Sydney CBD,Attraction,-33.856257,151.208533
5428,,Australia,Sydney CBD,Attraction,-33.85626,151.207671
5429,,Australia,Sydney CBD,Attraction,-33.856321,151.207407
5430,,Australia,Sydney CBD,Attraction,-33.856434,151.208595
5431,,Australia,Sydney CBD,Attraction,-33.856465,151.208995
5432,,Australia,Sydney CBD,Attraction,-33.856512,151.207205
5433,,Australia,Sydney CBD,Attraction,-33.856523,151.209026
5434,,Australia,Sydney CBD,Attraction,-33.856565,151.208852
5435,,Australia,Sydney CBD,Attraction,-33.85664,151.208671
5436,,Australia,Sydney CBD,Attraction,-33.856675,151.205955
5437,,Australia,Sydney CBD,Attraction,-33.856721,151.206928
5438,,Australia,Sydney CBD,Attraction,-33.856741,151.205693
5439,,Australia,Sydney CBD,Attraction,-33.856772,151.206551
5440,,Australia,Sydney CBD,Attraction,-33.856798,151.205591
5441,,Australia,Sydney CBD,Attraction,-33.856828,151.205706
5442,,Australia,Sydney CBD,Attraction,-33.856832,151.208747
5443,,Australia,Sydney CBD,Attraction,-33.856857,151.206833
5444,,Australia,Sydney CBD,Attraction,-33.856862,151.205492
5445,,Australia,Sydney CBD,Attraction,-33.856894,151.206988
5446,,Australia,Sydney CBD,Attraction,-33.856937,151.205547
5447,,Australia,Sydney CBD,Attraction,-33.856936,151.208202
5448,,Australia,Sydney CBD,Attraction,-33.856956,151.208829
5449,,Australia,Sydney CBD,Attraction,-33.856958,151.206709
5450,,Australia,Sydney CBD,Attraction,-33.857087,151.208905
5451,,Australia,Sydney CBD,Attraction,-33.857113,151.206144
5452,,Australia,Sydney CBD,Attraction,-33.857148,151.205548
5453,,Australia,Sydney CBD,Attraction,-33.857144,151.206512
5454,,Australia,Sydney CBD,Attraction,-33.857149,151.208588
5455,,Australia,Sydney CBD,Attraction,-33.857152,151.208095
5456,,Australia,Sydney CBD,Attraction,-33.857207,151.206052
5457,,Australia,Sydney CBD,Attraction,-33.857301,151.206082
5458,,Australia,Sydney CBD,Attraction,-33.857257,151.207853
5459,,Australia,Sydney CBD,Attraction,-33.857268,151.209024
5460,,Australia,Sydney CBD,Attraction,-33.857278,151.208662
5461,,Australia,Sydney CBD,Attraction,-33.857285,151.205974
5462,,Australia,Sydney CBD,Attraction,-33.857329,151.206337
5463,,Australia,Sydney CBD,Attraction,-33.857305,151.205649
5464,,Australia,Sydney CBD,Attraction,-33.857337,151.20781
5465,,Australia,Sydney CBD,Attraction,-33.857276,151.208988
5466,,Australia,Sydney CBD,Attraction,-33.857372,151.206294
5467,,Australia,Sydney CBD,Attraction,-33.857415,151.206247
5468,,Australia,Sydney CBD,Attraction,-33.857429,151.209117
5469,,Australia,Sydney CBD,Attraction,-33.85744,151.207757
5470,,Australia,Sydney CBD,Attraction,-33.857448,151.209695
5471,,Australia,Sydney CBD,Attraction,-33.857521,151.205473
5472,,Australia,Sydney CBD,Attraction,-33.857546,151.206001
5473,,Australia,Sydney CBD,Attraction,-33.857554,151.205604
5474,,Australia,Sydney CBD,Attraction,-33.857551,151.205719
5475,,Australia,Sydney CBD,Attraction,-33.857571,151.208306
5476,,Australia,Sydney CBD,Attraction,-33.857574,151.209201
5477,,Australia,Sydney CBD,Attraction,-33.857549,151.205903
5478,,Australia,Sydney CBD,Attraction,-33.857553,151.205819
5479,,Australia,Sydney CBD,Attraction,-33.857587,151.207672
5480,,Australia,Sydney CBD,Attraction,-33.857626,151.209353
5481,,Australia,Sydney CBD,Attraction,-33.857662,151.208329
5482,,Australia,Sydney CBD,Attraction,-33.857672,151.206257
5483,,Australia,Sydney CBD,Attraction,-33.857678,151.205476
5484,,Australia,Sydney CBD,Attraction,-33.857681,151.205241
5485,,Australia,Sydney CBD,Attraction,-33.857681,151.205366
5486,,Australia,Sydney CBD,Attraction,-33.857685,151.205067
5487,,Australia,Sydney CBD,Attraction,-33.857698,151.204924
5488,,Australia,Sydney CBD,Attraction,-33.857704,151.20378
5489,,Australia,Sydney CBD,Attraction,-33.857704,151.203915
5490,,Australia,Sydney CBD,Attraction,-33.857707,151.203638
5491,,Australia,Sydney CBD,Attraction,-33.857714,151.206666
5492,,Australia,Sydney CBD,Attraction,-33.857744,151.206352
5493,,Australia,Sydney CBD,Attraction,-33.857775,151.203448
5494,,Australia,Sydney CBD,Attraction,-33.857762,151.206653
5495,,Australia,Sydney CBD,Attraction,-33.857828,151.205838
5496,,Australia,Sydney CBD,Attraction,-33.85785,151.209007
5497,,Australia,Sydney CBD,Attraction,-33.857904,151.206242
5498,,Australia,Sydney CBD,Attraction,-33.857891,151.207475
5499,,Australia,Sydney CBD,Attraction,-33.857896,151.208109
5500,,Australia,Sydney CBD,Attraction,-33.857902,151.203453
5501,,Australia,Sydney CBD,Attraction,-33.857912,151.206397
5502,,Australia,Sydney CBD,Attraction,-33.857966,151.207421
5503,,Australia,Sydney CBD,Attraction,-33.858008,151.203465
5504,,Australia,Sydney CBD,Attraction,-33.858083,151.207351
5505,,Australia,Sydney CBD,Attraction,-33.85812,151.208082
5506,,Australia,Sydney CBD,Attraction,-33.858159,151.203448
5507,,Australia,Sydney CBD,Attraction,-33.85819,151.205427
5508,,Australia,Sydney CBD,Attraction,-33.858189,151.20728
5509,,Australia,Sydney CBD,Attraction,-33.858301,151.20723
5510,,Australia,Sydney CBD,Attraction,-33.858338,151.204539
5511,,Australia,Sydney CBD,Attraction,-33.858345,151.20472
5512,,Australia,Sydney CBD,Attraction,-33.858375,151.208075
5513,,Australia,Sydney CBD,Attraction,-33.858371,151.20503
5514,,Australia,Sydney CBD,Attraction,-33.858392,151.207154
5515,,Australia,Sydney CBD,Attraction,-33.858396,151.204618
5516,,Australia,Sydney CBD,Attraction,-33.858413,151.204694
5517,,Australia,Sydney CBD,Attraction,-33.858446,151.204965
5518,,Australia,Sydney CBD,Attraction,-33.858493,151.20712
5519,,Australia,Sydney CBD,Attraction,-33.858505,151.209459
5520,,Australia,Sydney CBD,Attraction,-33.858612,151.206115
5521,,Australia,Sydney CBD,Attraction,-33.858626,151.207058
5522,,Australia,Sydney CBD,Attraction,-33.85864,151.209451
5523,,Australia,Sydney CBD,Attraction,-33.858642,151.204872
5524,,Australia,Sydney CBD,Attraction,-33.858673,151.205103
5525,,Australia,Sydney CBD,Attraction,-33.858731,151.205498
5526,,Australia,Sydney CBD,Attraction,-33.85875,151.207089
5527,,Australia,Sydney CBD,Attraction,-33.858752,151.20565
5528,,Australia,Sydney CBD,Attraction,-33.858776,151.208202
5529,,Australia,Sydney CBD,Attraction,-33.858799,151.206946
5530,,Australia,Sydney CBD,Attraction,-33.8588,151.209496
5531,,Australia,Sydney CBD,Attraction,-33.858809,151.209036
5532,,Australia,Sydney CBD,Attraction,-33.858881,151.208174
5533,,Australia,Sydney CBD,Attraction,-33.858926,151.209043
5534,,Australia,Sydney CBD,Attraction,-33.85898,151.207396
5535,,Australia,Sydney CBD,Attraction,-33.858987,151.20692
5536,,Australia,Sydney CBD,Attraction,-33.859017,151.207641
5537,,Australia,Sydney CBD,Attraction,-33.859048,151.207813
5538,,Australia,Sydney CBD,Attraction,-33.859076,151.209126
5539,,Australia,Sydney CBD,Attraction,-33.859078,151.207337
5540,,Australia,Sydney CBD,Attraction,-33.85909,151.209298
5541,,Australia,Sydney CBD,Attraction,-33.859091,151.208954
5542,,Australia,Sydney CBD,Attraction,-33.859094,151.207568
5543,,Australia,Sydney CBD,Attraction,-33.859097,151.207461
5544,,Australia,Sydney CBD,Attraction,-33.859113,151.207712
5545,,Australia,Sydney CBD,Attraction,-33.859115,151.207121
5546,,Australia,Sydney CBD,Attraction,-33.859136,151.208202
5547,,Australia,Sydney CBD,Attraction,-33.859139,151.207808
5548,,Australia,Sydney CBD,Attraction,-33.859176,151.208453
5549,,Australia,Sydney CBD,Attraction,-33.859228,151.208991
5550,,Australia,Sydney CBD,Attraction,-33.85923,151.207076
5551,,Australia,Sydney CBD,Attraction,-33.859222,151.208236
5552,,Australia,Sydney CBD,Attraction,-33.859236,151.208314
5553,,Australia,Sydney CBD,Attraction,-33.859228,151.209135
5554,,Australia,Sydney CBD,Attraction,-33.859275,151.209107
5555,,Australia,Sydney CBD,Attraction,-33.859328,151.207059
5556,,Australia,Sydney CBD,Attraction,-33.859357,151.209808
5557,,Australia,Sydney CBD,Attraction,-33.859368,151.20792
5558,,Australia,Sydney CBD,Attraction,-33.859365,151.208233
5559,,Australia,Sydney CBD,Attraction,-33.859403,151.207099
5560,,Australia,Sydney CBD,Attraction,-33.859459,151.207903
5561,,Australia,Sydney CBD,Attraction,-33.859491,151.208457
5562,,Australia,Sydney CBD,Attraction,-33.859501,151.208177
5563,,Australia,Sydney CBD,Attraction,-33.85963,151.207878
5564,,Australia,Sydney CBD,Attraction,-33.859967,151.207847
5565,,Australia,Sydney CBD,Attraction,-33.860054,151.207833
5566,,Australia,Sydney CBD,Attraction,-33.860201,151.207782
5567,,Australia,Sydney CBD,Attraction,-33.860272,151.207768
5568,,Australia,Sydney CBD,Attraction,-33.860299,151.206462
5569,,Australia,Sydney CBD,Attraction,-33.860374,151.209338
5570,,Australia,Sydney CBD,Attraction,-33.860403,151.208664
5571,,Australia,Sydney CBD,Attraction,-33.860405,151.207745
5572,,Australia,Sydney CBD,Attraction,-33.860447,151.206394
5573,,Australia,Sydney CBD,Attraction,-33.860515,151.208814
5574,,Australia,Sydney CBD,Attraction,-33.860481,151.206832
5575,,Australia,Sydney CBD,Attraction,-33.860524,151.206408
5576,,Australia,Sydney CBD,Attraction,-33.860536,151.209318
5577,,Australia,Sydney CBD,Attraction,-33.860546,151.208647
5578,,Australia,Sydney CBD,Attraction,-33.860564,151.208956
5579,,Australia,Sydney CBD,Attraction,-33.86056,151.207684
5580,,Australia,Sydney CBD,Attraction,-33.860558,151.206966
5581,,Australia,Sydney CBD,Attraction,-33.860651,151.208735
5582,,Australia,Sydney CBD,Attraction,-33.86066,151.207627
5583,,Australia,Sydney CBD,Attraction,-33.860688,151.208602
5584,,Australia,Sydney CBD,Attraction,-33.860712,151.208707
5585,,Australia,Sydney CBD,Attraction,-33.860719,151.207605
5586,,Australia,Sydney CBD,Attraction,-33.860791,151.208577
5587,,Australia,Sydney CBD,Attraction,-33.860791,151.208707
5588,,Australia,Sydney CBD,Attraction,-33.860791,151.209228
5589,,Australia,Sydney CBD,Attraction,-33.860845,151.207551
5590,,Australia,Sydney CBD,Attraction,-33.860859,151.208687
5591,,Australia,Sydney CBD,Attraction,-33.86088,151.20856
5592,,Australia,Sydney CBD,Attraction,-33.860908,151.209211
5593,,Australia,Sydney CBD,Attraction,-33.860925,151.208684
5594,,Australia,Sydney CBD,Attraction,-33.860929,151.207207
5595,,Australia,Sydney CBD,Attraction,-33.860936,151.207351
5596,,Australia,Sydney CBD,Attraction,-33.860943,151.207452
5597,,Australia,Sydney CBD,Attraction,-33.860973,151.206549
5598,,Australia,Sydney CBD,Attraction,-33.860976,151.20856
5599,,Australia,Sydney CBD,Attraction,-33.860994,151.206639
5600,,Australia,Sydney CBD,Attraction,-33.861007,151.208681
5601,,Australia,Sydney CBD,Attraction,-33.861041,151.206693
5602,,Australia,Sydney CBD,Attraction,-33.861299,151.208659
5603,,Australia,Sydney CBD,Attraction,-33.861322,151.20881
5604,,Australia,Sydney CBD,Attraction,-33.861287,151.208186
5605,,Australia,Sydney CBD,Attraction,-33.861333,151.208943
5606,,Australia,Sydney CBD,Attraction,-33.861377,151.209267
5607,,Australia,Sydney CBD,Attraction,-33.861396,151.209465
5608,,Australia,Sydney CBD,Attraction,-33.861354,151.20814
5609,,Australia,Sydney CBD,Attraction,-33.861338,151.209535
5610,,Australia,Sydney CBD,Attraction,-33.861466,151.210431
5611,,Australia,Sydney CBD,Attraction,-33.861535,151.210728
5612,,Australia,Sydney CBD,Attraction,-33.861555,151.210991
5613,,Australia,Sydney CBD,Attraction,-33.861576,151.211163
5614,,Australia,Sydney CBD,Attraction,-33.861594,151.211302
5615,,Australia,Sydney CBD,Attraction,-33.86171,151.210686
5616,,Australia,Sydney CBD,Attraction,-33.861729,151.211453
5617,,Australia,Sydney CBD,Attraction,-33.861734,151.2116
5618,,Australia,Sydney CBD,Attraction,-33.861781,151.21067
5619,,Australia,Sydney CBD,Attraction,-33.861783,151.211453
5620,,Australia,Sydney CBD,Attraction,-33.861822,151.211126
5621,,Australia,Sydney CBD,Attraction,-33.861844,151.210665
5622,,Australia,Sydney CBD,Attraction,-33.861898,151.211126
5623,,Australia,Sydney CBD,Attraction,-33.861927,151.21066
5624,,Australia,Sydney CBD,Attraction,-33.862125,151.210433
5625,,Australia,Sydney CBD,Attraction,-33.862214,151.210495
5626,,Australia,Sydney CBD,Attraction,-33.858847,151.204579
5627,,Australia,Sydney CBD,Attraction,-33.858993,151.205308
5628,,Australia,Sydney CBD,Attraction,-33.85902,151.204274
5629,,Australia,Sydney CBD,Attraction,-33.859056,151.205637
5630,,Australia,Sydney CBD,Attraction,-33.859235,151.205082
