restaurant_id,name,country,city,cuisine,latitude,longitude
1,Pizzeria ai Marmi,Italy,Rome,pizza,41.888263,12.47379
2,Sichuan Haozi,Italy,Rome,chinese,41.895814,12.499455
3,Dar filettaro a Santa Barbara,Italy,Rome,italian,41.894671,12.473696
4,Al Peperoncino,Italy,Rome,pizza;steak_house,41.853427,12.476983
5,Rosati,Italy,Rome,,41.910076,12.47607
6,,Italy,Rome,,41.874261,12.607099
7,Trattoria Ada e Mario,Italy,Rome,italian,41.875315,12.514332
8,Gustosando,Italy,Rome,italian_pizza;italian,41.89954,12.427434
9,Sa Posada,Italy,Rome,sardinian,41.879946,12.507904
10,Pizzeria Formula 1,Italy,Rome,pizza,41.897019,12.512681
11,Da Francesco,Italy,Rome,pasta,41.899318,12.470403
12,Pizzeria Nuovo Mondo,Italy,Rome,pizza,41.88212,12.476172
13,Le Streghe,Italy,Rome,steak_house;italian,41.862816,12.551723
14,Mok,Italy,Rome,,41.910703,12.498585
15,,Italy,Rome,,41.956967,12.412676
16,HanCook Ristorante Coreano Roma (한쿡),Italy,Rome,korean,41.884115,12.516125
17,T-Bone Station,Italy,Rome,steak_house,41.941595,12.470398
18,Casa Claudia Jazz and Garden,Italy,Rome,,41.933568,12.533792
19,Mangianapoli,Italy,Rome,pizza,41.861397,12.550845
20,Sergio e Serra,Italy,Rome,regional,41.730506,12.276407
21,Mare Blu,Italy,Rome,chinese,41.861318,12.550387
22,Pot Pourri,Italy,Rome,pizza,41.863339,12.490442
23,Tandoori,Italy,Rome,indian,41.888272,12.529621
24,Ar Buchetto,Italy,Rome,italian,41.876446,12.518367
25,Trattoria Zampagna,Italy,Rome,regional,41.860672,12.478707
26,Cacio e pepe,Italy,Rome,italian;local,41.915292,12.466712
27,,Italy,Rome,,41.97629,12.273903
28,,Italy,Rome,pizza,41.813289,12.486013
29,Antico Falcone,Italy,Rome,Romana,41.912108,12.453039
30,Arco bistrot,Italy,Rome,italian;pizza,41.867424,12.5358
31,Nuraghe Sardo,Italy,Rome,,41.910958,12.445896
32,La Locanda del Borgo,Italy,Rome,,41.96449,12.596791
33,Peperoncino Rosso,Italy,Rome,,41.777977,12.442181
34,Ristorante la Torre,Italy,Rome,italian,41.931426,12.578281
35,'O Masto 3 - Al Vesuvio,Italy,Rome,pizza,41.862281,12.488147
36,Sushi Kyo,Italy,Rome,japanese,41.841628,12.481483
37,La Caraffa,Italy,Rome,fish,41.869362,12.517176
38,Hang Zhou,Italy,Rome,chinese,41.893702,12.508619
39,Siciliainbocca,Italy,Rome,regional,41.932679,12.467559
40,Lo Sgobbone,Italy,Rome,italian,41.928498,12.462462
41,Da Domenico,Italy,Rome,regional,41.885727,12.537674
42,Il Baffetto,Italy,Rome,pizza,41.898305,12.470351
43,NO Pizza Party,Italy,Rome,pizza,41.808601,12.483434
44,Quattordicesimo Piano - Il Fungo,Italy,Rome,regional,41.824385,12.463029
45,Pizzeria Er Panonto,Italy,Rome,pizza,41.862311,12.485038
46,Otium,Italy,Rome,regional;cocktails,41.862935,12.489956
47,Panorama 2001,Italy,Rome,pizza,41.846643,12.411141
48,La Fiorentina,Italy,Rome,italian,41.91009,12.452793
49,L'Orange - Restaurant Wine Bar,Italy,Rome,italian,41.880724,12.46665
50,Natalino e Maurizio,Italy,Rome,,41.941838,12.470478
51,L'Ortica,Italy,Rome,,41.941947,12.471551
52,l'Acquolina,Italy,Rome,,41.942461,12.473972
53,La gioia,Italy,Rome,chinese,41.947803,12.550592
54,O' Sole Mio,Italy,Rome,,41.733203,12.289358
55,Antica Trattoria Tritone,Italy,Rome,italian,41.902403,12.485449
56,L'Archetto,Italy,Rome,italian,41.934703,12.420232
57,Osteria dell'Angelo,Italy,Rome,Romana,41.911647,12.456474
58,L'insalatiera,Italy,Rome,,41.912902,12.452341
59,Mr.Zhao,Italy,Rome,chinese,41.911855,12.449925
60,Hamerica's,Italy,Rome,american,41.908573,12.455124
61,B.Ro Beef Bar,Italy,Rome,burger,41.927077,12.485911
62,Molto,Italy,Rome,,41.927639,12.486592
63,Caminetto,Italy,Rome,,41.928176,12.486162
64,La Pariolina,Italy,Rome,,41.928627,12.486022
65,Ercoli 1928,Italy,Rome,italian,41.929174,12.486144
66,da Dino,Italy,Rome,regional;italian,41.903974,12.503104
67,Hard Rock Cafe,Italy,Rome,american,41.906447,12.490003
68,Dal Bolognese,Italy,Rome,regional,41.909937,12.476093
69,New Town,Italy,Rome,chinese,41.906031,12.447796
70,Tiberino,Italy,Rome,,41.890695,12.477909
71,La tana dei ricci,Italy,Rome,,41.79083,12.453423
72,"Pane ar pane, vino ar vino",Italy,Rome,,41.776025,12.374382
73,La Fontanella Borghese,Italy,Rome,,41.903563,12.476709
74,Marcantonio,Italy,Rome,italian,41.903877,12.45999
75,,Italy,Rome,italian,41.910637,12.537602
76,La Villetta,Italy,Rome,,41.927694,12.410838
77,I Tre Fratelli,Italy,Rome,pizza,41.86231,12.489937
78,,Italy,Rome,,41.898131,12.426188
79,,Italy,Rome,,41.937563,12.427721
80,La Pimpaccia,Italy,Rome,regional,41.879381,12.450784
81,La Piazzetta,Italy,Rome,pizza;ice_cream,41.912032,12.449537
82,Old Wild West,Italy,Rome,american,41.729814,12.276855
83,Il bar sotto al mare,Italy,Rome,italian,41.908631,12.452206
84,Pizza Roma,Italy,Rome,pizza,41.817553,12.490443
85,Girasole,Italy,Rome,regional,41.814995,12.49143
86,Tazio Restaurant,Italy,Rome,,41.901956,12.496194
87,The Burger Factory Roma,Italy,Rome,,41.875575,12.468536
88,Aurora,Italy,Rome,italian,41.908056,12.487224
89,La Francescana,Italy,Rome,italian,41.963375,12.447094
90,Menù Fisso,Italy,Rome,,41.972907,12.439615
91,Sport Cafè,Italy,Rome,,41.97318,12.429714
92,Kabab,Italy,Rome,persian,41.971294,12.436696
93,Il Casale Bicocca,Italy,Rome,pizza,41.798817,12.526501
94,Doveralu,Italy,Rome,,41.900387,12.492498
95,Osteria Margutta,Italy,Rome,italian,41.908066,12.480085
96,Il Margutta veggy food & art,Italy,Rome,,41.909509,12.478304
97,Taverna Parione,Italy,Rome,italian,41.898758,12.470766
98,Il Tempio di Apollo,Italy,Rome,regional,42.019184,12.393122
99,Derione,Italy,Rome,,41.730053,12.27722
100,,Italy,Rome,regional,41.732005,12.268978
101,Sushi Jiro,Italy,Rome,sushi,41.851078,12.493706
102,C'era una volta,Italy,Rome,,41.872365,12.458422
103,Il Chiodo Fisso,Italy,Rome,,41.921151,12.439336
104,Oscar,Italy,Rome,pizza;italian,41.910446,12.445037
105,Grazia Deledda,Italy,Rome,,41.931888,12.527162
106,Palazzo Due,Italy,Rome,,41.932032,12.525831
107,Mò Mò Republic,Italy,Rome,italian,41.867235,12.450427
108,Cuccurucù,Italy,Rome,italian,41.925202,12.459137
109,Osteria del Gallo,Italy,Rome,italian,41.899679,12.471099
110,Trattoria Da Lucia,Italy,Rome,italian,41.890381,12.467634
111,Strega,Italy,Rome,italian,41.899386,12.494526
112,Washington,Italy,Rome,pizza;burger;italian;regional,41.900804,12.496868
113,Dim Sum,Italy,Rome,chinese,41.909653,12.456985
114,La Pace del Cervello,Italy,Rome,,41.889486,12.494593
115,Zen Garden 2,Italy,Rome,asian,41.863159,12.478289
116,Da Danilo,Italy,Rome,,41.892046,12.50532
117,Galilei,Italy,Rome,,41.890421,12.503419
118,Al Cavallino Bianco,Italy,Rome,,41.892709,12.50531
119,Pizzeria Romana da Giovanni,Italy,Rome,pizza;regional,41.867554,12.493322
120,Osteria29,Italy,Rome,regional;italian;pizza,41.788349,12.394424
121,Osteria Palmira,Italy,Rome,,41.878304,12.453467
122,L'insalata ricca,Italy,Rome,regional;italian_pizza,41.906571,12.456547
123,Lo Scalino,Italy,Rome,italian,41.934304,12.420163
124,C'era una volta,Italy,Rome,pizza,41.877332,12.521971
125,Ristorante Orientale Wok - Okura,Italy,Rome,,41.820107,12.618855
126,Il Miraggio,Italy,Rome,italian;pasta;pizza,41.899143,12.481502
127,l'Orso 80,Italy,Rome,italian,41.901854,12.473622
128,Osteria all'alberone,Italy,Rome,roman,41.875706,12.520036
129,Mi Noodles,Italy,Rome,chinese;noodles,41.876275,12.519342
130,Il ponte della ranocchia,Italy,Rome,,41.876224,12.518315
131,Da Cocco,Italy,Rome,pizza,41.876173,12.517013
132,Wang Xian Lou,Italy,Rome,chinese,41.901106,12.496989
133,Il casale di Giulia,Italy,Rome,,41.701779,12.436428
134,Pizzeria Dal Bersagliere,Italy,Rome,pizza,41.875737,12.520886
135,Chizuru,Italy,Rome,japanese,41.876691,12.520962
136,Reinbo,Italy,Rome,japanese,41.878101,12.523622
137,Il Torchio Sardo,Italy,Rome,regional,41.877643,12.522346
138,da Riccardo,Italy,Rome,regional;italian,41.837374,12.511726
139,L'isola,Italy,Rome,italian,41.881269,12.528899
140,Old Wild West,Italy,Rome,steak_house,41.834635,12.471917
141,Antica Posta,Italy,Rome,,41.842734,12.468353
142,Trattoria Fauro,Italy,Rome,,41.92717,12.488316
143,Ciccia & Bomba Ai Parioli S.R.L.,Italy,Rome,,41.925906,12.489421
144,Trattoria Pizzeria La Caravella,Italy,Rome,italian,41.9081,12.456665
145,Roadhouse,Italy,Rome,steak_house,41.901733,12.50288
146,Ni Hao,Italy,Rome,chinese;japanese,41.907008,12.456842
147,Okasan,Italy,Rome,japanese,41.909428,12.454234
148,Mikaku,Italy,Rome,chinese,41.874922,12.523611
149,Sakura Ramen,Italy,Rome,japanese,41.875064,12.523099
150,FiloDiLatte,Italy,Rome,,41.875432,12.523645
151,La zingarella,Italy,Rome,italian,41.874142,12.51919
152,Grazia & Graziella,Italy,Rome,italian,41.874374,12.518743
153,Checco dello Scapicollo,Italy,Rome,regional;italian,41.817628,12.483885
154,La Pace,Italy,Rome,chinese,41.894421,12.490561
155,Le Bistrot,Italy,Rome,,41.860031,12.493848
156,Osteria der Belli,Italy,Rome,italian,41.889869,12.470797
157,Xin Du,Italy,Rome,chinese,41.92033,12.519258
158,Città del Drago,Italy,Rome,chinese,41.872832,12.520772
159,The View,Italy,Rome,italian,41.92133,12.448096
160,Officina Alimentare San Paolo,Italy,Rome,,41.853538,12.480568
161,Antica Trattoria Angelino,Italy,Rome,,41.894106,12.479931
162,Trattoria Pigneto,Italy,Rome,regional,41.888655,12.52691
163,Er Mattatoio,Italy,Rome,burger,41.733112,12.270656
164,Old Bear,Italy,Rome,italian,41.901673,12.47327
165,Lo Zozzone,Italy,Rome,,41.898685,12.471604
166,Mada Fish,Italy,Rome,italian,41.836088,12.587357
167,Bin Hai,Italy,Rome,chinese,41.88691,12.520048
168,Il peperoncino dispettoso,Italy,Rome,italian,41.915253,12.443029
169,Il Grottino,Italy,Rome,,41.886233,12.517137
170,Happy Hours,Italy,Rome,pizza,41.922075,12.41143
171,,Italy,Rome,italian,41.887088,12.522757
172,Ristorante Da Giuliana,Italy,Rome,italian,41.907993,12.456069
173,Prelibato - cucina in piazza,Italy,Rome,seafood,41.8608,12.491699
174,Est Est Est!,Italy,Rome,pizza,41.898947,12.492639
175,Da Candido,Italy,Rome,italian,41.921955,12.4585
176,L'Insalata Ricca,Italy,Rome,italian,41.888351,12.474441
177,L'angolo del Gusto,Italy,Rome,pizza,41.910902,12.653026
178,Gli Antenati,Italy,Rome,,41.909111,12.654785
179,Da Baffo,Italy,Rome,regional;pizza,41.852134,12.503538
180,Pizzeria Gino e Salvatore,Italy,Rome,pizza,41.846458,12.488103
181,Hostaria Isidoro Al Colosseo,Italy,Rome,,41.888838,12.498653
182,Da Bucatino,Italy,Rome,italian;italian_pizza,41.880339,12.476859
183,Angelino ai Fori,Italy,Rome,pizza;italian;regional,41.893017,12.488041
184,Pizzeria Imperiale,Italy,Rome,pizza,41.893126,12.488237
185,Ombre Rosse,Italy,Rome,,41.889899,12.469222
186,Ippokrates,Italy,Rome,greek,41.909011,12.498371
187,Il Podista,Italy,Rome,pizza,41.899507,12.516798
188,Al giardino del gatto e la volpe,Italy,Rome,italian,41.911869,12.45397
189,Pizzeria Caselli,Italy,Rome,italian,41.912722,12.442022
190,I Quattro Mori,Italy,Rome,italian,41.898116,12.455897
191,Tuttifrutti,Italy,Rome,,41.878597,12.478276
192,Felice a Testaccio,Italy,Rome,italian,41.878501,12.477466
193,il Condottiero,Italy,Rome,italian,41.946958,12.588188
194,Janta Fast Food,Italy,Rome,indian,41.895614,12.504628
195,,Italy,Rome,,41.856936,12.451451
196,,Italy,Rome,,41.856287,12.452095
197,,Italy,Rome,,41.856464,12.453322
198,BioOsteria,Italy,Rome,italian/organic,41.944016,12.565271
199,Zen fusion,Italy,Rome,japanese,41.926706,12.515598
200,L'hostaria,Italy,Rome,italian_pizza,41.930865,12.520865
201,,Italy,Rome,,41.927813,12.52258
202,,Italy,Rome,,41.926863,12.516692
203,,Italy,Rome,,41.928435,12.521746
204,,Italy,Rome,,41.930631,12.519747
205,Taverna Abruzzese,Italy,Rome,,41.930134,12.521826
206,Pizzeria San Marino,Italy,Rome,italian_pizza,41.923478,12.513438
207,Antica Hostaria dei Ghiottoni,Italy,Rome,regional,41.982476,12.512983
208,Tanto pe'...Magnà,Italy,Rome,regional,41.8613,12.491202
209,li scalini de Marisa,Italy,Rome,regional,41.864473,12.491241
210,,Italy,Rome,italian;pizza,41.944465,12.577447
211,,Italy,Rome,italian;pizza,41.944479,12.577413
212,Mario al Tesoro,Italy,Rome,,41.944218,12.560395
213,Da Giggetto,Italy,Rome,regional,41.892659,12.478369
214,Pulcino pio,Italy,Rome,italian;pizza,41.938963,12.578
215,Qui se Magna,Italy,Rome,regional,41.88597,12.537947
216,Al Vino al Vino,Italy,Rome,regional,41.895516,12.490369
217,Taverna Romana,Italy,Rome,regional,41.894097,12.489451
218,Enoteca Cavour 313,Italy,Rome,regional,41.89372,12.489126
219,,Italy,Rome,chinese,41.763017,12.360184
220,Cocomerino,Italy,Rome,pizza;italian,41.941839,12.435215
221,La Rocca Già,Italy,Rome,italian;pizza;regional,41.955995,12.382755
222,Re Grano,Italy,Rome,pizza,41.790499,12.417053
223,Arturo all'Antica Aurelia,Italy,Rome,italian,41.889848,12.425623
224,Osteria Pontesisto di Oliviero,Italy,Rome,italian,41.891979,12.469533
225,Taverna Antonina,Italy,Rome,italian,41.900347,12.478937
226,Osteria Corsetti 1921,Italy,Rome,italian,41.887164,12.469104
227,L'archetto II,Italy,Rome,italian,41.887604,12.468805
228,Gran Caffe Martini & Rossi,Italy,Rome,italian,41.889713,12.494165
229,Al Gladiatore,Italy,Rome,italian,41.889446,12.494046
230,Royal art café,Italy,Rome,italian,41.889955,12.49427
231,Ristorante 4 Colonne,Italy,Rome,italian,41.897458,12.473566
232,,Italy,Rome,,41.898198,12.475743
233,Pani's,Italy,Rome,italian,41.846487,12.47851
234,Al postaccio,Italy,Rome,pizza,41.788706,12.514806
235,,Italy,Rome,,41.788453,12.519431
236,,Italy,Rome,,41.795166,12.534579
237,Ai Due Cedri,Italy,Rome,,41.794362,12.535035
238,Ristorante Pizzeria Dea di Roma,Italy,Rome,italian;pizza,41.821945,12.519223
239,,Italy,Rome,,41.826659,12.518448
240,,Italy,Rome,,41.826709,12.527356
241,,Italy,Rome,japanese,41.920048,12.52593
242,Renato e Luisa,Italy,Rome,italian,41.895219,12.475734
243,El dorado,Italy,Rome,pizza,41.963121,12.532839
244,Quelli… di Salvatore,Italy,Rome,steak_house;pizza,41.96072,12.536803
245,L'Angolo Romano,Italy,Rome,,41.882342,12.565103
246,Carpe Diem,Italy,Rome,pizza,41.953557,12.544662
247,Zio d'America,Italy,Rome,,41.943689,12.54827
248,Bottega35,Italy,Rome,pizza,42.009833,12.376479
249,Qui nun se more mai,Italy,Rome,regional,41.85003,12.522856
250,Da Gino,Italy,Rome,regional,41.902246,12.477393
251,Ristorante Messicano,Italy,Rome,mexican,41.89773,12.474182
252,La Torricella 2,Italy,Rome,pizza;regional;italian;italian_pizza,41.867007,12.487905
253,Lunadue,Italy,Rome,,41.841595,12.551288
254,Micci,Italy,Rome,italian;pizza,41.909402,12.451471
255,La fonte del tramezzino,Italy,Rome,italian,41.873172,12.52104
256,,Italy,Rome,,41.937882,12.441189
257,,Italy,Rome,,41.934428,12.439919
258,L'Idillio,Italy,Rome,regional,41.88487,12.534983
259,Feida,Italy,Rome,chinese,41.908542,12.456678
260,Dino e Toni,Italy,Rome,italian,41.90981,12.45485
261,Asian Delight,Italy,Rome,asian;filipino;chinese,41.905525,12.500239
262,Le Papere,Italy,Rome,,41.934281,12.583631
263,dal pallarolo 1936,Italy,Rome,italian;italian_pizza,41.909423,12.476269
264,La taverna del ghetto,Italy,Rome,italian,41.892944,12.477688
265,Nonna Betta,Italy,Rome,jewish;italian,41.892754,12.478118
266,La Santeria,Italy,Rome,fish,41.888161,12.530119
267,Hostaria Mimì e Cocò,Italy,Rome,italian,41.890312,12.524814
268,Il Fiorentino,Italy,Rome,italian,41.888974,12.526158
269,Pizzeria al Pigneto,Italy,Rome,italian,41.888382,12.529172
270,Sant'Alberto,Italy,Rome,italian;pizza,41.888856,12.525896
271,,Italy,Rome,ethiopian,41.888106,12.524959
272,Da Natalino,Italy,Rome,italian,41.790942,12.438058
273,Sora Pia,Italy,Rome,italian,41.898665,12.427905
274,Masandro,Italy,Rome,pizza;regional,41.880223,12.472996
275,Ciak si Mangia!,Italy,Rome,italian,41.889317,12.530955
276,Da Dante - Trattoria,Italy,Rome,italian,41.917497,12.460633
277,Allo sbarco di Enea,Italy,Rome,,41.75826,12.299844
278,Il monumento,Italy,Rome,italian,41.760044,12.30216
279,Arianna al Borghetto,Italy,Rome,regional,41.75982,12.301827
280,Pizzeria Piero,Italy,Rome,pizza,41.785877,12.330761
281,Lo zio Frankie,Italy,Rome,,41.903669,12.425718
282,Il facocchio,Italy,Rome,italian;pizza,42.002611,12.382909
283,Dal Zabà,Italy,Rome,,42.001962,12.384337
284,Panizzeri,Italy,Rome,,41.967597,12.536644
285,Spacca Napoli,Italy,Rome,pizza,41.874526,12.524797
286,Zi Umberto,Italy,Rome,italian,41.89207,12.468918
287,Nuova Città,Italy,Rome,chinese,41.87593,12.52507
288,Capperi!,Italy,Rome,italian,41.919749,12.435717
289,Jinjà,Italy,Rome,chinese;japanese,41.912586,12.449834
290,Casale del Fiscale,Italy,Rome,regional,41.859238,12.544868
291,,Italy,Rome,pizza,41.775904,12.33546
292,Trattoriola - Bioristoro,Italy,Rome,italian,41.930976,12.553665
293,La Veranda,Italy,Rome,italian,41.876763,12.519285
294,I Cavalieri,Italy,Rome,steak_house;italian;italian_pizza;pizza;fish;pasta,41.979899,12.517425
295,Ristorante Piperno,Italy,Rome,jewish;italian,41.892322,12.476086
296,Ba' Ghetto Milky,Italy,Rome,jewish;italian,41.893147,12.477071
297,Ba'Ghetto,Italy,Rome,jewish-italian,41.892669,12.477782
298,San Marco,Italy,Rome,,41.907609,12.466969
299,Da Enzo,Italy,Rome,italian,41.888086,12.477807
300,L'Osteria Del Mare Da Masticabrodo,Italy,Rome,italian,41.939236,12.578292
301,The Village Terrazza,France,Paris,pizza,48.829835,2.322866
302,Le Severo,France,Paris,french,48.831991,2.324533
303,Uno,France,Paris,italian;pizza,48.861849,2.3435
304,La Crypte Polska,France,Paris,,48.867292,2.325551
305,Mystery Cuisine,France,Paris,,48.865893,2.337257
306,Chez Denise,France,Paris,french,48.861524,2.344089
307,La Robe et le Palais,France,Paris,bistro;french,48.858644,2.34585
308,Macéo,France,Paris,,48.866404,2.33806
309,Le Petit Marché,France,Paris,french,48.857289,2.36605
310,Café des Musées,France,Paris,french,48.858071,2.364331
311,Camille,France,Paris,french,48.857777,2.360727
312,Les Enfants Rouges,France,Paris,,48.86303,2.361253
313,404,France,Paris,moroccan,48.864464,2.354305
314,Onhà Dô,France,Paris,vietnamese,48.848377,2.373969
315,Lémoni Café,France,Paris,,48.864797,2.341178
316,Rani Mahal,France,Paris,indian,48.868799,2.337327
317,O' Scià,France,Paris,pizza;italian,48.864878,2.347521
318,Café Moderne,France,Paris,french,48.868904,2.342206
319,Manteigaria - Fábrica de Pastéis de Nata Rambuteau,France,Paris,portuguese;cake,48.860997,2.354435
320,La Perla,France,Paris,mexican,48.855759,2.35614
321,L'Excuse,France,Paris,,48.853388,2.362008
322,Pizzou,France,Paris,pizza,48.857608,2.356259
323,Chez Marianne,France,Paris,lebanese,48.857731,2.358636
324,Chouette,France,Paris,,48.85559,2.362825
325,Le Lutétia Île Saint-Louis,France,Paris,,48.853299,2.354095
326,Au Petit Fer à Cheval,France,Paris,regional,48.857435,2.357611
327,Jardin des Pâtes,France,Paris,pasta;italian,48.843744,2.354486
328,La Tour d'Argent,France,Paris,french,48.84983,2.354915
329,Kusksi Original Couscous,France,Paris,,48.844946,2.348692
330,Desi Road,France,Paris,indian,48.855669,2.339989
331,Brasserie Lipp,France,Paris,,48.853753,2.33241
332,Bistro des Poèmes,France,Paris,french,48.84935,2.339153
333,Silencio des Prés,France,Paris,,48.854681,2.333203
334,Polidor,France,Paris,french,48.849818,2.340134
335,La Grivoiserie,France,Paris,,48.844179,2.32992
336,Le Trait D'Union,France,Paris,,48.846834,2.326516
337,Buddha-Bar Paris,France,Paris,fusion_asiatique,48.86808,2.321569
338,Qasim,France,Paris,indian,48.871044,2.30942
339,Diep,France,Paris,chinese,48.869527,2.303004
340,Le Café Zéphyr,France,Paris,french,48.871873,2.341849
341,Bouillon Julien,France,Paris,coffee_shop,48.870541,2.353221
342,Bouillon Chartier,France,Paris,french;brasserie,48.875912,2.358771
343,Clown-Bar,France,Paris,french,48.863623,2.367174
344,Biondi,France,Paris,argentinian,48.863821,2.367074
345,Rang,France,Paris,indian,48.868003,2.373207
346,Le Troisième Bureau,France,Paris,,48.865674,2.370798
347,Cannibale Café,France,Paris,regional;french,48.86841,2.379326
348,Avé Maria,France,Paris,,48.864484,2.373028
349,Le Café des Anges,France,Paris,coffee_shop;french,48.855436,2.374452
350,Le Cyrano,France,Paris,,48.856102,2.37519
351,Justine,France,Paris,french;pizza,48.865677,2.377887
352,Le Voltaire,France,Paris,brasserie,48.865169,2.367369
353,Sinorama,France,Paris,chinese,48.826363,2.36017
354,Phở Banh Cuon 14,France,Paris,vietnamese,48.826365,2.35953
355,Le Temps des Cerises,France,Paris,french,48.827877,2.350525
356,Atelier 58,France,Paris,,48.835,2.32703
357,Papa Yoyo,France,Paris,regional,48.833267,2.315623
358,Mian Mian,France,Paris,chinese,48.841329,2.299099
359,Perlamatta,France,Paris,italian,48.840784,2.288277
360,Casa Luisa,France,Paris,tapas,48.858099,2.27232
361,La Pétaudière,France,Paris,,48.886932,2.339959
362,GrandCœur,France,Paris,,48.859609,2.353492
363,Marcello,France,Paris,,48.852327,2.335006
364,Café Jacquemart-André,France,Paris,,48.875502,2.310394
365,Linette,France,Paris,french,48.86003,2.300634
366,Au Pied de Fouet,France,Paris,,48.851645,2.318595
367,Chez Germaine,France,Paris,,48.848253,2.319488
368,L'Ami Jean,France,Paris,french,48.860318,2.305992
369,Astrance,France,Paris,french,48.865091,2.289781
370,Yotaro sushi,France,Paris,japanese,48.85238,2.403685
371,Doppio,France,Paris,italian,48.879597,2.351936
372,Les Artisans,France,Paris,,48.842881,2.303139
373,Dandelion,France,Paris,,48.854459,2.400654
374,Le Petit Littré,France,Paris,,48.845038,2.32404
375,Gildas Delamer,France,Paris,fish,48.839599,2.266925
376,Suraj,France,Paris,indian,48.827448,2.314834
377,L'Ancienne Menuiserie,France,Paris,,48.867344,2.373961
378,Bocamexa,France,Paris,mexican,48.857046,2.355997
379,Le Moulin à Café,France,Paris,,48.833485,2.319881
380,Le Muguet,France,Paris,,48.852775,2.405931
381,La Popotière,France,Paris,french;regional,48.855197,2.401633
382,Sohna Punjab,France,Paris,indian,48.854034,2.405886
383,Le Cardinal,France,Paris,,48.837325,2.257453
384,Les Fontaines,France,Paris,,48.83785,2.257931
385,Le Nemrod,France,Paris,,48.848833,2.325351
386,La Grille Montorgueil,France,Paris,,48.864721,2.346913
387,Louisette,France,Paris,,48.869405,2.354934
388,Gaston & Marlo,France,Paris,french,48.869346,2.355266
389,L’Arrosoir,France,Paris,,48.846162,2.378132
390,Mama Nissa,France,Paris,algerian;mediterranean,48.865788,2.3453
391,Vadrouille,France,Paris,,48.877341,2.337383
392,Le Voltaire,France,Paris,french,48.859116,2.330224
393,Kokohana,France,Paris,japanese,48.869778,2.310592
394,La Table du Lancaster,France,Paris,,48.87226,2.303505
395,Spoon,France,Paris,,48.868668,2.306626
396,Le Lodge,France,Paris,,48.867168,2.365684
397,Black Angus République,France,Paris,,48.866753,2.36572
398,Mon Coco,France,Paris,,48.866667,2.365651
399,Kcoo King,France,Paris,korean,48.866656,2.366343
400,Plein Soleil,France,Paris,,48.865644,2.374474
401,La Forge,France,Paris,french,48.878243,2.373767
402,Le Mathurin,France,Paris,,48.878049,2.372137
403,Le Roi du Pot-au-Feu,France,Paris,french,48.872167,2.326644
404,Au Banquier,France,Paris,,48.836004,2.357493
405,Sweet KT,France,Paris,japanese,48.847738,2.348439
406,La P'tite Louise,France,Paris,,48.871908,2.357066
407,Chez Gladines,France,Paris,french,48.828814,2.35064
408,Jupi,France,Paris,,48.884436,2.324333
409,Giulia,France,Paris,mediterranean,48.888123,2.321246
410,L'Abadache,France,Paris,,48.888614,2.319812
411,Just BE,France,Paris,,48.887988,2.334107
412,Nawab,France,Paris,,48.894047,2.334199
413,Aux Perchés,France,Paris,,48.849293,2.334925
414,Matsuyama,France,Paris,japanese,48.841429,2.299045
415,Kokodak,France,Paris,chicken;korean,48.8517,2.333661
416,Le Refuge des Fondus,France,Paris,,48.884467,2.341091
417,Juicy Pop,France,Paris,,48.871781,2.393788
418,Café Jussieu,France,Paris,,48.845604,2.354797
419,La Petite Sœur,France,Paris,,48.83004,2.331099
420,Taj Mahal,France,Paris,indian,48.837451,2.352306
421,Van An,France,Paris,vietnamese,48.833417,2.355449
422,Au Chien qui Fume,France,Paris,french,48.84571,2.31922
423,Thaiger,France,Paris,thai,48.85235,2.344431
424,Tribeca,France,Paris,,48.856812,2.30623
425,Le Terminus Nation,France,Paris,,48.848497,2.399551
426,Le Dalou,France,Paris,,48.847838,2.397552
427,Le Bluff,France,Paris,,48.841679,2.341382
428,Guenmaï,France,Paris,,48.854028,2.335869
429,Krishna Bhavan,France,Paris,indian,48.882882,2.359654
430,Cellar,France,Paris,,48.864143,2.367677
431,Aux Bons Amis,France,Paris,french;mediterranean,48.874228,2.375543
432,Le Tournesol,France,Paris,,48.840498,2.324404
433,La Criée,France,Paris,seafood,48.888214,2.3785
434,Le Théâtre,France,Paris,french,48.849157,2.287238
435,Café Juliette,France,Paris,french,48.851493,2.398692
436,Le Bistrot des Plantes,France,Paris,,48.830084,2.323037
437,Café Charlot,France,Paris,french,48.863016,2.362578
438,L’Estaminet des Enfants Rouges,France,Paris,,48.862879,2.361721
439,Le Boucl'art,France,Paris,brasserie,48.852828,2.406249
440,Les Pipos,France,Paris,french,48.847459,2.348342
441,Hanawa,France,Paris,japanese,48.867226,2.307916
442,Brasserie Wepler,France,Paris,french,48.883861,2.327718
443,Le Basilic,France,Paris,french;italian,48.886162,2.334101
444,Le Bon Pêcheur,France,Paris,breakfast;coffee_shop;hot_dog;pizza,48.861989,2.348435
445,Au Père Tranquille,France,Paris,,48.862198,2.348549
446,Le Bistrot des Oies,France,Paris,french,48.871891,2.367459
447,Piccola Mia,France,Paris,italian,48.866406,2.365279
448,Indiana,France,Paris,,48.86636,2.36445
449,Bouillon de Paris,France,Paris,french,48.867504,2.362493
450,Arlecchino,France,Paris,pizza,48.865294,2.373474
451,La Mère Lachaise,France,Paris,,48.864331,2.38628
452,Numidia,France,Paris,,48.866241,2.384122
453,Kouchi Yaki,France,Paris,japanese,48.866153,2.379847
454,Le Jumeyrah,France,Paris,,48.865219,2.377489
455,Taira,France,Paris,thai,48.865792,2.377074
456,Kyobashi,France,Paris,japanese,48.866231,2.376686
457,Anika,France,Paris,indian,48.866856,2.376437
458,Schmoutz,France,Paris,,48.868041,2.375392
459,Flam's,France,Paris,alsatian;flammkuchen,48.859887,2.347631
460,La table d'Aligre,France,Paris,french,48.849141,2.378557
461,La commune libre d'Aligre,France,Paris,libre,48.847962,2.377164
462,Nous 4,France,Paris,french,48.846833,2.379095
463,Les Affranchis,France,Paris,,48.848404,2.372569
464,Le Botaniste,France,Paris,,48.849036,2.371251
465,Charlet Perrin,France,Paris,,48.8477,2.373663
466,The Madison,France,Paris,burger,48.844771,2.377955
467,Le Lys d'or,France,Paris,chinese,48.845129,2.383654
468,Le Pacha,France,Paris,,48.851671,2.378182
469,Bốn Do (Do et Riz plus),France,Paris,vietnamese,48.846587,2.381658
470,La Cantine Diderot,France,Paris,french,48.846631,2.382051
471,L'Orient d'Or,France,Paris,chinese,48.873924,2.34542
472,Happy Nouilles,France,Paris,chinese;Lanzhou,48.86452,2.355082
473,Nae's Izakaya,France,Paris,,48.862849,2.352202
474,Poupée,France,Paris,peruvian,48.861333,2.353819
475,Monbleu le Comptoir,France,Paris,,48.865374,2.362067
476,La Cantine du Siam,France,Paris,thai,48.84893,2.376284
477,Miyako,France,Paris,sushi,48.846248,2.37866
478,Les Délices du Colonel,France,Paris,asian,48.844591,2.383405
479,Ty Louis,France,Paris,regional,48.849204,2.389514
480,Thaï Kanda,France,Paris,thai,48.847612,2.393034
481,Jodhpur Palace,France,Paris,indian,48.842017,2.389684
482,Le Canon des Gobelins,France,Paris,french,48.836714,2.352275
483,Osaka Sushi,France,Paris,japanese,48.829743,2.351511
484,Bistrot Du Jardin,France,Paris,,48.861706,2.344131
485,La Caravane,France,Paris,,48.868346,2.371449
486,Siseng,France,Paris,asian,48.872229,2.365131
487,Le Feu de Mars,France,Paris,,48.827576,2.353231
488,Chérie Coco,France,Paris,,48.875824,2.383431
489,Le Dellys,France,Paris,couscous,48.878318,2.357805
490,Le Scossa,France,Paris,,48.869937,2.284739
491,Roméo,France,Paris,,48.870118,2.284998
492,La Famille,France,Paris,,48.886055,2.318812
493,Viet Siam,France,Paris,asian,48.874163,2.375448
494,Capri's,France,Paris,,48.835506,2.397861
495,Piccola Italia,France,Paris,italian,48.838548,2.396212
496,Le Vingtième,France,Paris,,48.864394,2.408035
497,Le Swann,France,Paris,french,48.836114,2.405707
498,Belle Napoli,France,Paris,italian,48.840045,2.380814
499,Sushi Yuki,France,Paris,japanese;korean,48.834736,2.387656
500,Les Spectacles,France,Paris,,48.8395,2.380355
501,Anco,France,Paris,french,48.83932,2.380635
502,Signorvino,France,Paris,italian,48.853178,2.344435
503,Folie Crab,France,Paris,seafood,48.853569,2.34345
504,L'Aubergeade,France,Paris,french,48.846612,2.383515
505,Curry Villa,France,Paris,indian,48.846475,2.383479
506,La Boussole,France,Paris,,48.85191,2.334184
507,Chez Francis,France,Paris,french,48.865052,2.30187
508,Capone Nation,France,Paris,pizza;french,48.847785,2.398097
509,Chez Prosper,France,Paris,,48.848586,2.398319
510,Oh Sushi,France,Paris,japanese;sushi,48.828443,2.342879
511,Le Café Chineur,France,Paris,,48.831937,2.314125
512,Wako,France,Paris,japanese,48.833048,2.316288
513,Shiawase,France,Paris,,48.833228,2.316945
514,Mosuke,France,Paris,japanese;african,48.836224,2.322397
515,Chez Farhat,France,Paris,lebanese,48.836366,2.322302
516,Casa Dagusto,France,Paris,columbian,48.832471,2.320014
517,Raon,France,Paris,korean,48.832164,2.320261
518,L'Imprévu,France,Paris,pizza,48.832451,2.320723
519,Bai Thong,France,Paris,thai,48.85143,2.3723
520,Loulou de Bastille,France,Paris,,48.854462,2.382325
521,Le Goyavier,France,Paris,,48.850776,2.381605
522,La Galette du Moulin,France,Paris,crepe,48.884117,2.337458
523,Foujita,France,Paris,sushi;japanese,48.8664,2.332815
524,Casa da Naktel,France,Paris,italian,48.836717,2.392412
525,Com Sàigòn,France,Paris,asian;vietnamese,48.836653,2.392706
526,Al-Saddah,France,Paris,yemeni,48.836679,2.393351
527,Royal Montgallet,France,Paris,asian,48.843226,2.389304
528,Toto Sushi,France,Paris,sushi,48.845034,2.382595
529,Thai Time,France,Paris,thai,48.845397,2.382603
530,Haengbok,France,Paris,korean;barbecue,48.847034,2.386854
531,Kanji,France,Paris,vietnamese,48.846957,2.386906
532,Sushi Bar,France,Paris,sushi,48.846689,2.382456
533,Capucine,France,Paris,,48.850833,2.379734
534,Mamalee,France,Paris,,48.84937,2.378297
535,La Conivence,France,Paris,traditional;french,48.848195,2.376654
536,Sardegna Tavola,France,Paris,sardinian;italian,48.848273,2.376713
537,Le China,France,Paris,chinese,48.849922,2.37377
538,Les 2 Saveurs,France,Paris,chinese,48.845591,2.393357
539,Edo Sushi,France,Paris,japanese,48.841057,2.387313
540,Le Bariolé,France,Paris,regional,48.874531,2.386319
541,Chez André,France,Paris,,48.867818,2.302838
542,Kin Kin,France,Paris,thai,48.847858,2.373543
543,Bistrot de la Gare,France,Paris,french,48.845841,2.372099
544,L'Européen,France,Paris,french,48.845918,2.372648
545,Gemma,France,Paris,italian;pizza,48.849148,2.374604
546,Ristorante Pellicano,France,Paris,italian,48.847148,2.372517
547,Le singe à Paris,France,Paris,french,48.849012,2.374751
548,Ginza,France,Paris,japanese,48.847077,2.37274
549,Le Viaduc Café,France,Paris,french,48.847561,2.375248
550,Le Delmas,France,Paris,,48.84466,2.349434
551,Karma,France,Paris,asian;tibetan,48.846981,2.372603
552,Le Muratti's,France,Paris,french,48.845974,2.37257
553,Aux Cadrans,France,Paris,french,48.845964,2.372998
554,Fosca',France,Paris,pizza,48.845811,2.371869
555,Brasserie – Pizzeria d’Azur,France,Paris,french;pizza,48.846454,2.371855
556,Paya Thaï Aligre,France,Paris,thai,48.849747,2.378883
557,Restaurant Universitaire,France,Paris,,48.846815,2.380535
558,Colbeh,France,Paris,persian,48.844227,2.349226
559,Escale à Saïgon,France,Paris,vietnamese,48.831005,2.334806
560,Le Bambou,France,Paris,vietnamese,48.825213,2.362471
561,Viet 1331,France,Paris,vietnamese,48.825131,2.362387
562,Palais d'Asie,France,Paris,chinese;vietnamese,48.824867,2.362262
563,Y Bowl Noodle,France,Paris,mediterranean,48.868804,2.359481
564,L'Été en Pente Douce,France,Paris,,48.886322,2.345184
565,Au Bercail,France,Paris,french,48.886492,2.344949
566,Au Soleil de la Butte,France,Paris,french,48.886506,2.345255
567,Le Saigon,France,Paris,vietnamese,48.849047,2.374529
568,Entre les Vignes,France,Paris,french,48.846217,2.375396
569,King Marcel,France,Paris,burger,48.846901,2.376838
570,Gare aux vins,France,Paris,chinese,48.845847,2.375074
571,Le Duc de Richelieu,France,Paris,french,48.846925,2.373053
572,Li Yuan,France,Paris,asian,48.847231,2.370868
573,Osaka,France,Paris,japanese,48.846728,2.370288
574,Le Paris Lyon,France,Paris,,48.84532,2.370775
575,La Maison du Délice,France,Paris,chinese,48.84573,2.37048
576,Le Kaizen,France,Paris,thai;asian;vietnamese,48.826921,2.332291
577,Assanabel,France,Paris,lebanese,48.827555,2.335639
578,WASL 1880,France,Paris,,48.879537,2.321421
579,Indian Swad,France,Paris,indian,48.832462,2.297378
580,Da Attilio,France,Paris,italian,48.834255,2.30214
581,Piennolo,France,Paris,pizza;italian,48.833199,2.305803
582,Le Grand Pan,France,Paris,regional,48.833064,2.305725
583,Cent Kilos,France,Paris,,48.83203,2.303049
584,Aux Mille Saveurs,France,Paris,moroccan,48.892252,2.379478
585,OKA sushi,France,Paris,japanese,48.856747,2.304193
586,La Maison du Sushi,France,Paris,sushi,48.85622,2.304412
587,Le Bosquet,France,Paris,french,48.856048,2.304525
588,La Fontaine de Jade,France,Paris,chinese,48.855529,2.304771
589,Ricci Family,France,Paris,italian,48.855582,2.30533
590,Septième Vin,France,Paris,,48.85478,2.30513
591,Milagro,France,Paris,,48.854963,2.305666
592,L'Annexe,France,Paris,,48.848783,2.348405
593,La Petite Périgourdine,France,Paris,,48.84881,2.347271
594,Le Coup de Torchon,France,Paris,,48.845263,2.342604
595,La Marquise,France,Paris,,48.845169,2.320709
596,Café de L'Est,France,Paris,,48.875939,2.358532
597,Bistrot Paul Bert,France,Paris,french,48.852223,2.384924
598,Les Funambules,France,Paris,french,48.851109,2.384311
599,BREIZH Café,France,Paris,crepe;pancake;regional;french,48.852534,2.384726
600,Maydo,France,Paris,sushi,48.845246,2.383886
601,Central Rambla,Spain,Barcelona,,41.378272,2.176173
602,Amaltea,Spain,Barcelona,,41.383643,2.158303
603,Hanibishi,Spain,Barcelona,japanese,41.389518,2.162177
604,Moncho's House,Spain,Barcelona,regional,41.389997,2.131837
605,Taller de Tapas,Spain,Barcelona,spanish,41.383672,2.180639
606,El Jardí de l'Abadessa,Spain,Barcelona,,41.394227,2.109899
607,Bar Tomás,Spain,Barcelona,,41.397553,2.12308
608,Can Paixano,Spain,Barcelona,burger,41.381762,2.183415
609,Palacio de China,Spain,Barcelona,chinese,41.393454,2.188143
610,Cal Boter,Spain,Barcelona,regional,41.402166,2.162341
611,Fenicia,Spain,Barcelona,lebanese,41.37678,2.136566
612,Hoja Verde,Spain,Barcelona,chinese,41.377143,2.136991
613,La Maria del Rocxi,Spain,Barcelona,catalan,41.377042,2.136871
614,Simbad - Feteria,Spain,Barcelona,palestinian,41.376998,2.13681
615,CaFeniciana,Spain,Barcelona,lebanese,41.376891,2.136691
616,El jardi de Sants,Spain,Barcelona,catalan,41.37694,2.136732
617,Calero's,Spain,Barcelona,italian,41.377224,2.137088
618,Ciutat Comtal,Spain,Barcelona,italian,41.376023,2.1358
619,Fonda Pepa,Spain,Barcelona,catalan,41.402044,2.16217
620,Sabes una Cosa,Spain,Barcelona,mexican,41.401933,2.162054
621,La Piazzenza,Spain,Barcelona,italian,41.406511,2.174245
622,Tapes Gaudí,Spain,Barcelona,,41.408243,2.174527
623,Aladdin,Spain,Barcelona,,41.408606,2.174561
624,Babilonia,Spain,Barcelona,,41.405032,2.174278
625,Restaurant Buffet,Spain,Barcelona,,41.374236,2.152204
626,Cerveceria Taller de tapas,Spain,Barcelona,,41.386132,2.174026
627,Antic Tapas Ferran,Spain,Barcelona,tapas,41.382309,2.176583
628,Vila Viniteca,Spain,Barcelona,,41.382474,2.181547
629,Centro Galego,Spain,Barcelona,regional,41.379143,2.174725
630,Restaurante UN-ZA,Spain,Barcelona,japanese,41.40537,2.193484
631,braseria xorus,Spain,Barcelona,spanish,41.4029,2.198652
632,La broqueta,Spain,Barcelona,,41.402727,2.198901
633,Tierra da Lua,Spain,Barcelona,,41.396252,2.183033
634,Sukaldari,Spain,Barcelona,,41.381736,2.172434
635,Hummus & company,Spain,Barcelona,indian;international;kebab,41.380971,2.173182
636,Kubik Restaurant,Spain,Barcelona,,41.379664,2.17432
637,Genové 1911,Spain,Barcelona,,41.38128,2.172859
638,Bello Italy,Spain,Barcelona,,41.381244,2.172894
639,Egipte,Spain,Barcelona,,41.381345,2.172816
640,cent111onze,Spain,Barcelona,,41.383726,2.170966
641,La Poma,Spain,Barcelona,italian,41.384388,2.170482
642,Los Toreros,Spain,Barcelona,,41.382919,2.170821
643,Organic,Spain,Barcelona,,41.383266,2.170167
644,Bar Lobo,Spain,Barcelona,,41.383261,2.170504
645,Sagarra,Spain,Barcelona,,41.383108,2.170381
646,Mar,Spain,Barcelona,,41.375369,2.189634
647,Mei Hua,Spain,Barcelona,chinese,41.402018,2.145739
648,Pizzeria Fontana,Spain,Barcelona,,41.403416,2.147791
649,Aromas de Turquía redtaurant,Spain,Barcelona,turkish,41.384867,2.170138
650,Canaletes Cerveseria,Spain,Barcelona,,41.384912,2.170106
651,Nuria,Spain,Barcelona,,41.38516,2.169875
652,Cinc Sentits,Spain,Barcelona,,41.388481,2.159362
653,Hard Rock Cafe,Spain,Barcelona,american,41.385955,2.170747
654,La Tramoia,Spain,Barcelona,,41.388107,2.166946
655,Happy,Spain,Barcelona,,41.387936,2.167454
656,Trobadour,Spain,Barcelona,,41.387684,2.168346
657,Tapa Tapa,Spain,Barcelona,regional;tapas,41.391693,2.166017
658,Oassis Natural Cooking,Spain,Barcelona,,41.390164,2.167892
659,Ciutat Comtal,Spain,Barcelona,regional;tapas,41.388827,2.166883
660,el Racó,Spain,Barcelona,,41.388992,2.166025
661,Taller de Tapas,Spain,Barcelona,,41.390565,2.163904
662,Bar Geminis,Spain,Barcelona,spanish,41.397622,2.180778
663,Les 15 Nits Bar,Spain,Barcelona,,41.380453,2.174978
664,Cubeliña,Spain,Barcelona,,41.389934,2.157035
665,Tsukimi,Spain,Barcelona,japanese,41.389688,2.156816
666,Pamboli,Spain,Barcelona,,41.390753,2.155954
667,Taifeng,Spain,Barcelona,japanese,41.389444,2.155448
668,La Crema Canela,Spain,Barcelona,,41.380341,2.174719
669,Patagonia Beef & Wine,Spain,Barcelona,argentinian;mediterranean,41.39112,2.170955
670,La Farandula,Spain,Barcelona,,41.375171,2.168607
671,Bar Cerveceria Pepe 2,Spain,Barcelona,,41.375169,2.168485
672,Caleuche,Spain,Barcelona,patagonian,41.376153,2.168617
673,Honest Greens,Spain,Barcelona,organic,41.383574,2.171095
674,Restaurant Vertex,Spain,Barcelona,,41.390457,2.113664
675,Casa de Cantabria,Spain,Barcelona,,41.390869,2.113165
676,Temple Bar,Spain,Barcelona,,41.38136,2.17633
677,Kiwami,Spain,Barcelona,japanese,41.406932,2.178491
678,La Vietnamita,Spain,Barcelona,asian,41.400742,2.159101
679,,Spain,Barcelona,,41.445738,2.177235
680,Barceloneta,Spain,Barcelona,fish;seafood;spanish,41.3758,2.187495
681,L'altra Llosa,Spain,Barcelona,regional,41.389994,2.17364
682,Kibuka,Spain,Barcelona,japanese,41.399671,2.15725
683,Taverna del Bisbe,Spain,Barcelona,,41.384925,2.176663
684,Los Caracoles,Spain,Barcelona,,41.379658,2.176508
685,Miramar,Spain,Barcelona,,41.371138,2.172483
686,Macchina,Spain,Barcelona,pasta;italian,41.386454,2.166683
687,Elche,Spain,Barcelona,regional,41.373975,2.169149
688,Casa Vall,Spain,Barcelona,tapas,41.407424,2.158552
689,Pinotxo bar,Spain,Barcelona,,41.378574,2.161492
690,Inopia,Spain,Barcelona,,41.375847,2.155313
691,Dos palillos,Spain,Barcelona,,41.383361,2.168685
692,Bilbao Berria,Spain,Barcelona,spanish,41.384198,2.174866
693,Tapas 24,Spain,Barcelona,spanish,41.390869,2.16747
694,Cal PEP,Spain,Barcelona,,41.383935,2.183386
695,7 Portes,Spain,Barcelona,spanish,41.382172,2.183247
696,Cerveceria,Spain,Barcelona,,41.379521,2.175396
697,El Xampanyet,Spain,Barcelona,tapas;spanish,41.384509,2.181675
698,Quimet i Quimet,Spain,Barcelona,tapas,41.373994,2.165569
699,Taberna Maitea,Spain,Barcelona,basque,41.391041,2.151089
700,Más que sushi,Spain,Barcelona,,41.387064,2.167047
701,Tosca del Carme,Spain,Barcelona,tapas,41.381948,2.16958
702,Culleres,Spain,Barcelona,,41.406399,2.195921
703,El Filete Ruso,Spain,Barcelona,burger,41.392545,2.155897
704,Mannà,Spain,Barcelona,,41.394801,2.194058
705,Kaffe Bar,Spain,Barcelona,,41.414544,2.138719
706,La Palmera,Spain,Barcelona,,41.414423,2.138512
707,Sapori di Puglia,Spain,Barcelona,pizza,41.407345,2.163713
708,Ugarit,Spain,Barcelona,syrian,41.405793,2.162439
709,Sucursal Aceitera,Spain,Barcelona,,41.377145,2.163191
710,Bar Plaza,Spain,Barcelona,,41.421875,2.141935
711,Casa Noni,Spain,Barcelona,,41.422032,2.142221
712,Il Giardinetto di Gracia,Spain,Barcelona,italian,41.405304,2.159936
713,Taverna El Glop,Spain,Barcelona,regional,41.404906,2.159524
714,Al Norte,Spain,Barcelona,,41.400769,2.159289
715,La Pita Bonita,Spain,Barcelona,,41.401699,2.157574
716,Bar Rala,Spain,Barcelona,pizza;sandwich;ice_cream,41.389914,2.12086
717,Neichel,Spain,Barcelona,french,41.389439,2.121616
718,Mussol Restaurant,Spain,Barcelona,regional,41.387617,2.129093
719,Mosaïc Restaurant,Spain,Barcelona,,41.388496,2.131362
720,Piscolabis,Spain,Barcelona,,41.388789,2.130912
721,Temporada Paradís Restaurant,Spain,Barcelona,,41.390469,2.121454
722,La Tagliatella,Spain,Barcelona,,41.389655,2.124299
723,Market Restaurant,Spain,Barcelona,regional,41.379188,2.160625
724,el Xalet,Spain,Barcelona,,41.369371,2.164071
725,Paco Meralgo,Spain,Barcelona,spanish,41.39162,2.15248
726,La Bombeta,Spain,Barcelona,spanish;tapas,41.380566,2.187711
727,Tapeo,Spain,Barcelona,tapas;regional,41.404499,2.155481
728,Restaurant Japonés Tian Fu,Spain,Barcelona,japanese,41.409199,2.176384
729,La Botiga Griega,Spain,Barcelona,greek,41.402774,2.156367
730,El Porxet,Spain,Barcelona,regional,41.382624,2.161544
731,Oasis Restaurant,Spain,Barcelona,,41.382722,2.184719
732,Can Santi,Spain,Barcelona,fish,41.378658,2.190577
733,Woki organic market,Spain,Barcelona,,41.379111,2.191923
734,Restaurant Terminus,Spain,Barcelona,,41.384433,2.184533
735,El Racó de la Mercè,Spain,Barcelona,regional,41.411042,2.177004
736,El Resolís,Spain,Barcelona,regional,41.401169,2.160995
737,Rosmarin,Spain,Barcelona,pizza,41.397032,2.183576
738,The Dutch,Spain,Barcelona,,41.388765,2.158634
739,Salzburg,Spain,Barcelona,burger,41.388466,2.150594
740,Albarakah,Spain,Barcelona,,41.388556,2.158145
741,Bar Central,Spain,Barcelona,,41.38164,2.171375
742,Restaurant All i Oli,Spain,Barcelona,regional,41.43135,2.181207
743,Cervesería Piola,Spain,Barcelona,regional,41.389567,2.159827
744,L'Adelita Botaner,Spain,Barcelona,,41.388636,2.157013
745,Yamato,Spain,Barcelona,japanese,41.430085,2.182251
746,Huang Cheng,Spain,Barcelona,chinese,41.430089,2.1804
747,Yakumanka,Spain,Barcelona,peruvian,41.390266,2.15992
748,Jardín Pekín,Spain,Barcelona,chinese,41.397904,2.147661
749,TXAPELDUN - TASCA,Spain,Barcelona,,41.430157,2.178711
750,Restaurant Argentina Vinya Rosa,Spain,Barcelona,argentinian,41.389902,2.146772
751,La Panxolina,Spain,Barcelona,spanish,41.407787,2.157819
752,Arenal,Spain,Barcelona,spanish,41.38202,2.194255
753,CheeseMe,Spain,Barcelona,arab;barbecue;bavarian;peruvian;russian,41.383428,2.180584
754,Citrus,Spain,Barcelona,japanese;sushi,41.39167,2.16615
755,Sagardi,Spain,Barcelona,spanish,41.383499,2.180905
756,La Taverna del Coure,Spain,Barcelona,spanish,41.383647,2.18073
757,Norte,Spain,Barcelona,regional,41.371605,2.182178
758,Gusto,Spain,Barcelona,italian,41.388268,2.150937
759,Tempura Ya,Spain,Barcelona,japanese,41.390957,2.153475
760,Tijuana,Spain,Barcelona,mexican,41.389529,2.146686
761,Koyuki,Spain,Barcelona,japanese,41.393013,2.154877
762,Bambú Lounge,Spain,Barcelona,,41.403604,2.158036
763,Sol soler,Spain,Barcelona,,41.401576,2.156341
764,Mediterraneo,Spain,Barcelona,syrian,41.388323,2.151699
765,,Spain,Barcelona,,41.388397,2.151573
766,El Café de la Plaça,Spain,Barcelona,,41.436205,2.157141
767,El Foc del Canigó,Spain,Barcelona,spanish,41.437461,2.156749
768,Mazah,Spain,Barcelona,lebanese,41.38781,2.166561
769,Pomo di Oro,Spain,Barcelona,italian,41.394154,2.158286
770,The Sea Club,Spain,Barcelona,seafood,41.376951,2.149321
771,Pipus Barcelona,Spain,Barcelona,mediterranean,41.378915,2.118779
772,Fábrica Moritz Barcelona,Spain,Barcelona,,41.382567,2.163397
773,Restaurant Ca la Montse,Spain,Barcelona,regional,41.382066,2.188284
774,Tip-Top,Spain,Barcelona,spanish,41.368582,2.147595
775,Aglio e Peperoncino,Spain,Barcelona,italian,41.37945,2.16649
776,Restaurant Comtes d'Urgell,Spain,Barcelona,,41.439394,2.166663
777,Restaurant Casa Castro,Spain,Barcelona,fish,41.439437,2.170337
778,Can Ramonet,Spain,Barcelona,regional;fish;seafood;mediterranean,41.38082,2.188916
779,Restaurant La Cantonada,Spain,Barcelona,spanish,41.440074,2.170437
780,La Llavor dels Orígens,Spain,Barcelona,regional,41.384016,2.182546
781,Divinus,Spain,Barcelona,,41.393896,2.157961
782,Claudia,Spain,Barcelona,spanish,41.404992,2.132563
783,Ciudadela,Spain,Barcelona,spanish,41.389443,2.183741
784,La Perla,Spain,Barcelona,,41.384194,2.138251
785,Bodega Monumental,Spain,Barcelona,spanish,41.375113,2.144554
786,Bar Ramón,Spain,Barcelona,,41.378745,2.160629
787,Tres Vilas,Spain,Barcelona,,41.382686,2.138284
788,Calero's Centre,Spain,Barcelona,,41.374473,2.134972
789,El Muntal,Spain,Barcelona,regional,41.376228,2.139096
790,Cervecería Catalana,Spain,Barcelona,tapas,41.392403,2.160901
791,Taller de Tapes,Spain,Barcelona,spanish,41.378459,2.122599
792,La Flauta,Spain,Barcelona,,41.394756,2.155643
793,El Paraguayo,Spain,Barcelona,,41.377453,2.178406
794,La Tagliatella,Spain,Barcelona,italian,41.394337,2.152121
795,,Spain,Barcelona,,41.419547,2.100951
796,Le Romane,Spain,Barcelona,italian;pizza,41.388797,2.156331
797,Arko,Spain,Barcelona,japanese,41.391016,2.157911
798,Pizzeria Bar Divina Pedralbes,Spain,Barcelona,italian;pizza,41.386375,2.112391
799,LaLola,Spain,Barcelona,,41.406402,2.161968
800,Shinjuku,Spain,Barcelona,,41.381863,2.178564
801,Balmes / Rosselló,Spain,Barcelona,,41.392857,2.157623
802,Bosco,Spain,Barcelona,tapas,41.385243,2.174473
803,Can Pichurri,Spain,Barcelona,regional,41.428356,2.09031
804,Aragall,Spain,Barcelona,spanish,41.377287,2.11643
805,La nueva Marquesa,Spain,Barcelona,spanish,41.377467,2.119204
806,Bar Chile,Spain,Barcelona,spanish,41.376379,2.117253
807,Carmesí,Spain,Barcelona,regional,41.373737,2.164445
808,El hornero,Spain,Barcelona,pizza,41.405476,2.175444
809,Mare,Spain,Barcelona,,41.404188,2.176498
810,N.A.P,Spain,Barcelona,italian,41.386789,2.178795
811,Mosquito,Spain,Barcelona,asian;vietnamese,41.387463,2.180592
812,Inka Burger,Spain,Barcelona,,41.407736,2.147815
813,Snack 55,Spain,Barcelona,,41.39711,2.172395
814,Bilbao Berria,Spain,Barcelona,,41.383636,2.180034
815,Ugarit,Spain,Barcelona,arab,41.390743,2.197951
816,Restaurant Cercle d'Amics,Spain,Barcelona,,41.392864,2.156568
817,Casa Ho,Spain,Barcelona,asian,41.392961,2.15671
818,El Nou,Spain,Barcelona,,41.400223,2.121282
819,Ginza,Spain,Barcelona,japanese,41.392182,2.15794
820,Ginza Sushi,Spain,Barcelona,japanese;sushi,41.392171,2.157836
821,El Sanabrés,Spain,Barcelona,spanish,41.386721,2.140344
822,Igueldo,Spain,Barcelona,spanish,41.392653,2.156706
823,Corgi Cafe,Spain,Barcelona,bagel;breakfast;cake;coffee_shop;tea,41.388606,2.181614
824,Casa Pagès,Spain,Barcelona,regional;spanish;tapas,41.399845,2.161311
825,Flamant,Spain,Barcelona,,41.388457,2.161341
826,Casa Amalia,Spain,Barcelona,catalan,41.396253,2.168565
827,Casa Alfonso,Spain,Barcelona,local,41.390099,2.173061
828,O Rincón da Terra,Spain,Barcelona,spanish;galician,41.379422,2.137907
829,Glug,Spain,Barcelona,,41.388165,2.14568
830,Restaurante Porvenir,Spain,Barcelona,galician,41.387556,2.153465
831,Restaurant Gaig,Spain,Barcelona,spanish,41.388251,2.159965
832,Restaurant Hofmann,Spain,Barcelona,,41.397162,2.153032
833,Kioto,Spain,Barcelona,japanese,41.405601,2.16892
834,Bar de la FIB,Spain,Barcelona,,41.389424,2.113236
835,Xiali,Spain,Barcelona,international,41.411706,2.164104
836,Europa Café,Spain,Barcelona,,41.393,2.14674
837,La Divina,Spain,Barcelona,tapas,41.431962,2.186357
838,Restaurant Miquetes Màgiques,Spain,Barcelona,,41.414837,2.177708
839,El Trobador,Spain,Barcelona,,41.41497,2.177805
840,O Toxo,Spain,Barcelona,spanish,41.381019,2.168188
841,Can Lluc,Spain,Barcelona,spanish,41.378112,2.165372
842,Sesamo,Spain,Barcelona,,41.37895,2.163784
843,Restaurante Hanoi,Spain,Barcelona,asian,41.389561,2.160779
844,Wow!,Spain,Barcelona,burger,41.391244,2.157575
845,La Mossegada del Poblenou,Spain,Barcelona,spanish,41.401257,2.196683
846,Arce,Spain,Barcelona,japanese,41.402707,2.197765
847,Indochine,Spain,Barcelona,thai,41.398188,2.146772
848,Ali,Spain,Barcelona,,41.391174,2.157662
849,Els 'Pollos' de Llull,Spain,Barcelona,chicken,41.391056,2.190942
850,Brasseria La Collita,Spain,Barcelona,,41.391629,2.191663
851,La Sanguchería,Spain,Barcelona,peruvian,41.395499,2.148404
852,Lonja de Tapas,Spain,Barcelona,tapas,41.383299,2.182853
853,Tapa Tapa,Spain,Barcelona,tapas,41.376209,2.150046
854,Villa del Segre II,Spain,Barcelona,,41.382008,2.14763
855,Abissínia,Spain,Barcelona,ethiopian,41.406141,2.160182
856,Bodega Joan,Spain,Barcelona,regional,41.391715,2.155501
857,Restaurant Regàs,Spain,Barcelona,spanish,41.399541,2.15081
858,,Spain,Barcelona,,41.389468,2.157049
859,Pizzeria Trattoria La Gioconda,Spain,Barcelona,,41.382615,2.152419
860,Dionisio,Spain,Barcelona,,41.383386,2.151207
861,El Pozo,Spain,Barcelona,,41.381608,2.150578
862,Tlaxcal,Spain,Barcelona,mexican,41.384887,2.184471
863,La Bodega,Spain,Barcelona,spanish,41.400745,2.147254
864,,Spain,Barcelona,,41.433743,2.148479
865,El Rey de la Gamba,Spain,Barcelona,spanish;seafood;fish,41.377326,2.188632
866,Asador de Lugo,Spain,Barcelona,spanish,41.379762,2.137675
867,Putxinel·lis,Spain,Barcelona,,41.376275,2.137417
868,The Pink Elephant,Spain,Barcelona,,41.384166,2.158288
869,Can Majó,Spain,Barcelona,,41.377523,2.190889
870,Bar del Pi,Spain,Barcelona,spanish;tapas,41.382492,2.173962
871,Sopa,Spain,Barcelona,mediterranean,41.402342,2.195279
872,FRATELLI LA BUFALA,Spain,Barcelona,italian,41.405594,2.193219
873,El Catacroquet,Spain,Barcelona,spanish,41.40179,2.196068
874,Restaurante Huang Qingfang,Spain,Barcelona,japanese,41.406557,2.193819
875,Frankfurt Diagonal,Spain,Barcelona,,41.405306,2.193902
876,A' Cañota,Spain,Barcelona,spanish;seafood,41.415305,2.182139
877,Alchemika,Spain,Barcelona,,41.415642,2.181781
878,Portobello,Spain,Barcelona,pizza,41.403492,2.196085
879,Can Pizza,Spain,Barcelona,,41.404334,2.196713
880,Espress a Té,Spain,Barcelona,sandwich,41.403626,2.198191
881,Braseria Julian,Spain,Barcelona,spanish,41.402733,2.196974
882,Llacuna,Spain,Barcelona,spanish,41.402663,2.197194
883,,Spain,Barcelona,,41.402763,2.19885
884,L'altre Romero,Spain,Barcelona,,41.402193,2.199372
885,3E sushi,Spain,Barcelona,sushi,41.404588,2.19582
886,L'Enxaneta,Spain,Barcelona,spanish,41.403495,2.196201
887,Teatro,Spain,Barcelona,,41.375221,2.156807
888,Tierra del fuego,Spain,Barcelona,,41.40167,2.20164
889,Rossini,Spain,Barcelona,italian;pizza,41.379902,2.175852
890,Restaurante Aitor,Spain,Barcelona,,41.403807,2.17306
891,El Casal,Spain,Barcelona,,41.382978,2.18114
892,Pollo Rico,Spain,Barcelona,,41.379104,2.172198
893,Dionisos Borne,Spain,Barcelona,greek,41.385531,2.185458
894,La Paradeta,Spain,Barcelona,seafood,41.386252,2.183926
895,Cera 23,Spain,Barcelona,spanish,41.378854,2.166243
896,Passadís del Pep,Spain,Barcelona,seafood,41.382955,2.182544
897,Rangoli,Spain,Barcelona,indian,41.375096,2.188575
898,La Taggliatella,Spain,Barcelona,italian,41.375008,2.188546
899,Makamaka Beach Burger Cafe,Spain,Barcelona,,41.375724,2.188582
900,Jerusalem,Spain,Barcelona,,41.375802,2.188069
901,Aida,Germany,Berlin,italian;pizza,52.506864,13.322859
902,Madame Ngo,Germany,Berlin,asian,52.506212,13.318081
903,Nam Thuân,Germany,Berlin,vietnamese,52.50732,13.32078
904,La Rose,Germany,Berlin,italian,52.506318,13.284626
905,Tibet Haus,Germany,Berlin,tibetan,52.49071,13.393981
906,First Indian Restaurant,Germany,Berlin,,52.506889,13.28392
907,Cancún,Germany,Berlin,mexican,52.510322,13.282953
908,La Foresta (Schatulle),Germany,Berlin,italian;regional,52.554271,13.331128
909,Haus der 100 Biere,Germany,Berlin,german,52.498383,13.296998
910,Ach!NikO!Ach!,Germany,Berlin,greek,52.498587,13.298249
911,Ristorante Salve,Germany,Berlin,pizza,52.500979,13.297644
912,Dalmacija,Germany,Berlin,balkan,52.572519,13.30827
913,Schlemmerküche,Germany,Berlin,german,52.577115,13.307315
914,Taverna Athos,Germany,Berlin,greek,52.48003,13.327716
915,Pizzaria Tamara,Germany,Berlin,italian;pizza,52.57013,13.309819
916,BLOCK HOUSE,Germany,Berlin,steak_house,52.509674,13.270761
917,JOE'S Restaurant & Wirtshaus,Germany,Berlin,german,52.509874,13.270883
918,Lindenwirtin,Germany,Berlin,regional,52.510621,13.271661
919,Cancun,Germany,Berlin,,52.504429,13.382779
920,Bocca di Bacco,Germany,Berlin,italian,52.515112,13.388908
921,Restaurant Borchardt,Germany,Berlin,,52.515003,13.390388
922,Heritage,Germany,Berlin,,52.514689,13.390928
923,Lutter & Wegner,Germany,Berlin,german,52.513212,13.391178
924,Victor & Victoria,Germany,Berlin,,52.512405,13.391307
925,Maximilians,Germany,Berlin,bavarian,52.511344,13.389181
926,Izumi Sushi Bar,Germany,Berlin,japanese,52.511292,13.388712
927,Beast Berlin,Germany,Berlin,steak_house,52.52429,13.411853
928,Aapka - Restaurant Alexanderplatz,Germany,Berlin,indian,52.523599,13.41097
929,Der Alte Fritz,Germany,Berlin,german,52.52143,13.409206
930,Carambar,Germany,Berlin,,52.520351,13.41222
931,Matzbach,Germany,Berlin,,52.520211,13.411808
932,Azem,Germany,Berlin,turkish,52.518012,13.407163
933,Mutter Hoppe,Germany,Berlin,german,52.517587,13.405899
934,Julchen Hoppe,Germany,Berlin,regional,52.517268,13.405024
935,Shezan,Germany,Berlin,indian,52.512146,13.408129
936,Trattoria Monticchiello,Germany,Berlin,italian,52.582722,13.290115
937,Oase Adlershof,Germany,Berlin,,52.429375,13.530103
938,Pula-Grill,Germany,Berlin,balkan,52.570185,13.32066
939,Paris-Moskau,Germany,Berlin,regional,52.52259,13.364478
940,Strandlust,Germany,Berlin,fish,52.376231,13.657224
941,Chalet Suisse,Germany,Berlin,suisse,52.461902,13.269189
942,Jasper's,Germany,Berlin,austrian;german,52.536584,13.40069
943,Maestral,Germany,Berlin,,52.589373,13.325733
944,Bier-Stub'n,Germany,Berlin,,52.572383,13.359402
945,Irmak Grillhaus,Germany,Berlin,turkish;kebab;barbecue,52.56746,13.362754
946,Herkules I,Germany,Berlin,greek,52.520263,13.555653
947,Schollenkrug,Germany,Berlin,noodles;pasta;deli;german;barbecue;tapas;local,52.600668,13.303004
948,I Due Forni,Germany,Berlin,italian,52.530831,13.412464
949,Mad Meals,Germany,Berlin,mexican,52.540618,13.414039
950,Akemi,Germany,Berlin,asian,52.537653,13.421214
951,Anjoy,Germany,Berlin,vietnamese,52.536142,13.420534
952,Seepalast,Germany,Berlin,asian,52.441712,13.687254
953,Yogi-Haus,Germany,Berlin,indian,52.486278,13.350668
954,La Residenza,Germany,Berlin,,52.503131,13.327144
955,Bristol Grill,Germany,Berlin,,52.503324,13.327296
956,Le Faubourg,Germany,Berlin,french,52.502693,13.331882
957,Floh,Germany,Berlin,regional;german,52.488003,13.263428
958,Trattoria Gioachino,Germany,Berlin,italian,52.487884,13.262841
959,Fook Lam Mun,Germany,Berlin,,52.42063,13.165528
960,Blockhaus Nikolskoe,Germany,Berlin,german,52.424442,13.116311
961,Agua TexMex,Germany,Berlin,mexican,52.546258,13.211915
962,Restaurant Hasenheide,Germany,Berlin,,52.487793,13.419658
963,Eden,Germany,Berlin,asian,52.521932,13.4048
964,Unvernunft,Germany,Berlin,international,52.535517,13.202053
965,Taverna Teloneio,Germany,Berlin,greek,52.539922,13.207419
966,Weisser Elefant,Germany,Berlin,,52.489563,13.319198
967,Garcon,Germany,Berlin,french,52.489492,13.319673
968,Frederick‘s,Germany,Berlin,,52.509869,13.374115
969,Lindenbräu,Germany,Berlin,german,52.510292,13.372668
970,Dittmanns Drogerie,Germany,Berlin,german,52.402963,13.585665
971,Schönbrunn,Germany,Berlin,austrian,52.528035,13.433968
972,Ruyixuan Hotpot,Germany,Berlin,chinese,52.515206,13.468751
973,Ristorante a Mano,Germany,Berlin,italian,52.519373,13.427509
974,Hangmee,Germany,Berlin,asian,52.512955,13.45764
975,Gaststätte zur S-Bahn,Germany,Berlin,german,52.51244,13.587869
976,Gasthof zum Oberfeld,Germany,Berlin,regional,52.515717,13.59359
977,Pizza Pasta Gatow,Germany,Berlin,pizza,52.511459,13.181399
978,La Posta Trattoria,Germany,Berlin,,52.509345,13.181153
979,Die Henne - Alt-Berliner Wirtshaus,Germany,Berlin,chicken,52.504153,13.41775
980,Hoa Rong,Germany,Berlin,vietnamese,52.519714,13.387751
981,Machiavelli,Germany,Berlin,international,52.4748,13.278179
982,Andaz,Germany,Berlin,indian,52.599386,13.301149
983,Sida,Germany,Berlin,thai,52.460514,13.323131
984,Eiffel,Germany,Berlin,french;mediterranean,52.497989,13.294472
985,Xantener Eck,Germany,Berlin,german,52.498822,13.307646
986,Casa di Maria,Germany,Berlin,italian,52.496811,13.324447
987,Shaan,Germany,Berlin,indian,52.473955,13.446853
988,Restaurant Louis,Germany,Berlin,austrian,52.474338,13.44528
989,Da Ponte,Germany,Berlin,pizza;italian,52.522091,13.348823
990,Trattoria Fidelia,Germany,Berlin,italian;pizza,52.519476,13.355699
991,Zollpackhof,Germany,Berlin,german,52.521282,13.36685
992,Schleusenkrug,Germany,Berlin,german,52.511275,13.335988
993,Britzer Mühle,Germany,Berlin,,52.432203,13.434621
994,Schloss Britz,Germany,Berlin,,52.446812,13.437789
995,Rüya Gemüse Kebab,Germany,Berlin,kebab,52.513792,13.317031
996,,Germany,Berlin,,52.503379,13.327372
997,Patatas,Germany,Berlin,mexican,52.426293,13.209283
998,Restaurant Angkor Wat,Germany,Berlin,,52.520193,13.355889
999,Aspendos,Germany,Berlin,turkish,52.488345,13.35801
1000,Wirtshaus Zur Pfaueninsel,Germany,Berlin,,52.428307,13.122334
1001,Trattoria Piazza Siciliana,Germany,Berlin,italian,52.430323,13.23037
1002,Kante,Germany,Berlin,,52.500132,13.438791
1003,Restaurant Freischwimmer,Germany,Berlin,,52.497348,13.450797
1004,cielo di berlino,Germany,Berlin,italian,52.488178,13.370321
1005,Doree 65,Germany,Berlin,steak_house,52.540002,13.352731
1006,Bardolino,Germany,Berlin,italian,52.43398,13.359207
1007,Restaurant Rhodos,Germany,Berlin,greek,52.411332,13.573001
1008,Schön 14,Germany,Berlin,,52.464527,13.329827
1009,Alter Krug,Germany,Berlin,german,52.457848,13.288235
1010,Mario,Germany,Berlin,italian,52.475077,13.323407
1011,Schneeweiß,Germany,Berlin,austrian,52.508645,13.458203
1012,Alte Turnhalle Berlin,Germany,Berlin,international,52.507199,13.465299
1013,Vereinszimmer,Germany,Berlin,italian,52.49,13.382507
1014,Osteria Nº 1,Germany,Berlin,italian,52.489775,13.383218
1015,Pagode,Germany,Berlin,asian,52.489311,13.393394
1016,Bootshaus,Germany,Berlin,,52.458634,13.112661
1017,Chai Ji,Germany,Berlin,indian,52.516543,13.463539
1018,Jōnetsu,Germany,Berlin,japanese;ramen,52.513154,13.462049
1019,Eatalian,Germany,Berlin,italian,52.512268,13.461449
1020,Aashish,Germany,Berlin,indian,52.514942,13.46027
1021,mausi.,Germany,Berlin,,52.474763,13.446952
1022,Restaurant Villa Rixdorf,Germany,Berlin,,52.474228,13.44475
1023,Gambrinus,Germany,Berlin,german,52.526445,13.387948
1024,Sahoi,Germany,Berlin,sushi,52.526434,13.387749
1025,Amrit,Germany,Berlin,indian,52.525942,13.389627
1026,Uferlos,Germany,Berlin,italian,52.550608,13.373355
1027,Mensa FU Lankwitz Malteserstraße,Germany,Berlin,,52.425496,13.357339
1028,Homey,Germany,Berlin,vietnamese;thai;sushi,52.556958,13.340956
1029,Scorpion,Germany,Berlin,thai,52.528823,13.342903
1030,Tandoori,Germany,Berlin,,52.549882,13.462694
1031,Il Castello,Germany,Berlin,italian,52.635039,13.49952
1032,Fräulein Kimchi,Germany,Berlin,,52.545392,13.452418
1033,Plus Minus Null,Germany,Berlin,,52.511776,13.457539
1034,Habana,Germany,Berlin,,52.511884,13.456796
1035,Hannibal,Germany,Berlin,italian,52.50914,13.459883
1036,il Ritrovo,Germany,Berlin,italian;pizza,52.509567,13.458085
1037,Lemongrass,Germany,Berlin,asian,52.512479,13.457168
1038,TAT,Germany,Berlin,asian,52.513389,13.458645
1039,Vegan Garden,Germany,Berlin,,52.515878,13.458543
1040,Koy,Germany,Berlin,thai,52.516802,13.462138
1041,Tashkent,Germany,Berlin,russian,52.517408,13.465851
1042,Papaleo,Germany,Berlin,italian,52.517967,13.467624
1043,Asahi Sushi,Germany,Berlin,sushi;vietnamese,52.515342,13.471852
1044,Yogi Haus,Germany,Berlin,indian,52.51512,13.471608
1045,Shanghai,Germany,Berlin,chinese,52.513872,13.47093
1046,Stara Kuća,Germany,Berlin,,52.511951,13.197948
1047,Lagunen-Eck,Germany,Berlin,,52.431887,13.713337
1048,Restaurant Athos,Germany,Berlin,greek,52.512989,13.501274
1049,Kurhaus Korsakow,Germany,Berlin,,52.511233,13.460889
1050,Trattoria Cinque,Germany,Berlin,italian,52.511329,13.458562
1051,Euphoria,Germany,Berlin,,52.511615,13.45673
1052,li.ke,Germany,Berlin,thai,52.511594,13.458689
1053,Aklé,Germany,Berlin,,52.510328,13.454538
1054,Zeus Pizza & Pide,Germany,Berlin,turkish;italian;pizza,52.512406,13.459095
1055,Ristorante Da Toni,Germany,Berlin,italian,52.498264,13.319002
1056,Hasir,Germany,Berlin,turkish,52.538299,13.206756
1057,Aroma,Germany,Berlin,chinese,52.506344,13.315577
1058,Lalibela,Germany,Berlin,,52.495327,13.430355
1059,Cocochu,Germany,Berlin,vietnamese,52.494097,13.4286
1060,Olivio,Germany,Berlin,italian,52.491943,13.421185
1061,La La,Germany,Berlin,,52.492994,13.414395
1062,Melissa,Germany,Berlin,kebab,52.498985,13.464284
1063,Athena Roma,Germany,Berlin,,52.560983,13.423728
1064,Chay Long,Germany,Berlin,asian,52.49259,13.417193
1065,Gaststätte G7,Germany,Berlin,german,52.520312,13.187769
1066,Trattoria Da Pia,Germany,Berlin,italian,52.542687,13.438272
1067,The Hummus Club,Germany,Berlin,falafel;lebanese,52.512465,13.458856
1068,Burger Jam,Germany,Berlin,sausage,52.512479,13.458782
1069,Asiana Village,Germany,Berlin,asian,52.595315,13.335306
1070,Müggelsee-Terrassen Rübezahl,Germany,Berlin,,52.426864,13.629099
1071,Pascarella,Germany,Berlin,italian,52.507699,13.318058
1072,George's Steakhouse,Germany,Berlin,steak_house,52.497794,13.324635
1073,Berlin Burrito Company,Germany,Berlin,mexican,52.506665,13.309853
1074,Da Mingiu,Germany,Berlin,italian,52.592443,13.326394
1075,Jäger & Lustig,Germany,Berlin,regional,52.51341,13.448065
1076,Plancha II,Germany,Berlin,,52.541756,13.199375
1077,Schützen-Wirtin,Germany,Berlin,regional,52.414755,13.176969
1078,QBA,Germany,Berlin,cuban,52.525995,13.389442
1079,Alimentari Totti,Germany,Berlin,italian;pizza,52.491319,13.42014
1080,Il Casolare,Germany,Berlin,italian;pizza,52.494913,13.415513
1081,Rossini III,Germany,Berlin,german;italian;mexican,52.495561,13.611356
1082,Marjan Grill,Germany,Berlin,croatian,52.520065,13.346919
1083,Fourty Years,Germany,Berlin,,52.492321,13.418278
1084,Bahar Restaurant,Germany,Berlin,afghan;persian,52.481466,13.348378
1085,Ristorante Pantalone,Germany,Berlin,italian,52.633121,13.288636
1086,Ristorante Da Guiliano,Germany,Berlin,italian,52.58811,13.285598
1087,"Hax`nhaus
Tegernseer Tönnchen",Germany,Berlin,german,52.589792,13.282262
1088,Restorante Pescara,Germany,Berlin,italian,52.54428,13.204024
1089,Omonia Treff,Germany,Berlin,greek,52.544422,13.20437
1090,Yes Haus,Germany,Berlin,thai,52.619684,13.313492
1091,Zum Kühlen Grunde,Germany,Berlin,,52.617858,13.327059
1092,Gasthof Alter Dorfkrug Lübars,Germany,Berlin,,52.620153,13.356327
1093,Graffiti,Germany,Berlin,international;ice_cream,52.500357,13.307503
1094,Sotto,Germany,Berlin,italian;noodles;pizza,52.542856,13.376412
1095,Julius,Germany,Berlin,coffee_shop,52.544969,13.368211
1096,Mehregan Maroufi Space,Germany,Berlin,,52.506952,13.298014
1097,Rocco,Germany,Berlin,international,52.510353,13.291892
1098,Il Giardino,Germany,Berlin,italian,52.466644,13.324963
1099,Ristorante Italiano,Germany,Berlin,italian,52.527825,13.451732
1100,Viet Bowl,Germany,Berlin,vietnamese,52.523211,13.453335
1101,Lemongrass,Germany,Berlin,asian,52.535276,13.399369
1102,Restaurant Meteora,Germany,Berlin,greek,52.55578,13.434227
1103,Lakeside,Germany,Berlin,german,52.588427,13.274719
1104,Krua Thai,Germany,Berlin,thai,52.54587,13.357829
1105,Machiavelli,Germany,Berlin,italian,52.521305,13.385266
1106,BLOCK HOUSE,Germany,Berlin,steak_house,52.517709,13.440444
1107,Green Curve,Germany,Berlin,regional,52.429633,13.537471
1108,Nawab,Germany,Berlin,indian,52.520113,13.449987
1109,Pomodorino,Germany,Berlin,pizza;italian,52.522292,13.449707
1110,Hee Lam Mun,Germany,Berlin,chinese,52.459959,13.312191
1111,Viale dei Tigli,Germany,Berlin,italian,52.514869,13.381113
1112,Ristorante Avellino,Germany,Berlin,italian,52.568932,13.408982
1113,Erdton Zen,Germany,Berlin,,52.5217,13.435229
1114,Qadmous,Germany,Berlin,oriental;lebanese;arabic,52.529637,13.436333
1115,Lang Van II,Germany,Berlin,,52.516345,13.445564
1116,Nauta,Germany,Berlin,peruvian;japanese;nikkei,52.534207,13.405011
1117,Aapka,Germany,Berlin,indian,52.533991,13.404834
1118,Dubrovnik-Grill,Germany,Berlin,,52.576771,13.293658
1119,Cantina,Germany,Berlin,,52.532658,13.452875
1120,W Der Imbiss,Germany,Berlin,indian;mexican;italian,52.534286,13.405092
1121,Al Parco,Germany,Berlin,italian,52.529827,13.444787
1122,Sportsbar,Germany,Berlin,,52.596374,13.346198
1123,Blaue Adria,Germany,Berlin,croatian,52.528603,13.449111
1124,Happy Buddha,Germany,Berlin,chinese,52.413707,13.363796
1125,Colombina,Germany,Berlin,italian;pasta;pizza,52.413491,13.362455
1126,Adrijana Grill,Germany,Berlin,croatian,52.413184,13.363494
1127,La Luna,Germany,Berlin,italian,52.414167,13.363579
1128,Palace,Germany,Berlin,lebanese,52.519259,13.298664
1129,La Bigoudène,Germany,Berlin,crepe;french,52.534363,13.403029
1130,Atame,Germany,Berlin,spanish,52.523572,13.406859
1131,Hangi Sushi,Germany,Berlin,asian,52.534069,13.404568
1132,La Focacceria,Germany,Berlin,italian,52.53365,13.403467
1133,Thai Sushi & More,Germany,Berlin,thai,52.533767,13.405399
1134,Satyam,Germany,Berlin,indian,52.508924,13.322005
1135,Moghul,Germany,Berlin,indian,52.487064,13.355262
1136,papaya,Germany,Berlin,thai,52.488545,13.40735
1137,Ständige Vertretung,Germany,Berlin,german,52.52121,13.385331
1138,Adonia,Germany,Berlin,,52.521587,13.385071
1139,Volver,Germany,Berlin,spanish,52.522353,13.379881
1140,Vaporetto,Germany,Berlin,italian,52.521005,13.385041
1141,Anand,Germany,Berlin,indian,52.521214,13.384969
1142,Vapiano,Germany,Berlin,italian,52.510189,13.376349
1143,Cinque,Germany,Berlin,italian,52.522815,13.382414
1144,Dehlers,Germany,Berlin,,52.523627,13.385344
1145,Van-Long,Germany,Berlin,thai;vietnamese,52.5238,13.386522
1146,Akito,Germany,Berlin,japanese,52.523871,13.386873
1147,Roma,Germany,Berlin,italian,52.525099,13.387146
1148,Bombay,Germany,Berlin,indian,52.523149,13.388497
1149,Peter Pane,Germany,Berlin,burger,52.520814,13.388462
1150,Saigon Kitchen 1985,Germany,Berlin,vietnamese,52.429774,13.333317
1151,La Montanara,Germany,Berlin,italian,52.439032,13.34403
1152,Zoki's,Germany,Berlin,,52.439631,13.342295
1153,Lokal,Germany,Berlin,german,52.527875,13.394901
1154,Bötzow Privat,Germany,Berlin,,52.527496,13.392664
1155,Brechts,Germany,Berlin,german;steak_house,52.521472,13.385871
1156,Ganymed,Germany,Berlin,french,52.521721,13.386316
1157,Bonjour Vietnam,Germany,Berlin,japanese;vietnamese,52.516143,13.389915
1158,3 minutes sur mer,Germany,Berlin,french,52.529105,13.39546
1159,Landhaus Botanischer Garten,Germany,Berlin,german,52.451773,13.309887
1160,Piaggio,Germany,Berlin,italian,52.4577,13.29071
1161,Nett,Germany,Berlin,vietnamese,52.467321,13.32172
1162,Macedonia,Germany,Berlin,international,52.443374,13.295174
1163,Pino,Germany,Berlin,italian,52.472675,13.321764
1164,Cafe Surf Inn,Germany,Berlin,mexican,52.424683,13.330777
1165,Opera Italiana,Germany,Berlin,italian,52.519248,13.298436
1166,La Trattoria Toscana,Germany,Berlin,italian,52.514022,13.297397
1167,Restaurant Gourmet Sud,Germany,Berlin,french,52.445817,13.242818
1168,Pirosmani,Germany,Berlin,georgian,52.500693,13.431616
1169,Bistro,Germany,Berlin,,52.471083,13.565227
1170,MÊLI,Germany,Berlin,asian;sushi,52.468214,13.514249
1171,Stella del Köp,Germany,Berlin,italian,52.455706,13.552511
1172,Standard Pizza,Germany,Berlin,pizza,52.532844,13.408615
1173,Zen Garden,Germany,Berlin,asian;sushi,52.427003,13.218089
1174,Golden Garden,Germany,Berlin,chinese,52.417147,13.324476
1175,Asia Restaurant Sonne,Germany,Berlin,asian,52.506657,13.284555
1176,Thomas-Eck,Germany,Berlin,german,52.507989,13.309236
1177,Wernesgrüner B,Germany,Berlin,,52.486491,13.526496
1178,Anna Kim,Germany,Berlin,,52.486649,13.527218
1179,Ristorante Pizzeria Dino,Germany,Berlin,italian,52.507721,13.311386
1180,Don Giovanni,Germany,Berlin,italian,52.523094,13.35975
1181,Die Schule,Germany,Berlin,german,52.537028,13.408425
1182,Knödelwirtschaft Nord,Germany,Berlin,regional;austrian,52.547444,13.414303
1183,Van Hoa,Germany,Berlin,vietnamese,52.547677,13.41473
1184,Rosati,Germany,Berlin,italian,52.511371,13.307841
1185,Oriental,Germany,Berlin,,52.54623,13.412625
1186,Sadhu,Germany,Berlin,indian,52.545283,13.421448
1187,Frau Mittenmang,Germany,Berlin,german,52.550285,13.41932
1188,Papà Pane di Sorrento,Germany,Berlin,italian,52.53209,13.396302
1189,Asman,Germany,Berlin,indian,52.531575,13.396597
1190,Treffpunkt Berlin,Germany,Berlin,regional,52.517894,13.388283
1191,44 Brekkie,Germany,Berlin,breakfast,52.509327,13.45797
1192,Boccadoro,Germany,Berlin,italian,52.423949,13.330636
1193,Alimentari,Germany,Berlin,italian,52.533923,13.402009
1194,Italofritzen,Germany,Berlin,pizza;italian,52.522617,13.388244
1195,Tugra,Germany,Berlin,,52.498707,13.298724
1196,Siena,Germany,Berlin,italian,52.593154,13.381971
1197,Salt & Pepper,Germany,Berlin,indian,52.505049,13.468952
1198,Pizzeria La Riviera,Germany,Berlin,italian,52.450828,13.146647
1199,Viet Duc,Germany,Berlin,asian,52.614048,13.469537
1200,Poco Loco,Germany,Berlin,mexican,52.615149,13.484653
1201,Il Grappolo,Switzerland,Zurich,italian;pizza,47.336138,8.532241
1202,Yan-Ruyi,Switzerland,Zurich,chinese,47.344109,8.53266
1203,Ziegel oh Lac,Switzerland,Zurich,regional,47.343559,8.536856
1204,UBS Restaurant Flur,Switzerland,Zurich,,47.382807,8.492941
1205,Freihof Pizzeria Etna,Switzerland,Zurich,italian;pizza,47.383491,8.499595
1206,Shilla,Switzerland,Zurich,korean,47.381498,8.502572
1207,Letzigrund,Switzerland,Zurich,,47.382578,8.501268
1208,Pizza Züri,Switzerland,Zurich,italian,47.384242,8.497827
1209,Turbinenhalle,Switzerland,Zurich,burger;regional,47.384101,8.496403
1210,Gabbiano,Switzerland,Zurich,pizza;italian;burger,47.409767,8.537479
1211,Zeughauskeller,Switzerland,Zurich,,47.370373,8.539923
1212,Zum Alten Löwen,Switzerland,Zurich,,47.38498,8.548247
1213,Cafe Medina,Switzerland,Zurich,,47.342041,8.530461
1214,Haus Hiltl,Switzerland,Zurich,,47.373304,8.53675
1215,Ristorante Culmann,Switzerland,Zurich,italian;pizza,47.379442,8.54702
1216,La Fontana,Switzerland,Zurich,italian,47.37972,8.546926
1217,Il Postino,Switzerland,Zurich,italian;pizza,47.400103,8.543643
1218,Peking Garden,Switzerland,Zurich,chinese,47.391096,8.488886
1219,Waldhaus Katzensee,Switzerland,Zurich,regional,47.429251,8.489375
1220,Oberhof,Switzerland,Zurich,regional,47.373463,8.553472
1221,Dar,Switzerland,Zurich,moroccan;spanish,47.369368,8.523964
1222,Rosengarten,Switzerland,Zurich,,47.369788,8.556389
1223,Grain,Switzerland,Zurich,,47.37615,8.559374
1224,Wirtschaft Ziegelhütte,Switzerland,Zurich,,47.399532,8.572776
1225,Gebeta äthiopische und eritreische Spezialitäten,Switzerland,Zurich,,47.377311,8.513009
1226,Taverne da Angelo,Switzerland,Zurich,italian,47.376158,8.514767
1227,Lok Lak Asian Eatery,Switzerland,Zurich,,47.378329,8.509611
1228,Tasteria,Switzerland,Zurich,,47.414507,8.533015
1229,Kai Sushi,Switzerland,Zurich,sushi,47.414392,8.539455
1230,Imone,Switzerland,Zurich,asian;korean,47.36395,8.520116
1231,Soho,Switzerland,Zurich,steak_house;tapas,47.388435,8.520804
1232,Shangrila Tibet,Switzerland,Zurich,asian,47.369741,8.51007
1233,AnaMiRa,Switzerland,Zurich,italian,47.364186,8.520423
1234,Hopfenau,Switzerland,Zurich,regional,47.365142,8.520002
1235,Jane Fine Food,Switzerland,Zurich,,47.367343,8.520036
1236,Swaad,Switzerland,Zurich,indian;thai,47.359221,8.516229
1237,Hotel Seegarten,Switzerland,Zurich,,47.361387,8.549412
1238,Ginger,Switzerland,Zurich,sushi,47.361839,8.550687
1239,Tiffins,Switzerland,Zurich,asian,47.361893,8.551033
1240,Suan Long,Switzerland,Zurich,asian,47.363011,8.549528
1241,Kronenhalle,Switzerland,Zurich,french;regional,47.367551,8.545719
1242,Terrasse Restaurant,Switzerland,Zurich,,47.367887,8.544388
1243,Café Bar ODEON,Switzerland,Zurich,,47.367794,8.545145
1244,Rosaly's,Switzerland,Zurich,french;regional,47.367384,8.545854
1245,Yume Ramen,Switzerland,Zurich,ramen,47.367048,8.546245
1246,Yooji's,Switzerland,Zurich,sushi,47.367187,8.546484
1247,Commercio,Switzerland,Zurich,italian,47.365931,8.549084
1248,Quaglinos,Switzerland,Zurich,french,47.364169,8.547223
1249,Hatecke du Théâtre,Switzerland,Zurich,,47.363996,8.547385
1250,Co Chin Chin,Switzerland,Zurich,,47.36209,8.550863
1251,Amalfi,Switzerland,Zurich,italian,47.36067,8.549992
1252,Restaurant Pumpstation,Switzerland,Zurich,,47.363644,8.546378
1253,Bohemia,Switzerland,Zurich,american,47.364789,8.554894
1254,Nooba,Switzerland,Zurich,asian,47.36517,8.554528
1255,Yooji's,Switzerland,Zurich,sushi,47.358288,8.554167
1256,Bimi,Switzerland,Zurich,japanese,47.365058,8.54828
1257,Gesundheitszentrum für das Alter Wildbach,Switzerland,Zurich,,47.357582,8.557584
1258,Ländli,Switzerland,Zurich,,47.36273,8.554562
1259,Santa Lucia,Switzerland,Zurich,pizza;italian,47.36632,8.546737
1260,Lulu,Switzerland,Zurich,,47.364987,8.546064
1261,Grünwald,Switzerland,Zurich,,47.417917,8.482606
1262,House of Ren,Switzerland,Zurich,asian,47.363861,8.531182
1263,Weisse Rose,Switzerland,Zurich,,47.368206,8.545665
1264,Minine,Switzerland,Zurich,sushi,47.369003,8.550049
1265,NA081,Switzerland,Zurich,italian,47.359754,8.552486
1266,Sonnenberg,Switzerland,Zurich,regional;italian,47.367348,8.567509
1267,Aroma,Switzerland,Zurich,italian,47.36547,8.563657
1268,Restaurant Zauberberg,Switzerland,Zurich,,47.363217,8.559992
1269,Lin Lin,Switzerland,Zurich,chinese;thai,47.362347,8.558782
1270,ButchersTable,Switzerland,Zurich,barbecue,47.36156,8.560365
1271,Neumünster,Switzerland,Zurich,,47.359621,8.558505
1272,Strand-Restaurant Tiefenbrunnen,Switzerland,Zurich,,47.35197,8.558048
1273,Wolfbach,Switzerland,Zurich,,47.370344,8.552204
1274,Afghan Anar,Switzerland,Zurich,afghan;oriental,47.369792,8.552981
1275,Blockhus,Switzerland,Zurich,regional,47.368183,8.545181
1276,Weisser Wind,Switzerland,Zurich,,47.368825,8.545509
1277,Papa Joe's Zürich,Switzerland,Zurich,american,47.36876,8.544574
1278,Molino,Switzerland,Zurich,pizza,47.369047,8.543959
1279,Zunfthaus zur Meisen,Switzerland,Zurich,,47.370061,8.541695
1280,Bei Moudi am Kunsthaus,Switzerland,Zurich,lebanese,47.370735,8.547986
1281,Orsini,Switzerland,Zurich,,47.370103,8.540124
1282,Santa Lucia,Switzerland,Zurich,pizza;italian,47.37006,8.539826
1283,Heugümper,Switzerland,Zurich,,47.370272,8.540131
1284,Zunfthaus zur Waag,Switzerland,Zurich,,47.37024,8.540312
1285,Münsterhöfli,Switzerland,Zurich,,47.370018,8.54036
1286,Puro,Switzerland,Zurich,,47.3693,8.540569
1287,Milchbar,Switzerland,Zurich,,47.368996,8.540234
1288,Outback Lodge,Switzerland,Zurich,,47.367079,8.547702
1289,Negishi sushi bar,Switzerland,Zurich,sushi,47.367151,8.547428
1290,Weisses Kreuz,Switzerland,Zurich,regional,47.366111,8.548651
1291,Migros Restaurant,Switzerland,Zurich,international,47.365432,8.547876
1292,Outpost,Switzerland,Zurich,,47.3842,8.574152
1293,Zoo Caffé & Ristorante,Switzerland,Zurich,italian;pizza,47.384397,8.575184
1294,La Trattoria Blumenau,Switzerland,Zurich,italian,47.349034,8.563195
1295,Burgwies,Switzerland,Zurich,regional,47.357827,8.572418
1296,Antiquaria da marco,Switzerland,Zurich,,47.36085,8.566561
1297,Marcellino Pane e Vino,Switzerland,Zurich,italian,47.360223,8.565552
1298,Royal Panda,Switzerland,Zurich,chinese,47.364332,8.554574
1299,Restaurant Schipfe 16,Switzerland,Zurich,,47.373118,8.54179
1300,Brasserie Lipp,Switzerland,Zurich,french,47.374375,8.539467
1301,Lotti,Switzerland,Zurich,,47.375174,8.539712
1302,Silk,Switzerland,Zurich,,47.364341,8.547093
1303,Trinity,Switzerland,Zurich,,47.36768,8.537287
1304,Cheti's Curry,Switzerland,Zurich,indian,47.365049,8.548664
1305,Dupont Brasserie & Bar,Switzerland,Zurich,international,47.376186,8.541341
1306,Sala of Tokyo,Switzerland,Zurich,japanese,47.376182,8.540213
1307,Santa Lucia,Switzerland,Zurich,pizza;italian,47.372206,8.543744
1308,Walliser Kanne,Switzerland,Zurich,regional,47.376697,8.538837
1309,SAM'S Pizza Land,Switzerland,Zurich,american,47.376027,8.538483
1310,Schützengasse,Switzerland,Zurich,,47.377131,8.537525
1311,Astra,Switzerland,Zurich,greek,47.374393,8.535549
1312,Pizza Bros,Switzerland,Zurich,pizza,47.409774,8.537357
1313,Glogge-Egge,Switzerland,Zurich,,47.372906,8.536686
1314,James Joyce,Switzerland,Zurich,international,47.372204,8.537178
1315,Aurora,Switzerland,Zurich,,47.373204,8.537982
1316,Café Zähringer,Switzerland,Zurich,regional,47.3736,8.544795
1317,Il Tartufo,Switzerland,Zurich,,47.360198,8.533395
1318,L'Altro,Switzerland,Zurich,italian,47.360065,8.534079
1319,Sternen Da Guido,Switzerland,Zurich,italian;pizza,47.359705,8.531843
1320,Amara,Switzerland,Zurich,italian,47.363508,8.532308
1321,Ruen Tai,Switzerland,Zurich,thai,47.363742,8.532511
1322,La Mimosa,Switzerland,Zurich,pizza;pasta;italian,47.363515,8.5339
1323,Restaurant Belvoirpark,Switzerland,Zurich,,47.357726,8.533274
1324,Old Inn,Switzerland,Zurich,,47.365841,8.532561
1325,Fujiya of Japan,Switzerland,Zurich,,47.364335,8.53213
1326,greperey - crêpes & drinks,Switzerland,Zurich,,47.372313,8.543739
1327,Don Weber,Switzerland,Zurich,mexican,47.387861,8.52444
1328,Quartier 5 Restaurant & Bar,Switzerland,Zurich,,47.393791,8.51322
1329,Cucina,Switzerland,Zurich,italian;pizza,47.39362,8.507804
1330,OKO,Switzerland,Zurich,coffee_shop,47.372671,8.528216
1331,Primitivo,Switzerland,Zurich,,47.385114,8.536237
1332,Hang's,Switzerland,Zurich,vietnamese,47.397205,8.540876
1333,Les Halles,Switzerland,Zurich,french,47.387863,8.518645
1334,Toscano im Puls 5,Switzerland,Zurich,italian,47.390056,8.51791
1335,Fusio,Switzerland,Zurich,pizza;italian,47.414333,8.540353
1336,Die Waid,Switzerland,Zurich,,47.399962,8.515406
1337,Rebstock,Switzerland,Zurich,,47.419871,8.548016
1338,Dông Quê,Switzerland,Zurich,vietnamese,47.42025,8.54843
1339,I Cugini,Switzerland,Zurich,pizza,47.419484,8.546909
1340,Metzgerhalle,Switzerland,Zurich,regional,47.410062,8.546478
1341,Rolli's Steakhouse,Switzerland,Zurich,steak_house,47.409826,8.546421
1342,Bellucci,Switzerland,Zurich,italian,47.410939,8.546991
1343,Kobal,Switzerland,Zurich,indian,47.375669,8.524375
1344,Nikos,Switzerland,Zurich,greek,47.377552,8.498344
1345,Casa Helvetia,Switzerland,Zurich,,47.376529,8.525964
1346,Tenz Momo,Switzerland,Zurich,tibetan,47.377552,8.526297
1347,Jaime El Barco,Switzerland,Zurich,,47.414817,8.540897
1348,Kitchen & Bar by Courtyard,Switzerland,Zurich,,47.414313,8.540855
1349,Santa Lucia,Switzerland,Zurich,pizza,47.409205,8.546233
1350,Cheyenne,Switzerland,Zurich,american,47.40993,8.545706
1351,Il Salento,Switzerland,Zurich,pizza,47.379283,8.494874
1352,La Baracca,Switzerland,Zurich,italian,47.376174,8.522301
1353,Chichería Cantina,Switzerland,Zurich,peruvian,47.373982,8.522225
1354,Fribourger Stübli,Switzerland,Zurich,regional;swiss,47.375039,8.528181
1355,LILY'S,Switzerland,Zurich,asian,47.38254,8.529604
1356,Saravanaa Bhavan,Switzerland,Zurich,indian;south_indian,47.381888,8.535575
1357,FiveSpice,Switzerland,Zurich,thai,47.37583,8.516428
1358,Suan Long,Switzerland,Zurich,chinese;thai,47.374859,8.524404
1359,Yuma,Switzerland,Zurich,chinese;asian,47.374422,8.523973
1360,Le Cèdre,Switzerland,Zurich,lebanese,47.373883,8.526495
1361,Sarajevska Ćevabdžinica,Switzerland,Zurich,balkan;pizza;croatian;serbian;bosnian,47.377994,8.492623
1362,Derby,Switzerland,Zurich,pizza,47.37612,8.516335
1363,Rosi,Switzerland,Zurich,,47.376432,8.51627
1364,EquiTable,Switzerland,Zurich,,47.377861,8.521149
1365,L'Artista,Switzerland,Zurich,italian;italian_pizza,47.375093,8.517831
1366,Zur Goldige Guttere,Switzerland,Zurich,,47.374488,8.516816
1367,Miki Ramen,Switzerland,Zurich,japanese;ramen,47.375274,8.516591
1368,Masala,Switzerland,Zurich,indian,47.373019,8.528978
1369,Migros Restaurant,Switzerland,Zurich,international,47.420226,8.508576
1370,Antica Roma,Switzerland,Zurich,italian,47.370223,8.531828
1371,S-Family,Switzerland,Zurich,ethiopian,47.374375,8.517765
1372,Rheinfelder Bierhalle,Switzerland,Zurich,local,47.375908,8.544156
1373,Karl der Grosse,Switzerland,Zurich,bistro,47.369781,8.544585
1374,Restaurant Werdinsel,Switzerland,Zurich,regional,47.399358,8.489363
1375,Camino,Switzerland,Zurich,italian,47.377071,8.532729
1376,Ooki Pavillon Letzigrund,Switzerland,Zurich,japanese,47.380755,8.504059
1377,Stazione Paradiso,Switzerland,Zurich,,47.386737,8.534033
1378,SV Mensa Polyterrasse,Switzerland,Zurich,,47.376303,8.546537
1379,Clausiusbar,Switzerland,Zurich,asian,47.377256,8.547
1380,food&lab,Switzerland,Zurich,fusion,47.378314,8.548805
1381,Bernerhof,Switzerland,Zurich,,47.374599,8.532059
1382,Ristorante Italia,Switzerland,Zurich,italian,47.376373,8.529295
1383,Gonzalez,Switzerland,Zurich,spanish,47.396265,8.540288
1384,Johanniter,Switzerland,Zurich,,47.375751,8.544143
1385,Bierhalle Wolf,Switzerland,Zurich,,47.375826,8.543866
1386,Tao's,Switzerland,Zurich,,47.371451,8.540148
1387,Kropf,Switzerland,Zurich,,47.370652,8.540216
1388,Bindella,Switzerland,Zurich,italian,47.370685,8.540643
1389,Aargauerhof,Switzerland,Zurich,regional;swiss,47.377367,8.526169
1390,Zunfthaus zur Schmiden,Switzerland,Zurich,,47.372183,8.543908
1391,Kantorei,Switzerland,Zurich,italian,47.372428,8.545533
1392,Beke,Switzerland,Zurich,regional,47.37486,8.515
1393,Schiwago,Switzerland,Zurich,swiss,47.372333,8.510437
1394,Treffpunkt,Switzerland,Zurich,asian,47.370498,8.509914
1395,Gotthard,Switzerland,Zurich,,47.376913,8.525836
1396,Yu-An,Switzerland,Zurich,japanese,47.372601,8.527387
1397,Ristorante Bar Certo,Switzerland,Zurich,italian,47.372245,8.528974
1398,Köchlistube,Switzerland,Zurich,regional,47.373224,8.52377
1399,Kaufleuten Restaurant,Switzerland,Zurich,,47.371632,8.536357
1400,Uncle 7,Switzerland,Zurich,chinese;cantonese,47.381874,8.533809
1401,Vulkan,Switzerland,Zurich,indian,47.381998,8.533633
1402,Restaurant B,Switzerland,Zurich,bistro_brasserie,47.377747,8.524436
1403,Santa Lucia Subito,Switzerland,Zurich,italian;pizza,47.384859,8.508447
1404,Pizzeria Corallo,Switzerland,Zurich,italian;pizza,47.38654,8.54146
1405,Kreis 6,Switzerland,Zurich,,47.386113,8.545285
1406,Chuchi am Wasser,Switzerland,Zurich,cake;coffee_shop,47.383027,8.539664
1407,Restaurant Waidhof,Switzerland,Zurich,swiss,47.424247,8.525172
1408,zum Grünen Glas,Switzerland,Zurich,,47.371533,8.545772
1409,Piadina Bar,Switzerland,Zurich,,47.37272,8.54384
1410,Haus zum Rüden,Switzerland,Zurich,,47.370857,8.543202
1411,Mère Catherine,Switzerland,Zurich,french,47.370866,8.543806
1412,Arcade Pizzeria,Switzerland,Zurich,pizza,47.371054,8.524349
1413,Weinstube 1923,Switzerland,Zurich,,47.37642,8.544126
1414,La Pasta,Switzerland,Zurich,pasta;italian,47.376013,8.544109
1415,Pizzeria Da Raffaele,Switzerland,Zurich,,47.375826,8.544127
1416,N-68,Switzerland,Zurich,,47.375666,8.544118
1417,Iberia,Switzerland,Zurich,,47.374898,8.543734
1418,Osteria Borgo,Switzerland,Zurich,,47.374659,8.543737
1419,Steakhouse Old Town,Switzerland,Zurich,steak_house,47.373697,8.543641
1420,Vallocaia,Switzerland,Zurich,italian,47.373487,8.543635
1421,Brasserie Louis,Switzerland,Zurich,,47.373,8.54386
1422,Spaghetti Factory,Switzerland,Zurich,pasta,47.372906,8.54366
1423,Trattoria Sempre,Switzerland,Zurich,italian,47.372988,8.543659
1424,Raclette Factory,Switzerland,Zurich,,47.372381,8.54393
1425,Rheinfelder Bierhaus,Switzerland,Zurich,regional,47.37213,8.543735
1426,Bodega Española,Switzerland,Zurich,spanish,47.371221,8.544161
1427,Cucina,Switzerland,Zurich,italian;pizza,47.370856,8.544541
1428,Wöschi,Switzerland,Zurich,,47.340577,8.538102
1429,Restaurant Sunneberg,Switzerland,Zurich,,47.419508,8.543927
1430,Vapiano,Switzerland,Zurich,italian,47.358483,8.522994
1431,Hong-Kong Food Paradise,Switzerland,Zurich,chinese,47.358522,8.523365
1432,LaSalle,Switzerland,Zurich,regional,47.388669,8.519117
1433,Paprika,Switzerland,Zurich,,47.378694,8.506555
1434,RestaurantBar,Switzerland,Zurich,,47.408526,8.546413
1435,Restaurant Bahnhof Wiedikon,Switzerland,Zurich,regional;swiss,47.370904,8.523364
1436,Fusion meal & coffee,Switzerland,Zurich,,47.407748,8.507858
1437,threeOfive,Switzerland,Zurich,,47.389932,8.521282
1438,LA Brea SoCal Tacos,Switzerland,Zurich,tacos;mexican,47.382198,8.531724
1439,Spicy Box,Switzerland,Zurich,indian,47.382624,8.531247
1440,cue,Switzerland,Zurich,,47.373457,8.544905
1441,Nooch Asian Kitchen,Switzerland,Zurich,asian;sushi,47.388727,8.521379
1442,Tibetasia,Switzerland,Zurich,asian;tibetan,47.384465,8.527837
1443,Anemoia,Switzerland,Zurich,italian,47.386361,8.528018
1444,Damas,Switzerland,Zurich,syrian,47.384599,8.527578
1445,Werd,Switzerland,Zurich,,47.37208,8.527024
1446,Paneolio,Switzerland,Zurich,italian,47.373159,8.52611
1447,Saigon,Switzerland,Zurich,,47.372992,8.532753
1448,Choupette,Switzerland,Zurich,french;japanese,47.363839,8.532282
1449,Eisenhof,Switzerland,Zurich,regional,47.383628,8.52873
1450,Cucina,Switzerland,Zurich,italian;pizza,47.376136,8.533846
1451,Roter Stein,Switzerland,Zurich,italian;regional,47.388573,8.48477
1452,Nordbrücke,Switzerland,Zurich,,47.39337,8.529437
1453,The Artisan,Switzerland,Zurich,international,47.393584,8.529676
1454,Chez Nhan,Switzerland,Zurich,vietnamese,47.364542,8.520783
1455,Vietnam,Switzerland,Zurich,vietnamese,47.360678,8.517954
1456,Utoburg,Switzerland,Zurich,"regional
swiss",47.361604,8.518016
1457,Fallender Brunnenhof,Switzerland,Zurich,,47.402817,8.535561
1458,Zum Weissen Rössli,Switzerland,Zurich,swiss,47.375036,8.484182
1459,Hong-Kong Food Paradise,Switzerland,Zurich,asian,47.413529,8.538789
1460,Stripped Pizza,Switzerland,Zurich,pizza,47.360252,8.552136
1461,Zum Guten Glück,Switzerland,Zurich,,47.372707,8.519818
1462,enso,Switzerland,Zurich,sushi,47.38221,8.483893
1463,Café Boy,Switzerland,Zurich,regional,47.377918,8.516018
1464,Villa Grillhaus,Switzerland,Zurich,turkish,47.396389,8.482307
1465,Drei Stuben,Switzerland,Zurich,swiss,47.383254,8.541645
1466,Pizzeria Veneziana,Switzerland,Zurich,italian,47.383118,8.541333
1467,Thai Erawan,Switzerland,Zurich,thai,47.368106,8.535807
1468,Hardhof,Switzerland,Zurich,regional,47.378165,8.510934
1469,Gambrinus,Switzerland,Zurich,regional,47.378758,8.527037
1470,AMO e lino,Switzerland,Zurich,pizza,47.384747,8.531114
1471,La Perla Del Sud,Switzerland,Zurich,italian,47.330759,8.515591
1472,Live sushi fusion restaurant,Switzerland,Zurich,japanese,47.374089,8.536128
1473,Akara‘s,Switzerland,Zurich,kebab;pizza;turkish,47.390686,8.488736
1474,Brasserie Spirgarten,Switzerland,Zurich,regional,47.387399,8.485459
1475,Restaurant Singapore,Switzerland,Zurich,asian,47.383192,8.500056
1476,Zhong Hua,Switzerland,Zurich,chinese,47.375217,8.54474
1477,Restaurant Haldenbach,Switzerland,Zurich,regional,47.379967,8.546925
1478,Ristorante Al Forno da Angelo,Switzerland,Zurich,italian,47.380574,8.548337
1479,Hot Pasta,Switzerland,Zurich,italian,47.378685,8.547952
1480,Wien Zeile,Switzerland,Zurich,austrian,47.374036,8.544474
1481,Bianchi,Switzerland,Zurich,fish,47.373527,8.543012
1482,Weinschenke,Switzerland,Zurich,,47.373401,8.543461
1483,Simon's Steakhouse,Switzerland,Zurich,steak_house,47.373383,8.543634
1484,Zum Königstuhl,Switzerland,Zurich,regional,47.372575,8.543256
1485,Madrid,Switzerland,Zurich,regional,47.373185,8.544683
1486,Bauern Schänke,Switzerland,Zurich,regional,47.372424,8.54521
1487,Restaurant Gasthof Hirschen,Switzerland,Zurich,,47.404062,8.571762
1488,Coco Grill & Bar,Switzerland,Zurich,regional,47.368952,8.538439
1489,Nagasui,Switzerland,Zurich,asian,47.370233,8.532892
1490,Angkor,Switzerland,Zurich,asian,47.390292,8.51724
1491,toscano,Switzerland,Zurich,,47.374778,8.543543
1492,friskfisk.ch,Switzerland,Zurich,,47.374567,8.543731
1493,Walliser Keller,Switzerland,Zurich,regional,47.37498,8.544511
1494,Dumpling Delights,Switzerland,Zurich,asian,47.37453,8.544782
1495,Raclette Stube,Switzerland,Zurich,,47.374762,8.544783
1496,The Bite,Switzerland,Zurich,burger,47.377312,8.52779
1497,Volkshaus,Switzerland,Zurich,,47.375577,8.527125
1498,Bossa Nova,Switzerland,Zurich,brazilian,47.377075,8.527494
1499,Brasserie Café de Paris,Switzerland,Zurich,french,47.376328,8.527878
1500,Ach'i,Switzerland,Zurich,asian,47.377044,8.528778
1501,De Roode Leeuw,Netherlands,Amsterdam,,52.373759,4.89361
1502,Turbo,Netherlands,Amsterdam,,52.360645,4.925313
1503,Meram,Netherlands,Amsterdam,turkish,52.356011,4.925595
1504,Café Maxwell,Netherlands,Amsterdam,international,52.356802,4.918653
1505,ThaiCoon,Netherlands,Amsterdam,thai,52.357137,4.917658
1506,Mojo,Netherlands,Amsterdam,,52.354793,4.928119
1507,La Vallade,Netherlands,Amsterdam,,52.354238,4.926951
1508,Café-Restaurant Dauphine,Netherlands,Amsterdam,,52.34837,4.917305
1509,En Japanese kitchen & Sake bar,Netherlands,Amsterdam,japanese,52.351127,4.88951
1510,Utage Sake Bar,Netherlands,Amsterdam,japanese,52.345194,4.908252
1511,Kong Kha,Netherlands,Amsterdam,chinese,52.345252,4.905884
1512,I Trulli,Netherlands,Amsterdam,italian,52.344566,4.90613
1513,Pizzeria San Marco,Netherlands,Amsterdam,italian,52.348134,4.890974
1514,Kong Ming,Netherlands,Amsterdam,chinese,52.34575,4.905705
1515,Papa,Netherlands,Amsterdam,,52.348235,4.904733
1516,Phukradung,Netherlands,Amsterdam,,52.351467,4.90349
1517,Frango,Netherlands,Amsterdam,,52.353259,4.90276
1518,Kam Kee,Netherlands,Amsterdam,chinese,52.35313,4.892503
1519,Vermeer,Netherlands,Amsterdam,,52.376486,4.900472
1520,Bravi Ragazzi,Netherlands,Amsterdam,,52.375954,4.896375
1521,Sweet Asia,Netherlands,Amsterdam,,52.363178,4.929061
1522,Nam Kee,Netherlands,Amsterdam,chinese;cantonese,52.372991,4.901195
1523,Song Kwae,Netherlands,Amsterdam,thai,52.371915,4.899116
1524,A Fusion,Netherlands,Amsterdam,,52.373243,4.900151
1525,Nam Kee,Netherlands,Amsterdam,chinese;cantonese,52.373701,4.90031
1526,Piccolo Mondo,Netherlands,Amsterdam,,52.374071,4.901708
1527,El Torado Grill,Netherlands,Amsterdam,argentinian;steak_house;burger,52.366691,4.894716
1528,De Jaren,Netherlands,Amsterdam,,52.36806,4.895347
1529,de Kluis,Netherlands,Amsterdam,,52.371134,4.911705
1530,The Grasshopper,Netherlands,Amsterdam,,52.375458,4.897434
1531,Java kitchen,Netherlands,Amsterdam,,52.352654,4.888917
1532,Goldcoast,Netherlands,Amsterdam,,52.311326,4.945052
1533,Café-Restaurant Amsterdam,Netherlands,Amsterdam,,52.38422,4.868214
1534,Het Dorp,Netherlands,Amsterdam,,52.3811,4.912827
1535,Cedars,Netherlands,Amsterdam,lebanese,52.351951,4.844422
1536,Harbour Club Café,Netherlands,Amsterdam,,52.342486,4.854536
1537,Il Forno,Netherlands,Amsterdam,,52.368991,4.92179
1538,De Waaghals,Netherlands,Amsterdam,,52.357149,4.88898
1539,Kikkie,Netherlands,Amsterdam,,52.378018,4.886565
1540,Bridges,Netherlands,Amsterdam,,52.370928,4.895255
1541,Indian Spices & Vibes,Netherlands,Amsterdam,indian,52.351636,4.891178
1542,Desa,Netherlands,Amsterdam,indonesian,52.35304,4.891849
1543,Pizza Taxi Da Paolo & Seba,Netherlands,Amsterdam,pizza,52.353139,4.892582
1544,Toko Talaad Thai,Netherlands,Amsterdam,thai,52.354032,4.893859
1545,Ladybird Fried Chicken,Netherlands,Amsterdam,,52.354344,4.893656
1546,Samba Kitchen,Netherlands,Amsterdam,brazilian,52.352735,4.889594
1547,Thai Deum,Netherlands,Amsterdam,thai,52.352205,4.887894
1548,Wild Sage,Netherlands,Amsterdam,greek,52.352293,4.888631
1549,Simply Fish,Netherlands,Amsterdam,seafood,52.351974,4.857738
1550,De Halve Maen,Netherlands,Amsterdam,regional,52.34114,4.793259
1551,Golden Chopsticks,Netherlands,Amsterdam,,52.371775,4.896388
1552,Eethuis Sie-Joe,Netherlands,Amsterdam,,52.3743,4.891951
1553,Hotel De Goudfazant,Netherlands,Amsterdam,,52.383763,4.93011
1554,Natraj,Netherlands,Amsterdam,indian,52.355557,4.927491
1555,Fuku Ramen,Netherlands,Amsterdam,ramen,52.355223,4.925772
1556,Rosarium,Netherlands,Amsterdam,,52.331865,4.891596
1557,La Margarita,Netherlands,Amsterdam,mexican,52.369272,4.893072
1558,La Favola,Netherlands,Amsterdam,italian,52.3512,4.85707
1559,Cafe Maurits,Netherlands,Amsterdam,international,52.350892,4.850327
1560,Dizinghof,Netherlands,Amsterdam,grill,52.351767,4.848644
1561,Lokaal van de Stad,Netherlands,Amsterdam,regional,52.351708,4.846161
1562,Perla di Roma,Netherlands,Amsterdam,italian,52.358442,4.82768
1563,Roos Steakhouse,Netherlands,Amsterdam,steak_house,52.358517,4.826836
1564,Du Maroc,Netherlands,Amsterdam,grill;moroccan,52.359145,4.826292
1565,Het Rijk van de Keizer,Netherlands,Amsterdam,,52.383307,4.779963
1566,de Veranda,Netherlands,Amsterdam,,52.33077,4.856948
1567,Betty's,Netherlands,Amsterdam,,52.345547,4.905774
1568,Happy Corner,Netherlands,Amsterdam,chinese,52.36624,4.911816
1569,Agora,Netherlands,Amsterdam,,52.36356,4.911176
1570,La Place,Netherlands,Amsterdam,,52.367643,4.892413
1571,Pasouk,Netherlands,Amsterdam,thai,52.393762,4.913825
1572,Vatten Ramen,Netherlands,Amsterdam,ramen,52.366027,4.911618
1573,Jinso,Netherlands,Amsterdam,chinese,52.312738,4.944758
1574,Pancakes Amsterdam,Netherlands,Amsterdam,pancakes,52.374863,4.883856
1575,Soenda Kelapa,Netherlands,Amsterdam,indonesian,52.363005,4.898767
1576,Kramer,Netherlands,Amsterdam,asian,52.365447,4.892658
1577,Jasmine,Netherlands,Amsterdam,thai,52.373536,4.900308
1578,Bollywood Indian Restaurant,Netherlands,Amsterdam,indian,52.363969,4.884403
1579,Puri Mas Indonesisch Restaurant,Netherlands,Amsterdam,indonesian,52.364104,4.884538
1580,Tashi Deleg,Netherlands,Amsterdam,tibetan;indonesian,52.363491,4.898557
1581,Wissenkerke-Sloterdijk,Netherlands,Amsterdam,,52.387119,4.835454
1582,Bir Tat,Netherlands,Amsterdam,shoarma,52.378632,4.848317
1583,Brasserie Keyzer,Netherlands,Amsterdam,,52.356813,4.879209
1584,Het Schoolhuis,Netherlands,Amsterdam,,52.413268,5.025821
1585,Small Talk,Netherlands,Amsterdam,,52.357976,4.878408
1586,La Madonnina,Netherlands,Amsterdam,italian,52.365848,4.895502
1587,Bunga Mawar,Netherlands,Amsterdam,indonesian,52.375385,4.901161
1588,De Portugees,Netherlands,Amsterdam,portuguese,52.375446,4.901136
1589,Pancakes Amsterdam,Netherlands,Amsterdam,pancake,52.370471,4.883235
1590,Bella Vita,Netherlands,Amsterdam,italian,52.3816,4.822079
1591,The Pancake Bakery,Netherlands,Amsterdam,pancake,52.377589,4.886264
1592,Lunch & Dinner,Netherlands,Amsterdam,,52.374329,4.891589
1593,Seafood Grill,Netherlands,Amsterdam,,52.374415,4.89166
1594,ISSHIN,Netherlands,Amsterdam,japanese,52.357048,4.888642
1595,Petit Caron,Netherlands,Amsterdam,french,52.357777,4.888766
1596,Otaru,Netherlands,Amsterdam,japanese,52.358398,4.888863
1597,Sama Sebo,Netherlands,Amsterdam,indonesian,52.360676,4.883141
1598,Maxies,Netherlands,Amsterdam,,52.360087,4.879762
1599,One Dim Sum,Netherlands,Amsterdam,,52.362287,4.874245
1600,Hard Rock Cafe,Netherlands,Amsterdam,american,52.362187,4.883308
1601,Hosokawa,Netherlands,Amsterdam,japanese,52.36292,4.88275
1602,Wagamama,Netherlands,Amsterdam,asian,52.362508,4.883154
1603,Maximus Steak House,Netherlands,Amsterdam,,52.362294,4.883473
1604,De Balie,Netherlands,Amsterdam,,52.36312,4.883101
1605,Anmol,Netherlands,Amsterdam,indian,52.36223,4.875919
1606,de Joffers,Netherlands,Amsterdam,,52.355854,4.871004
1607,Van Dam,Netherlands,Amsterdam,,52.355673,4.870764
1608,Miss Saigon,Netherlands,Amsterdam,chinese,52.365985,4.872835
1609,De Ysbreeker,Netherlands,Amsterdam,,52.357488,4.906887
1610,Pizza Project,Netherlands,Amsterdam,pizza,52.360962,4.861164
1611,Number 1,Netherlands,Amsterdam,pizza,52.391014,4.910723
1612,De Haven van Texel,Netherlands,Amsterdam,,52.375789,4.900279
1613,Trees,Netherlands,Amsterdam,,52.375833,4.900454
1614,Kam Yin,Netherlands,Amsterdam,,52.376236,4.899454
1615,Eenvistweevis,Netherlands,Amsterdam,,52.370818,4.911711
1616,Ibericus Amsterdam,Netherlands,Amsterdam,spanish,52.380516,4.890864
1617,Tom Yum Kung,Netherlands,Amsterdam,thai,52.369015,4.921709
1618,La Oliva Pintxos y Vinos,Netherlands,Amsterdam,spanish,52.376696,4.882239
1619,Two Chefs Bar,Netherlands,Amsterdam,,52.374348,4.873043
1620,San Lok,Netherlands,Amsterdam,chinese,52.353162,4.826975
1621,Suvarnadhum,Netherlands,Amsterdam,thai,52.354034,4.827028
1622,Porto Marina,Netherlands,Amsterdam,seafood,52.356403,4.826851
1623,Brasserie De Houten Vier,Netherlands,Amsterdam,,52.286469,4.960156
1624,Nyonya,Netherlands,Amsterdam,malaysian,52.371321,4.898623
1625,Café Cook,Netherlands,Amsterdam,,52.371251,4.852637
1626,The Red Sun,Netherlands,Amsterdam,,52.34607,4.866237
1627,Spaghetteria,Netherlands,Amsterdam,italian,52.346135,4.866898
1628,Café Luxembourg,Netherlands,Amsterdam,dutch,52.368661,4.888703
1629,Ponte Arcari,Netherlands,Amsterdam,,52.364571,4.896189
1630,De Belhamel,Netherlands,Amsterdam,regional,52.379447,4.892137
1631,Neva,Netherlands,Amsterdam,,52.365432,4.903308
1632,Golden Garden,Netherlands,Amsterdam,chinese,52.349864,4.839751
1633,Oleg Pelmeni Bar,Netherlands,Amsterdam,russian,52.363695,4.910568
1634,Jen's Bing,Netherlands,Amsterdam,asian;bubble_tea,52.363901,4.910639
1635,Aguada,Netherlands,Amsterdam,Diversen,52.363758,4.910598
1636,Loetje,Netherlands,Amsterdam,steak_house,52.377503,4.900437
1637,Brasserie 't Siertje,Netherlands,Amsterdam,,52.355879,4.826484
1638,Boulevard Cafe,Netherlands,Amsterdam,international,52.368637,4.934465
1639,Cai & Cai,Netherlands,Amsterdam,asian;fusion;sushi;buffet,52.37132,4.9402
1640,Piccolino,Netherlands,Amsterdam,italian,52.363605,4.885273
1641,Royal Fook Long,Netherlands,Amsterdam,chinese;sushi,52.345322,4.810043
1642,63 Degrees Foodbar,Netherlands,Amsterdam,,52.352753,4.847996
1643,Glatt Kosjer,Netherlands,Amsterdam,jewish,52.351043,4.856551
1644,O-Cha,Netherlands,Amsterdam,thai,52.373991,4.90189
1645,lePita,Netherlands,Amsterdam,arab;deli;mediterranean,52.325718,4.87106
1646,Momo,Netherlands,Amsterdam,,52.361503,4.882586
1647,Cuisine of India,Netherlands,Amsterdam,indian,52.373872,4.902213
1648,Italia Oggi,Netherlands,Amsterdam,italian,52.37384,4.902258
1649,AM Sushi,Netherlands,Amsterdam,sushi,52.349774,4.9036
1650,Faa Thai,Netherlands,Amsterdam,thai,52.348241,4.860915
1651,Tokyo garden,Netherlands,Amsterdam,japanese,52.374158,4.826587
1652,Nossa Senhora,Netherlands,Amsterdam,,52.375492,4.90089
1653,Nel,Netherlands,Amsterdam,,52.362197,4.89663
1654,De Deli,Netherlands,Amsterdam,,52.367011,4.912006
1655,New Dutch,Netherlands,Amsterdam,,52.377898,4.885574
1656,Lalla Rookh,Netherlands,Amsterdam,surinamese,52.360674,4.928515
1657,R21,Netherlands,Amsterdam,,52.37158,4.907716
1658,Babel,Netherlands,Amsterdam,,52.375869,4.908151
1659,Plancius,Netherlands,Amsterdam,international,52.367835,4.912795
1660,Bloem,Netherlands,Amsterdam,,52.36885,4.914241
1661,van Kerkwijk,Netherlands,Amsterdam,,52.37154,4.893708
1662,Akitsu,Netherlands,Amsterdam,japanese,52.372219,4.875215
1663,d'Vijff Vlieghen,Netherlands,Amsterdam,dutch,52.369578,4.88864
1664,Oma,Netherlands,Amsterdam,,52.363059,4.885184
1665,1900,Netherlands,Amsterdam,,52.354827,4.933168
1666,De Pizzabakkers,Netherlands,Amsterdam,pizza,52.355343,4.937754
1667,Maria,Netherlands,Amsterdam,,52.37504,4.901114
1668,Little Thai Prince,Netherlands,Amsterdam,thai,52.375572,4.901033
1669,Brasserie Flo,Netherlands,Amsterdam,french,52.366329,4.898278
1670,Krua Thai,Netherlands,Amsterdam,thai,52.368158,4.898032
1671,Kosmos,Netherlands,Amsterdam,,52.381241,4.873449
1672,Toscana,Netherlands,Amsterdam,pizza,52.38412,4.884836
1673,a Volo!,Netherlands,Amsterdam,italian,52.384251,4.884547
1674,Café Nassau,Netherlands,Amsterdam,,52.382925,4.877188
1675,la zoccola,Netherlands,Amsterdam,pizza,52.38315,4.886491
1676,Namaskar,Netherlands,Amsterdam,indian,52.379689,4.893198
1677,Rangoli,Netherlands,Amsterdam,indian,52.379404,4.893726
1678,Il Tramezzino,Netherlands,Amsterdam,italian,52.380311,4.891484
1679,Bistrot Neuf,Netherlands,Amsterdam,french,52.379378,4.893771
1680,San Pedro,Netherlands,Amsterdam,steak,52.380348,4.891344
1681,Salsa Shop,Netherlands,Amsterdam,mexican,52.380578,4.890728
1682,Soup En Zo,Netherlands,Amsterdam,soup;salad,52.380385,4.891205
1683,Kruabuppha,Netherlands,Amsterdam,thai,52.34954,4.904308
1684,DOK48,Netherlands,Amsterdam,,52.352814,5.005411
1685,Pica Pica,Netherlands,Amsterdam,spanish,52.357802,4.913406
1686,Hearth,Netherlands,Amsterdam,,52.358458,4.912926
1687,Daalder,Netherlands,Amsterdam,,52.364109,4.859088
1688,Merkelbach,Netherlands,Amsterdam,,52.351224,4.933414
1689,Wonny's Eethuis,Netherlands,Amsterdam,,52.3547,4.919785
1690,Warung Domburg,Netherlands,Amsterdam,asian,52.356413,4.918369
1691,Sham,Netherlands,Amsterdam,syrian,52.36976,4.936885
1692,Saravanaa Bhavan,Netherlands,Amsterdam,indian,52.357704,4.899516
1693,Ristorante Isola Bella,Netherlands,Amsterdam,italian,52.365339,4.896147
1694,Stoop & Stoop Eetcafé,Netherlands,Amsterdam,,52.36428,4.883895
1695,Pancake Corner Restaurant,Netherlands,Amsterdam,pancake,52.364034,4.88345
1696,Palladium Restaurant Club,Netherlands,Amsterdam,,52.363577,4.883529
1697,Eetcafé 't Gasthuys,Netherlands,Amsterdam,,52.369392,4.893529
1698,Rancho Steakhouse,Netherlands,Amsterdam,,52.368877,4.891157
1699,Flore,Netherlands,Amsterdam,,52.367454,4.894303
1700,De Duvel,Netherlands,Amsterdam,,52.3548,4.893632
1701,Moeders,Netherlands,Amsterdam,regional,52.371843,4.874978
1702,Blue Dragon,Netherlands,Amsterdam,sushi,52.357404,4.891149
1703,Radijs,Netherlands,Amsterdam,,52.371058,4.857112
1704,Ron Gastrobar,Netherlands,Amsterdam,international,52.352126,4.856793
1705,Casa Peru,Netherlands,Amsterdam,peruvian,52.366439,4.882996
1706,Kagetsu,Netherlands,Amsterdam,japanese,52.372245,4.88602
1707,De Italiaan,Netherlands,Amsterdam,italian,52.365491,4.876375
1708,La Bruschetta,Netherlands,Amsterdam,italian,52.359361,4.994942
1709,Zomerlust,Netherlands,Amsterdam,international,52.381289,4.823937
1710,Hannekes Boom,Netherlands,Amsterdam,international,52.376293,4.911579
1711,Beyoğlu,Netherlands,Amsterdam,mediterranean;turkish,52.357265,4.913725
1712,Marhaba,Netherlands,Amsterdam,moroccan,52.356782,4.911837
1713,Landmarkt Restaurant,Netherlands,Amsterdam,,52.380922,4.968646
1714,de Oesterbar,Netherlands,Amsterdam,fish,52.364701,4.882774
1715,Zenzero Pizzeria,Netherlands,Amsterdam,italian;pizza,52.377487,4.859556
1716,Sortie,Netherlands,Amsterdam,turkish,52.379196,4.822776
1717,Antonio's Restaurante,Netherlands,Amsterdam,italian,52.363648,4.88489
1718,Bojo,Netherlands,Amsterdam,indonesian,52.363932,4.884792
1719,Chicano's,Netherlands,Amsterdam,mexican,52.363749,4.884745
1720,De blauwe Hollander,Netherlands,Amsterdam,regional,52.363548,4.884723
1721,El Rancho,Netherlands,Amsterdam,argentinian,52.363882,4.88454
1722,Greek,Netherlands,Amsterdam,greek,52.364357,4.884194
1723,Mythos,Netherlands,Amsterdam,argentinian,52.364294,4.884252
1724,Miduo Chinese Cuisine,Netherlands,Amsterdam,,52.36421,4.884381
1725,Mykonos,Netherlands,Amsterdam,greek,52.36401,4.884682
1726,O' Sole Mio,Netherlands,Amsterdam,italian,52.36442,4.884143
1727,Peppino,Netherlands,Amsterdam,italian,52.363491,4.884608
1728,Pisa,Netherlands,Amsterdam,italian,52.364485,4.883981
1729,Royal Thai,Netherlands,Amsterdam,thai;seafood,52.364126,4.884231
1730,,Netherlands,Amsterdam,,52.363785,4.88498
1731,Zorba de Griek,Netherlands,Amsterdam,greek,52.363726,4.885108
1732,Do Brasil,Netherlands,Amsterdam,brazilian,52.364194,4.884033
1733,Utrechtsedwarstafel,Netherlands,Amsterdam,,52.361824,4.900495
1734,Ceppi's,Netherlands,Amsterdam,regional,52.362859,4.885052
1735,El Patio Granada,Netherlands,Amsterdam,,52.363518,4.885417
1736,Mayur,Netherlands,Amsterdam,indian,52.362343,4.886176
1737,In de Buurt,Netherlands,Amsterdam,,52.363026,4.884512
1738,Porto Carrara,Netherlands,Amsterdam,pizza,52.363401,4.885265
1739,Sherpa,Netherlands,Amsterdam,nepalese;tibetan;indian,52.363137,4.884752
1740,Taste of Culture,Netherlands,Amsterdam,chinese,52.363105,4.885137
1741,El Vino,Netherlands,Amsterdam,mexican,52.3639,4.884889
1742,Bombay inn,Netherlands,Amsterdam,indian,52.36514,4.88265
1743,Granada,Netherlands,Amsterdam,,52.363644,4.885342
1744,Japan Inn,Netherlands,Amsterdam,japanese,52.363895,4.885433
1745,Los Argentinos,Netherlands,Amsterdam,,52.363714,4.885479
1746,Moshi Moshi,Netherlands,Amsterdam,japanese,52.36368,4.88541
1747,The Guru of India,Netherlands,Amsterdam,indian,52.365018,4.882863
1748,Phutakun,Netherlands,Amsterdam,thai,52.366767,4.889623
1749,Rossini,Netherlands,Amsterdam,italian,52.366815,4.889471
1750,Shisho,Netherlands,Amsterdam,sushi,52.366149,4.897694
1751,Global Streetfood,Netherlands,Amsterdam,,52.357975,4.853933
1752,Sranang Makmur,Netherlands,Amsterdam,asian,52.360026,4.925973
1753,Master Fisher,Netherlands,Amsterdam,seafood,52.361565,4.936095
1754,De Kompaszaal,Netherlands,Amsterdam,international,52.377159,4.940056
1755,De Nieuwe KHL,Netherlands,Amsterdam,international,52.374007,4.936309
1756,Het Pompstation,Netherlands,Amsterdam,,52.365906,4.933495
1757,VRR,Netherlands,Amsterdam,,52.371967,4.931395
1758,Les Zazous,Netherlands,Amsterdam,french,52.376516,4.941527
1759,Meram,Netherlands,Amsterdam,turkish,52.360205,4.8081
1760,De Reiger,Netherlands,Amsterdam,international,52.375729,4.882526
1761,Mister Chen Cha House,Netherlands,Amsterdam,chinese,52.359298,4.92548
1762,Poké Perfect,Netherlands,Amsterdam,,52.359534,4.925324
1763,Westergasterras,Netherlands,Amsterdam,,52.387155,4.869771
1764,Caramba!,Netherlands,Amsterdam,mexican,52.379811,4.880804
1765,Long Pura,Netherlands,Amsterdam,indonesian,52.373644,4.881137
1766,Chow,Netherlands,Amsterdam,asian,52.373391,4.879305
1767,Wilde Zwijnen,Netherlands,Amsterdam,regional,52.363579,4.940391
1768,La Due Sicilie,Netherlands,Amsterdam,,52.351264,4.916343
1769,Pancake Corner,Netherlands,Amsterdam,,52.362801,4.883897
1770,Azur Bleu,Netherlands,Amsterdam,tapas,52.374261,4.872762
1771,Orontes West,Netherlands,Amsterdam,mediterranean,52.3748,4.8733
1772,Marits,Netherlands,Amsterdam,,52.359302,4.913713
1773,Queen of Sheba,Netherlands,Amsterdam,,52.383655,4.87896
1774,MKZ,Netherlands,Amsterdam,,52.353932,4.854276
1775,Wagamama,Netherlands,Amsterdam,asian,52.339909,4.872697
1776,Il Delfino Blu,Netherlands,Amsterdam,italian_pizza;pizza,52.351707,4.797276
1777,Leziz,Netherlands,Amsterdam,turkish,52.3515,4.798331
1778,Pomodoro,Netherlands,Amsterdam,,52.362435,4.864006
1779,Gitane,Netherlands,Amsterdam,mediterranean,52.361773,4.864419
1780,Cham So Good,Netherlands,Amsterdam,korean,52.359518,4.861415
1781,De Zingende Zwaan,Netherlands,Amsterdam,,52.359787,4.859972
1782,Lalibela,Netherlands,Amsterdam,ethiopian,52.360959,4.865533
1783,Getto,Netherlands,Amsterdam,burger,52.375358,4.898286
1784,Kaagman & Kortekaas,Netherlands,Amsterdam,french,52.374809,4.892436
1785,Atrium,Netherlands,Amsterdam,,52.369028,4.895553
1786,Bir Bey,Netherlands,Amsterdam,turkish,52.36117,4.783197
1787,De Smoeshaan,Netherlands,Amsterdam,international,52.364031,4.880571
1788,Roberto's Restaurant,Netherlands,Amsterdam,italian,52.351458,4.871559
1789,Kersentuin,Netherlands,Amsterdam,,52.351259,4.874368
1790,Café Loetje,Netherlands,Amsterdam,steak_house,52.354367,4.884237
1791,Toko Sinar Mas,Netherlands,Amsterdam,asian,52.350895,4.850065
1792,Bolenius,Netherlands,Amsterdam,,52.336071,4.873704
1793,New King,Netherlands,Amsterdam,chinese,52.373613,4.9003
1794,Blin Queen,Netherlands,Amsterdam,breakfast;cake;coffee_shop;crepe;diner;pancake,52.366956,4.896856
1795,Middl Eat,Netherlands,Amsterdam,mediterranean,52.366635,4.889989
1796,La Casa di Madonna,Netherlands,Amsterdam,italian,52.366547,4.890313
1797,Gebr. Hartering,Netherlands,Amsterdam,meat,52.371644,4.907476
1798,The Red Wine District,Netherlands,Amsterdam,,52.376527,4.895664
1799,Tjing Tjing,Netherlands,Amsterdam,,52.350533,4.889167
1800,Shoarma Mesut 2,Netherlands,Amsterdam,,52.372892,4.878077
1801,Old Tree Daiwan Bee,United Kingdom,Westminster,taiwanese,51.511054,-0.13256
1802,Bon Gusto,United Kingdom,Westminster,italian,51.49921,-0.137819
1803,Bank Restaurant & Bar,United Kingdom,Westminster,,51.49863,-0.137256
1804,Goya,United Kingdom,Westminster,tapas,51.488401,-0.137489
1805,Sketch,United Kingdom,Westminster,,51.512734,-0.141486
1806,PizzaExpress,United Kingdom,Westminster,pizza,51.488842,-0.137108
1807,Il Posto,United Kingdom,Westminster,italian,51.495729,-0.141934
1808,Aubaine,United Kingdom,Westminster,french,51.510911,-0.139315
1809,Goodman,United Kingdom,Westminster,steak_house,51.513121,-0.142206
1810,Mary's,United Kingdom,Westminster,,51.513393,-0.142331
1811,Uno,United Kingdom,Westminster,italian,51.492019,-0.140075
1812,Moo Cantina Pimlico,United Kingdom,Westminster,argentinian,51.49107,-0.135199
1813,Taro,United Kingdom,Westminster,japanese,51.49249,-0.137906
1814,About Thyme,United Kingdom,Westminster,,51.492473,-0.139974
1815,Pimlico Tandoori,United Kingdom,Westminster,indian,51.488999,-0.136883
1816,Bella Italia,United Kingdom,Westminster,italian,51.511834,-0.187633
1817,garum,United Kingdom,Westminster,italian,51.512505,-0.187421
1818,The Cinnamon Club,United Kingdom,Westminster,indian;curry,51.497522,-0.129607
1819,The New Inn,United Kingdom,Westminster,,51.535412,-0.166095
1820,Al Arez Express,United Kingdom,Westminster,lebanese,51.51656,-0.164825
1821,StreetXO,United Kingdom,Westminster,italian,51.511283,-0.141362
1822,Rio's Piri Piri,United Kingdom,Westminster,,51.523909,-0.167005
1823,PizzaExpress,United Kingdom,Westminster,pizza,51.521854,-0.157589
1824,Rousillon,United Kingdom,Westminster,french,51.489741,-0.151526
1825,Má Là,United Kingdom,Westminster,chinese,51.496735,-0.130632
1826,Pastaio,United Kingdom,Westminster,italian,51.512904,-0.139032
1827,Morinoya,United Kingdom,Westminster,sushi,51.494038,-0.140935
1828,La Poule au Pot,United Kingdom,Westminster,french,51.490988,-0.152599
1829,Milbank Spice,United Kingdom,Westminster,indian,51.490219,-0.132375
1830,Yauatcha,United Kingdom,Westminster,Asian Fusion,51.513668,-0.135184
1831,Gustoso,United Kingdom,Westminster,italian,51.49366,-0.138598
1832,Zizzi,United Kingdom,Westminster,italian,51.497441,-0.140767
1833,Nando's,United Kingdom,Westminster,chicken;portuguese,51.497635,-0.140221
1834,Thai Square,United Kingdom,Westminster,thai,51.507402,-0.129958
1835,PizzaExpress,United Kingdom,Westminster,pizza,51.508406,-0.126123
1836,Pizza Hut,United Kingdom,Westminster,pizza,51.510825,-0.129468
1837,Angus Steakhouse,United Kingdom,Westminster,,51.510055,-0.132923
1838,HAPPY,United Kingdom,Westminster,burger;chicken;international;seafood;fish_and_chips,51.51013,-0.132472
1839,Byron,United Kingdom,Westminster,burger,51.512097,-0.120748
1840,Da Paolo,United Kingdom,Westminster,italian,51.518936,-0.136141
1841,Dinings,United Kingdom,Westminster,japanese,51.519823,-0.164707
1842,New World,United Kingdom,Westminster,chinese,51.512368,-0.130358
1843,Refuel,United Kingdom,Westminster,,51.514146,-0.133797
1844,Nando's,United Kingdom,Westminster,chicken;portuguese,51.516321,-0.135957
1845,Enish,United Kingdom,Westminster,nigerian,51.516391,-0.136002
1846,Prezzo,United Kingdom,Westminster,italian,51.49457,-0.145783
1847,Pronto a Mangia,United Kingdom,Westminster,italian,51.498978,-0.143101
1848,Giraffe,United Kingdom,Westminster,international;burger,51.493875,-0.142174
1849,Ladurée,United Kingdom,Westminster,macaroons,51.511539,-0.122352
1850,Govinda's,United Kingdom,Westminster,indian,51.515796,-0.132651
1851,Prezzo,United Kingdom,Westminster,italian,51.513906,-0.1594
1852,Spaghetti House,United Kingdom,Westminster,italian,51.514046,-0.159728
1853,Vinoteca Marylebone,United Kingdom,Westminster,italian,51.514883,-0.161289
1854,La Masseria,United Kingdom,Westminster,italian,51.51562,-0.158551
1855,Zayna,United Kingdom,Westminster,pakistani,51.514955,-0.158251
1856,Red Sun,United Kingdom,Westminster,chinese,51.515058,-0.15805
1857,Patara - Oxford Circus,United Kingdom,Westminster,thai,51.513424,-0.141498
1858,The Mango Tree,United Kingdom,Westminster,,51.498271,-0.147274
1859,Scott's,United Kingdom,Westminster,seafood,51.509816,-0.150933
1860,Richoux,United Kingdom,Westminster,,51.509965,-0.151802
1861,Corrigans,United Kingdom,Westminster,,51.510095,-0.155295
1862,Langan's Brasserie,United Kingdom,Westminster,,51.507093,-0.14354
1863,Peyote,United Kingdom,Westminster,,51.510005,-0.141321
1864,Momo north-African & Mediterranean,United Kingdom,Westminster,,51.511174,-0.139814
1865,Apricity,United Kingdom,Westminster,european,51.513574,-0.151211
1866,74 Duke,United Kingdom,Westminster,,51.51341,-0.15113
1867,Maze,United Kingdom,Westminster,,51.512354,-0.151038
1868,Kiln,United Kingdom,Westminster,thai,51.511351,-0.135996
1869,Boisdale of Mayfair,United Kingdom,Westminster,british,51.512766,-0.15719
1870,Fera at Claridge's,United Kingdom,Westminster,british,51.512549,-0.147999
1871,Avenue,United Kingdom,Westminster,modern european,51.505765,-0.138296
1872,Santini,United Kingdom,Westminster,italian,51.495843,-0.147018
1873,Ken Lo's Memories of China,United Kingdom,Westminster,chinese;cantonese,51.494938,-0.148074
1874,Fantasia Palace,United Kingdom,Westminster,greek,51.518069,-0.171344
1875,Côte,United Kingdom,Westminster,french,51.515251,-0.19413
1876,Nando's,United Kingdom,Westminster,chicken;portuguese,51.515382,-0.191078
1877,Khan's,United Kingdom,Westminster,indian,51.515634,-0.189053
1878,Sadaf,United Kingdom,Westminster,persian,51.515566,-0.189589
1879,Sidi Maarouf,United Kingdom,Westminster,moroccan,51.51476,-0.162207
1880,Maroush,United Kingdom,Westminster,lebanese,51.515128,-0.162724
1881,Mahal,United Kingdom,Westminster,indian,51.516647,-0.164967
1882,Salwa Restaurant,United Kingdom,Westminster,pakistani,51.517784,-0.166318
1883,Freej Swaileh,United Kingdom,Westminster,,51.517891,-0.166774
1884,Patogh Restaurant,United Kingdom,Westminster,persian,51.517835,-0.166236
1885,Pearl Liang,United Kingdom,Westminster,chinese,51.519264,-0.180435
1886,The Bengal,United Kingdom,Westminster,indian,51.5184,-0.18889
1887,Massis,United Kingdom,Westminster,lebanese,51.519634,-0.180012
1888,Bella Italia,United Kingdom,Westminster,italian,51.51354,-0.187587
1889,Gold Mine,United Kingdom,Westminster,chinese,51.51334,-0.187557
1890,Halal Restaurant,United Kingdom,Westminster,,51.513267,-0.187545
1891,Four Seasons,United Kingdom,Westminster,chinese,51.51291,-0.187478
1892,Maharaja,United Kingdom,Westminster,indian,51.511927,-0.187332
1893,Mamma Mia,United Kingdom,Westminster,italian,51.511879,-0.187328
1894,Pizza Pilgrims,United Kingdom,Westminster,pizza,51.51156,-0.187147
1895,Casa Mia,United Kingdom,Westminster,italian,51.511138,-0.18742
1896,Mandarin Kitchen,United Kingdom,Westminster,chinese;seafood,51.510795,-0.186902
1897,Farmacy,United Kingdom,Westminster,,51.515394,-0.19273
1898,HIDE,United Kingdom,Westminster,,51.506175,-0.144337
1899,Hard Rock Cafe,United Kingdom,Westminster,american,51.503872,-0.149046
1900,Simpson's-in-the-Strand,United Kingdom,Westminster,english,51.510505,-0.120636
1901,Prezzo,United Kingdom,Westminster,italian,51.507428,-0.126592
1902,Naroon,United Kingdom,Westminster,,51.518889,-0.150435
1903,The Vincent Rooms,United Kingdom,Westminster,,51.494832,-0.135671
1904,Amalfi,United Kingdom,Westminster,italian,51.514691,-0.140975
1905,Hereford Road Restaurant,United Kingdom,Westminster,british,51.513831,-0.193717
1906,Sinuhe persian Tapas Bar,United Kingdom,Westminster,,51.514102,-0.193792
1907,Aphrodite Taverna,United Kingdom,Westminster,greek,51.514161,-0.19381
1908,Hafez,United Kingdom,Westminster,persian,51.513888,-0.193732
1909,Moroccan Sahara Restaurant,United Kingdom,Westminster,moroccan,51.514904,-0.193995
1910,Durbar,United Kingdom,Westminster,indian,51.514854,-0.193724
1911,Angus Steak Houses,United Kingdom,Westminster,steak_house,51.515107,-0.141306
1912,Steak & Co.,United Kingdom,Westminster,steak_house,51.509248,-0.132131
1913,PizzaExpress,United Kingdom,Westminster,pizza,51.50942,-0.132213
1914,Brumus,United Kingdom,Westminster,,51.508308,-0.131298
1915,Barrafina,United Kingdom,Westminster,spanish,51.509348,-0.125693
1916,Cafe de Hong Kong,United Kingdom,Westminster,chinese,51.511813,-0.12857
1917,Spaghetti House,United Kingdom,Westminster,italian,51.511789,-0.127505
1918,Le Garrick,United Kingdom,Westminster,french,51.51164,-0.126049
1919,Steak and Company,United Kingdom,Westminster,,51.511528,-0.125784
1920,Titu,United Kingdom,Westminster,asian,51.506235,-0.146309
1921,Cocotte,United Kingdom,Westminster,rotisserie,51.515194,-0.193008
1922,Kitty Fisher's,United Kingdom,Westminster,british,51.506522,-0.146262
1923,The Little Square,United Kingdom,Westminster,british,51.506413,-0.146456
1924,Misto,United Kingdom,Westminster,italian,51.506479,-0.146556
1925,Al Hamra,United Kingdom,Westminster,lebanese,51.506377,-0.147147
1926,Sofra,United Kingdom,Westminster,turkish,51.506242,-0.147085
1927,Prezzo,United Kingdom,Westminster,italian,51.50549,-0.148765
1928,Veeraswamy,United Kingdom,Westminster,indian,51.509895,-0.137919
1929,Piccolino,United Kingdom,Westminster,italian,51.511008,-0.139648
1930,Kowloon Restaurant and Bakery,United Kingdom,Westminster,,51.511565,-0.131904
1931,Gold Mine,United Kingdom,Westminster,,51.51155,-0.132365
1932,Singapulah,United Kingdom,Westminster,asian,51.511953,-0.132373
1933,Wingmans,United Kingdom,Westminster,chicken,51.512995,-0.131505
1934,27 Old Compton Street,United Kingdom,Westminster,italian,51.513043,-0.131374
1935,Garlic & Shots,United Kingdom,Westminster,,51.513836,-0.131532
1936,Little Italy,United Kingdom,Westminster,,51.513456,-0.131246
1937,Leicester Square Kitchen,United Kingdom,Westminster,,51.509899,-0.129906
1938,Salt'n Pepper,United Kingdom,Westminster,,51.509372,-0.130025
1939,Le Chef Masgouf,United Kingdom,Westminster,middle_eastern,51.514374,-0.166047
1940,Colbeh,United Kingdom,Westminster,persian,51.514846,-0.165059
1941,Saffron,United Kingdom,Westminster,persian,51.51516,-0.162556
1942,Pizza Express,United Kingdom,Westminster,pizza,51.523467,-0.14436
1943,Kulu Kulu,United Kingdom,Westminster,japanese,51.510979,-0.136697
1944,Cafe Pacifico,United Kingdom,Westminster,mexican,51.513146,-0.125101
1945,The Greenhouse,United Kingdom,Westminster,,51.50792,-0.149399
1946,Spaghetti House,United Kingdom,Westminster,italian;italian_pizza,51.508508,-0.131966
1947,Nipa,United Kingdom,Westminster,thai,51.51195,-0.175231
1948,Sagar,United Kingdom,Westminster,indian,51.50957,-0.131819
1949,PalmAsia,United Kingdom,Westminster,indian,51.509546,-0.131884
1950,Jumak 39,United Kingdom,Westminster,barbecue;korean,51.50951,-0.131961
1951,Il Vicolo,United Kingdom,Westminster,italian,51.50574,-0.137609
1952,Wiltons Restaurant,United Kingdom,Westminster,,51.507699,-0.139204
1953,Getti,United Kingdom,Westminster,italian,51.509154,-0.134757
1954,Sael,United Kingdom,Westminster,,51.508854,-0.133258
1955,Tiger Green,United Kingdom,Westminster,,51.506292,-0.145373
1956,Kiku,United Kingdom,Westminster,japanese,51.506729,-0.145661
1957,Wahaca,United Kingdom,Westminster,mexican,51.516788,-0.141056
1958,Fusion Food House,United Kingdom,Westminster,oriental_fusion,51.51821,-0.141482
1959,J. Sheekey,United Kingdom,Westminster,fish,51.510923,-0.127697
1960,Akoko,United Kingdom,Westminster,african;west_african,51.517686,-0.136842
1961,The Riding House Cafe,United Kingdom,Westminster,,51.518267,-0.140598
1962,Homeslice,United Kingdom,Westminster,pizza,51.518407,-0.139985
1963,Il Cucciolo,United Kingdom,Westminster,italian,51.513795,-0.129878
1964,Harrys Victoria,United Kingdom,Westminster,,51.495851,-0.145704
1965,Mint Leaf,United Kingdom,Westminster,,51.508061,-0.131102
1966,Tampopo,United Kingdom,Westminster,asian,51.516562,-0.133015
1967,Lima,United Kingdom,Westminster,peruvian,51.51773,-0.134369
1968,ThongLor,United Kingdom,Westminster,thai,51.53769,-0.184683
1969,Mosob,United Kingdom,Westminster,african,51.523886,-0.20097
1970,The Deli,United Kingdom,Westminster,,51.510618,-0.116845
1971,Tortilla,United Kingdom,Westminster,tex-mex,51.516453,-0.139988
1972,Aqua Nueva,United Kingdom,Westminster,spanish,51.514241,-0.140786
1973,The Carnaby,United Kingdom,Westminster,,51.51433,-0.139541
1974,Pasta Browns,United Kingdom,Westminster,italian,51.511034,-0.124524
1975,Goodwhich,United Kingdom,Westminster,,51.511049,-0.126277
1976,Giovanni's,United Kingdom,Westminster,italian,51.511074,-0.126014
1977,MotherMash,United Kingdom,Westminster,,51.511022,-0.126471
1978,Southern Joe,United Kingdom,Westminster,american,51.511648,-0.124694
1979,Il Baretto,United Kingdom,Westminster,italian,51.518248,-0.154348
1980,Wagamama,United Kingdom,Westminster,asian,51.515617,-0.152266
1981,Il Blandford`s,United Kingdom,Westminster,italian,51.52027,-0.155682
1982,Chen Cheng Ku,United Kingdom,Westminster,chinese,51.51134,-0.132168
1983,1947,United Kingdom,Westminster,,51.516098,-0.140284
1984,Honest Burgers,United Kingdom,Westminster,burger,51.516482,-0.139828
1985,Lime Cuisine,United Kingdom,Westminster,persian,51.520777,-0.191101
1986,Ishtar,United Kingdom,Westminster,turkish,51.520114,-0.158209
1987,The Forge,United Kingdom,Westminster,european,51.511702,-0.126262
1988,The Ivy,United Kingdom,Westminster,british,51.51136,-0.122652
1989,Notto,United Kingdom,Westminster,italian,51.511229,-0.123047
1990,Palm Court Brasserie,United Kingdom,Westminster,,51.51183,-0.124251
1991,Frenchie Covent Garden,United Kingdom,Westminster,,51.51084,-0.123886
1992,Clos Maggiore,United Kingdom,Westminster,italian,51.511678,-0.124663
1993,Colonel Saab,United Kingdom,Westminster,indian,51.509558,-0.126251
1994,Hawksmoor,United Kingdom,Westminster,steak_house,51.513457,-0.125749
1995,Beiteddine Express,United Kingdom,Westminster,lebanese,51.507221,-0.145516
1996,Myung Ga,United Kingdom,Westminster,korean,51.512077,-0.138437
1997,Masala Zone,United Kingdom,Westminster,indian,51.515885,-0.18764
1998,Nua,United Kingdom,Westminster,thai,51.520512,-0.138901
1999,The Square,United Kingdom,Westminster,,51.510711,-0.144046
2000,Nando's,United Kingdom,Westminster,chicken;portuguese,51.521306,-0.157354
2001,Yalla Yalla,United Kingdom,Westminster,lebanese,51.516387,-0.138613
2002,Fresco,United Kingdom,Westminster,lebanese,51.51558,-0.1895
2003,Al Waha,United Kingdom,Westminster,lebanese,51.515294,-0.19206
2004,Browns Victoria,United Kingdom,Westminster,british,51.497211,-0.141239
2005,Nando's,United Kingdom,Westminster,chicken;portuguese,51.510542,-0.137797
2006,Taormina,United Kingdom,Westminster,italian,51.512601,-0.178723
2007,Pelican State,United Kingdom,Westminster,seafood,51.516022,-0.15137
2008,Kintan,United Kingdom,Westminster,japanese,51.515903,-0.142645
2009,Zizzi,United Kingdom,Westminster,italian,51.515872,-0.152424
2010,Lebanese Gardens,United Kingdom,Westminster,,51.48964,-0.131152
2011,PizzaExpress,United Kingdom,Westminster,pizza,51.492929,-0.125451
2012,Mildreds,United Kingdom,Westminster,international,51.494107,-0.142298
2013,The Sohosocial,United Kingdom,Westminster,,51.513241,-0.134493
2014,Osteria Dell'Angolo,United Kingdom,Westminster,italian,51.495406,-0.129024
2015,Papa Bruno,United Kingdom,Westminster,sandwich,51.495548,-0.129047
2016,Mayfair Garden,United Kingdom,Westminster,chinese,51.512706,-0.15313
2017,Le Gavroche,United Kingdom,Westminster,,51.51126,-0.155206
2018,Janan,United Kingdom,Westminster,persian,51.524169,-0.184507
2019,Pizza Hut,United Kingdom,Westminster,pizza,51.513377,-0.157425
2020,The Ivy,United Kingdom,Westminster,british,51.51746,-0.150664
2021,St. John Marylebone,United Kingdom,Westminster,,51.517579,-0.150648
2022,ASK Italian,United Kingdom,Westminster,italian,51.516356,-0.149577
2023,Hush,United Kingdom,Westminster,,51.512794,-0.145779
2024,Bill's,United Kingdom,Westminster,british,51.512421,-0.126487
2025,Patty & Bun,United Kingdom,Westminster,burger,51.513183,-0.139849
2026,Angus Steak House,United Kingdom,Westminster,steak,51.511521,-0.128123
2027,Frankie & Benny's,United Kingdom,Westminster,american,51.494536,-0.145451
2028,ShakeShuka,United Kingdom,Westminster,palestinian;lebanese,51.522241,-0.157943
2029,Ikkan sushi,United Kingdom,Westminster,,51.522177,-0.158315
2030,Indigo,United Kingdom,Westminster,,51.511768,-0.119523
2031,Mele & Pere,United Kingdom,Westminster,,51.511617,-0.135556
2032,Oscar Bar and Restaurant,United Kingdom,Westminster,,51.518473,-0.134918
2033,Sobranie Bar & Restaurant,United Kingdom,Westminster,russian,51.493032,-0.146773
2034,The Delaunay,United Kingdom,Westminster,austrian;english,51.51304,-0.118228
2035,140 Park Lane,United Kingdom,Westminster,,51.512928,-0.1578
2036,Sartori,United Kingdom,Westminster,italian,51.511804,-0.127978
2037,TOKii,United Kingdom,Westminster,japanese;international,51.515965,-0.159996
2038,The Pickled Hen,United Kingdom,Westminster,,51.516215,-0.163476
2039,Mr Chow,United Kingdom,Westminster,chinese,51.501565,-0.162011
2040,The Buddha Bar,United Kingdom,Westminster,asian,51.501576,-0.161717
2041,Burger & Lobster,United Kingdom,Westminster,burger;seafood,51.507026,-0.14556
2042,Ceconi's,United Kingdom,Westminster,pizza,51.513248,-0.130812
2043,Nopi,United Kingdom,Westminster,,51.511714,-0.138465
2044,Donostia,United Kingdom,Westminster,spanish,51.514702,-0.160987
2045,Sandy's,United Kingdom,Westminster,italian,51.514858,-0.161047
2046,The Montagu,United Kingdom,Westminster,,51.515219,-0.156853
2047,Locanda Locatelli,United Kingdom,Westminster,,51.515063,-0.157299
2048,Boxcar,United Kingdom,Westminster,grill,51.515059,-0.158298
2049,Xi Home Dumplings Bay,United Kingdom,Westminster,chinese,51.509599,-0.126073
2050,Zizzi,United Kingdom,Westminster,italian,51.519344,-0.179313
2051,Smiths Bar and Grill,United Kingdom,Westminster,,51.51908,-0.179043
2052,Crussh,United Kingdom,Westminster,fit_food,51.50602,-0.137882
2053,Hawksmoor,United Kingdom,Westminster,steak_house,51.509696,-0.136126
2054,Frankie & Benny's,United Kingdom,Westminster,american,51.511133,-0.120078
2055,Tiger Tiger,United Kingdom,Westminster,,51.509632,-0.132496
2056,Burj Al Arab,United Kingdom,Westminster,arab,51.520066,-0.1585
2057,Bill's,United Kingdom,Westminster,british,51.511799,-0.135201
2058,Benito's Hat,United Kingdom,Westminster,mexican,51.511186,-0.125954
2059,Le Vieux Comptoir,United Kingdom,Westminster,french,51.519819,-0.153333
2060,Trishna,United Kingdom,Westminster,indian,51.518343,-0.15307
2061,Prezzo,United Kingdom,Westminster,italian,51.509675,-0.127086
2062,Briciole,United Kingdom,Westminster,italian,51.519111,-0.163894
2063,Caxton Grill,United Kingdom,Westminster,,51.498745,-0.134005
2064,Arang,United Kingdom,Westminster,korean,51.511724,-0.136551
2065,Taro,United Kingdom,Westminster,japanese,51.511416,-0.135559
2066,Il Gusto,United Kingdom,Westminster,italian,51.514849,-0.176684
2067,Raffles,United Kingdom,Westminster,,51.514769,-0.176838
2068,Villa Rosa,United Kingdom,Westminster,italian,51.514905,-0.176609
2069,Lahpet,United Kingdom,Westminster,asian,51.512722,-0.126598
2070,Terroirs,United Kingdom,Westminster,french,51.509361,-0.125131
2071,Ristorante Roma,United Kingdom,Westminster,,51.510046,-0.129193
2072,Hanasaki,United Kingdom,Westminster,chinese,51.520474,-0.138858
2073,El Pirata,United Kingdom,Westminster,spanish,51.505103,-0.148172
2074,Quirinale,United Kingdom,Westminster,italian,51.496815,-0.126609
2075,Junsei,United Kingdom,Westminster,,51.520379,-0.163583
2076,Footstool Cafe & Bar,United Kingdom,Westminster,,51.495997,-0.126815
2077,Dhaba@49,United Kingdom,Westminster,indian,51.525171,-0.197251
2078,Restaurant Brasserie Blanc,United Kingdom,Westminster,,51.514417,-0.111358
2079,Emilia's Crafted Pasta,United Kingdom,Westminster,,51.497573,-0.136324
2080,Maximini,United Kingdom,Westminster,chinese,51.513409,-0.171158
2081,Noorjahan II,United Kingdom,Westminster,indian,51.513456,-0.171552
2082,Kibele Restaurant & Bar,United Kingdom,Westminster,turkish;mediterranean;breakfast;steak_house;fish;fine_dining;grill;brunch;live_music_venue,51.521847,-0.143698
2083,Nando's,United Kingdom,Westminster,chicken;portuguese,51.514977,-0.175839
2084,Tossed,United Kingdom,Westminster,,51.497596,-0.136125
2085,Firecracker,United Kingdom,Westminster,asian,51.494966,-0.127081
2086,Ikoyi,United Kingdom,Westminster,,51.512429,-0.115147
2087,Noura,United Kingdom,Westminster,lebanese,51.498172,-0.147749
2088,Arya Bhavan,United Kingdom,Westminster,indian,51.510361,-0.128547
2089,Primitivo,United Kingdom,Westminster,italian,51.511189,-0.128536
2090,Valentino,United Kingdom,Westminster,persian,51.518258,-0.167927
2091,Melur,United Kingdom,Westminster,malaysian,51.518205,-0.167851
2092,New Loon Fung,United Kingdom,Westminster,chinese,51.511893,-0.130441
2093,Lingo,United Kingdom,Westminster,japanese,51.511014,-0.136882
2094,El Pastor,United Kingdom,Westminster,,51.51113,-0.136411
2095,Brasserie Zedel,United Kingdom,Westminster,french,51.510631,-0.135589
2096,Rosa's Thai Cafe,United Kingdom,Westminster,thai,51.512787,-0.131767
2097,Paradise,United Kingdom,Westminster,,51.512188,-0.133722
2098,Randall & Aubin,United Kingdom,Westminster,,51.512354,-0.134107
2099,Wagamama,United Kingdom,Westminster,asian,51.497983,-0.141387
2100,Wild Rice,United Kingdom,Westminster,thai,51.512158,-0.134521
2101,Hotel Metropolis,India,Central Delhi,international,28.640704,77.210599
2102,Bai Dur Ya,India,Central Delhi,,28.703542,77.228304
2103,Club India Restaurant,India,Central Delhi,,28.640932,77.213708
2104,New Mt. Everest Restaurant,India,Central Delhi,,28.641034,77.213836
2105,Karim's,India,Central Delhi,chicken;kebab;curry;indian,28.649429,77.233741
2106,Pandit Kanhaiya Lal Durga Prashad Dixit Paranthe Wala,India,Central Delhi,indian;parantha,28.656068,77.230375
2107,Moti Mahal,India,Central Delhi,,28.646887,77.239981
2108,Sayam Roof Top Restaurant,India,Central Delhi,,28.641142,77.213745
2109,The Exotic Rooftop Restaurant,India,Central Delhi,indian,28.640984,77.213769
2110,쉼터,India,Central Delhi,korean,28.641445,77.213245
2111,Tadka,India,Central Delhi,,28.640301,77.213101
2112,Imly,India,Central Delhi,,28.645305,77.178562
2113,Malhotra,India,Central Delhi,,28.641044,77.210551
2114,Sam's Cafe,India,Central Delhi,,28.641092,77.21268
2115,Nepali Food,India,Central Delhi,,28.641117,77.214427
2116,Malhotra,India,Central Delhi,,28.640866,77.210305
2117,Neelam Restaurant,India,Central Delhi,,28.642062,77.217989
2118,Wow Cafe,India,Central Delhi,,28.641214,77.214762
2119,,India,Central Delhi,,28.641591,77.215535
2120,U-Like,India,Central Delhi,,28.645217,77.211006
2121,NATRAJ restaurant,India,Central Delhi,,28.642404,77.210382
2122,Aljawahir,India,Central Delhi,,28.649539,77.233589
2123,Alslam Chicken,India,Central Delhi,,28.648208,77.233665
2124,Malabar Hotel,India,Central Delhi,,28.64233,77.218256
2125,Hotel Madras Dx,India,Central Delhi,,28.642273,77.218265
2126,Hyderabadi Dum Biriyaani,India,Central Delhi,,28.642406,77.218249
2127,South Indian Foods,India,Central Delhi,,28.642454,77.218243
2128,Rishi Vaishno Dhaba,India,Central Delhi,indian,28.640545,77.217099
2129,Sonu,India,Central Delhi,,28.640994,77.212744
2130,Adyar Ananda Bhavan,India,Central Delhi,regional,28.646589,77.195766
2131,Everest kitchen,India,Central Delhi,,28.641105,77.213515
2132,,India,Central Delhi,,28.645386,77.183913
2133,Shri Krishna Daba,India,Central Delhi,,28.647815,77.239995
2134,Kathmandu Food Cafe,India,Central Delhi,,28.641816,77.212606
2135,Thalee,India,Central Delhi,,28.640987,77.210805
2136,Ingerpuri,India,Central Delhi,local,28.657961,77.223342
2137,Kake di Hatti,India,Central Delhi,local,28.658041,77.223216
2138,Jagjit Restaurant,India,Central Delhi,,28.657558,77.22318
2139,,India,Central Delhi,,28.640883,77.213014
2140,Krishna Cafe,India,Central Delhi,,28.641112,77.213608
2141,Ved dhaba,India,Central Delhi,,28.677845,77.205495
2142,Bawarchi khana,India,Central Delhi,,28.657883,77.188849
2143,Diamond restaurant,India,Central Delhi,,28.64102,77.212603
2144,Grand Singh restaurant,India,Central Delhi,,28.6407,77.211572
2145,Bistrot 55,India,Central Delhi,,28.640913,77.213643
2146,The Feast House,India,Central Delhi,,28.643686,77.188217
2147,Fish Point,India,Central Delhi,,28.649714,77.234361
2148,SS Amristari Kulcha Corner,India,Central Delhi,,28.682514,77.20567
2149,Amristari Kulcha King,India,Central Delhi,,28.647727,77.196074
2150,Vegetarian Restaurant,India,Central Delhi,indian,28.659913,77.223565
2151,Singh’s café & restaurant,India,Central Delhi,,28.641159,77.213401
2152,Govardhan Vegetarian,India,Central Delhi,,28.679721,77.194019
2153,Blackmail lounge&Bar,India,Central Delhi,,28.682152,77.199049
2154,Talli Station Rajendra Place,India,Central Delhi,chinese;indian,28.643384,77.177761
2155,Kallu Nihari,India,Central Delhi,indian,28.642168,77.237334
2156,Bhaja Govindam,India,Central Delhi,,28.64125,77.235962
2157,Tara Bhutanese Restaurant,India,Central Delhi,bhutanese,28.702497,77.229013
2158,Hotel Adarsh Vegetarian,India,Central Delhi,south_indian;punjabi;marwari,28.656305,77.224223
2159,Chaska Ram,India,Central Delhi,,28.656462,77.230325
2160,The Brijwasi,India,Central Delhi,,28.656778,77.224222
2161,Nazeer Foods,India,Central Delhi,,28.642989,77.221449
2162,IRCTC Food Plaza,India,Central Delhi,,28.643038,77.221444
2163,Jan-Aahar,India,Central Delhi,indian,28.642164,77.221536
2164,FuiyOh!,India,Central Delhi,,28.681511,77.206779
2165,Guru Kirpa Restaurant,India,Central Delhi,indian,28.65628,77.232976
2166,Swagat,India,Central Delhi,indian,28.64101,77.210455
2167,Brahmin's Pure veg,India,Central Delhi,,28.645924,77.215431
2168,Gumbad Cafe,India,Central Delhi,,28.651678,77.232774
2169,Zaika Muradabadi,India,Central Delhi,,28.680118,77.208349
2170,Akbari Gate,India,Central Delhi,,28.679392,77.208124
2171,द बेल्जियन वाॅफल,India,Central Delhi,waffle;coffee_shop;ice_cream,28.679368,77.208115
2172,Labib's,India,Central Delhi,,28.680848,77.207786
2173,The Biryani House,India,Central Delhi,,28.680839,77.207771
2174,California Burrito,India,Central Delhi,mexican,28.648186,77.200183
2175,,India,Central Delhi,indian,28.642998,77.222182
2176,Crossroads,India,Central Delhi,,28.644963,77.189793
2177,Hooter,India,Central Delhi,,28.646773,77.187882
2178,Chawlas2,India,Central Delhi,,28.646939,77.187966
2179,Radhey Krishna Udupi Restaurant,India,Central Delhi,,28.647043,77.188121
2180,Flavour of Southvaala,India,Central Delhi,,28.647351,77.191828
2181,Amritsari Chaap Corner,India,Central Delhi,,28.654584,77.189109
2182,Om Corner,India,Central Delhi,Punjabi,28.653992,77.189871
2183,Nazeer Foods,India,Central Delhi,,28.644169,77.240177
2184,Pandit Gaya Prashad Shiv Charan,India,Central Delhi,indian;parantha,28.656017,77.230369
2185,Babu Ram Devi Dayal,India,Central Delhi,parantha,28.656092,77.23067
2186,Cafe  Vagabond by Saffron,India,Central Delhi,indian,28.645785,77.216007
2187,Kalandak Rooftop,India,Central Delhi,,28.701844,77.228885
2188,Nirula's,India,Central Delhi,,28.68368,77.201361
2189,Charcha,India,Central Delhi,,28.684043,77.204763
2190,California Burrito,India,Central Delhi,mexican,28.683873,77.204637
2191,Fire & Ice,India,Central Delhi,,28.641047,77.214
2192,,India,Central Delhi,,28.682139,77.206777
2193,Nellai Annapoorna,India,Central Delhi,indian,28.646077,77.187524
2194,Yellow house,India,Central Delhi,,28.700709,77.228555
2195,,India,Central Delhi,indian,28.642988,77.211749
2196,Satguru Dhaba,India,Central Delhi,,28.642225,77.214363
2197,Karan South Indian,India,Central Delhi,,28.642222,77.218202
2198,ロイヤルホスト,Japan,Shinjuku,japanese;italian;french,35.701161,139.741161
2199,牛しゃぶ　ますだや,Japan,Shinjuku,japanese,35.700928,139.741242
2200,Le moccot,Japan,Shinjuku,french,35.700276,139.740019
2201,琴の富士,Japan,Shinjuku,japanese,35.700289,139.73986
2202,MATOI,Japan,Shinjuku,italian,35.700744,139.7397
2203,ALBERATA,Japan,Shinjuku,italian,35.700954,139.739902
2204,とんかつ おかむら,Japan,Shinjuku,japanese,35.701004,139.73994
2205,Aflo french dining Tribes,Japan,Shinjuku,french,35.700834,139.739351
2206,ちゃんこ　黒潮,Japan,Shinjuku,japanese,35.701303,139.739548
2207,磨ゐ土,Japan,Shinjuku,japanese,35.708604,139.722207
2208,紅蓮,Japan,Shinjuku,japanese,35.708276,139.721837
2209,メルシー,Japan,Shinjuku,noodle,35.706528,139.720523
2210,歌志軒,Japan,Shinjuku,ramen,35.70634,139.720343
2211,焼肉　ホドリ,Japan,Shinjuku,,35.706295,139.720301
2212,東京らっきょブラザーズ,Japan,Shinjuku,indian,35.706246,139.720259
2213,kitchen Old Bazar,Japan,Shinjuku,indian,35.707963,139.722888
2214,ガスト,Japan,Shinjuku,western;japanese,35.703467,139.735957
2215,すしざんまい,Japan,Shinjuku,sushi,35.6984,139.705208
2216,Café-Crêperie Le Bretagne,Japan,Shinjuku,galette;crepe,35.701891,139.739713
2217,さくら,Japan,Shinjuku,,35.701844,139.73927
2218,駒すし,Japan,Shinjuku,sushi,35.703995,139.735934
2219,くるみ,Japan,Shinjuku,okonomiyaki,35.70194,139.738542
2220,Big Boy,Japan,Shinjuku,burger,35.705571,139.70916
2221,Jay Ganesha Bar,Japan,Shinjuku,indian,35.708576,139.708418
2222,スパゲティ トマトマ,Japan,Shinjuku,,35.710236,139.709505
2223,華屋,Japan,Shinjuku,,35.710413,139.709543
2224,友人,Japan,Shinjuku,indian,35.7105,139.709573
2225,手打ちそば もり,Japan,Shinjuku,soba,35.710735,139.709661
2226,成都,Japan,Shinjuku,chinese,35.711184,139.709693
2227,DURGA,Japan,Shinjuku,indian,35.711427,139.709748
2228,タパス・タパス,Japan,Shinjuku,spanish,35.711799,139.707702
2229,食事処 一膳,Japan,Shinjuku,,35.711866,139.70745
2230,FLATTORIA,Japan,Shinjuku,italian,35.712341,139.706608
2231,胡椒海岸,Japan,Shinjuku,indian,35.712383,139.706546
2232,牛角,Japan,Shinjuku,barbecue,35.712364,139.706527
2233,吉そば,Japan,Shinjuku,soba,35.712894,139.705492
2234,プングム,Japan,Shinjuku,korean,35.701107,139.704442
2235,カレ衛もん,Japan,Shinjuku,,35.71361,139.707588
2236,そば・うどん 吉蔵,Japan,Shinjuku,,35.715502,139.703228
2237,日本橋 紅とん,Japan,Shinjuku,,35.713471,139.7061
2238,scool food,Japan,Shinjuku,,35.715579,139.703222
2239,,Japan,Shinjuku,asian,35.708752,139.723398
2240,魚かん,Japan,Shinjuku,japanese,35.709438,139.725224
2241,武蔵野アブラ学会 油そば,Japan,Shinjuku,ramen,35.711511,139.719477
2242,花月,Japan,Shinjuku,chinese,35.71135,139.721494
2243,勝芳,Japan,Shinjuku,japanese,35.710268,139.71456
2244,一乃瀬,Japan,Shinjuku,,35.711873,139.719369
2245,テトゥリア (Tetulia),Japan,Shinjuku,indian,35.714236,139.711052
2246,La Bottega,Japan,Shinjuku,,35.713466,139.709449
2247,Mistral,Japan,Shinjuku,,35.706837,139.693594
2248,CoCo壱番屋,Japan,Shinjuku,curry;japanese,35.693202,139.699362
2249,ガスト,Japan,Shinjuku,western;japanese,35.701169,139.702448
2250,めとき,Japan,Shinjuku,chinese,35.703205,139.703203
2251,せりか,Japan,Shinjuku,chinese,35.71406,139.681937
2252,新富鮨,Japan,Shinjuku,sushi,35.713821,139.683959
2253,まつば,Japan,Shinjuku,chinese,35.714874,139.685356
2254,桃源郷,Japan,Shinjuku,regional,35.714886,139.685544
2255,オリーブモンド,Japan,Shinjuku,italian,35.714667,139.687012
2256,サイゼリヤ,Japan,Shinjuku,italian,35.689054,139.698003
2257,大戸屋,Japan,Shinjuku,japanese,35.690591,139.702824
2258,番番,Japan,Shinjuku,,35.688842,139.697781
2259,Lasana',Japan,Shinjuku,,35.700216,139.74299
2260,志満金,Japan,Shinjuku,japanese,35.700589,139.742075
2261,Margherita,Japan,Shinjuku,pizza,35.702057,139.738337
2262,築地すし好,Japan,Shinjuku,sushi,35.702086,139.73829
2263,鳥茶屋,Japan,Shinjuku,japanese,35.701672,139.739709
2264,Fromatique,Japan,Shinjuku,french,35.700947,139.742426
2265,水漫庭,Japan,Shinjuku,chinese,35.700814,139.742271
2266,L'Alliance,Japan,Shinjuku,french,35.700841,139.741921
2267,南山,Japan,Shinjuku,reimen,35.700891,139.74176
2268,食道楽,Japan,Shinjuku,,35.700902,139.741712
2269,New School,Japan,Shinjuku,,35.706533,139.717731
2270,栄寿司 西口店,Japan,Shinjuku,sushi,35.688968,139.698438
2271,老辺餃子館,Japan,Shinjuku,chinese,35.688924,139.698636
2272,すずや,Japan,Shinjuku,japanese,35.693919,139.700963
2273,Ginza Lion,Japan,Shinjuku,,35.691138,139.70255
2274,町田商店,Japan,Shinjuku,noodle,35.710398,139.712448
2275,ひじり屋,Japan,Shinjuku,japanese,35.691672,139.68735
2276,安兵衛 鮨,Japan,Shinjuku,sushi,35.710122,139.712944
2277,スパゲッティキッチン オットー,Japan,Shinjuku,italian,35.710219,139.712466
2278,孝林,Japan,Shinjuku,japanese,35.692358,139.686391
2279,えぞ菊 本店 ラーメン,Japan,Shinjuku,japanese,35.708673,139.709381
2280,もうやんカレー,Japan,Shinjuku,japanese,35.69511,139.688137
2281,コチン・ニヴァース,Japan,Shinjuku,indian,35.691698,139.685969
2282,甲州屋蕎麦店,Japan,Shinjuku,japanese,35.708343,139.707798
2283,ハザード,Japan,Shinjuku,,35.694867,139.703961
2284,ココロ カフェ,Japan,Shinjuku,,35.69064,139.708637
2285,Trattoria Azzurri,Japan,Shinjuku,italian,35.70079,139.741002
2286,ろばたの炉,Japan,Shinjuku,japanese,35.700986,139.740977
2287,鶏と麺と,Japan,Shinjuku,chicken;noodle,35.687449,139.695491
2288,カナルカフェ,Japan,Shinjuku,coffee_shop,35.700075,139.742802
2289,三国一,Japan,Shinjuku,noodle;udon,35.69293,139.701152
2290,木曽路,Japan,Shinjuku,japanese,35.691803,139.703207
2291,チェゴヤ,Japan,Shinjuku,asian,35.688358,139.696806
2292,ル・クープシュー,Japan,Shinjuku,french,35.688788,139.697159
2293,板前寿司,Japan,Shinjuku,japanese;sushi,35.688279,139.696681
2294,天下一品,Japan,Shinjuku,ramen,35.688897,139.69716
2295,金ちゃん,Japan,Shinjuku,chinese,35.683737,139.689801
2296,とく一,Japan,Shinjuku,,35.688835,139.697016
2297,段々屋,Japan,Shinjuku,串天ぷら,35.689061,139.696999
2298,鉄板王国,Japan,Shinjuku,,35.688733,139.69704
2299,鳥辰,Japan,Shinjuku,焼き鳥,35.688341,139.696782
2300,カプリチョーサ,Japan,Shinjuku,italian,35.686309,139.693401
2301,Curry 草枕,Japan,Shinjuku,curry,35.689122,139.707435
2302,チャンカヤ,Japan,Shinjuku,turkish,35.688788,139.697189
2303,Soba Cafe 輝,Japan,Shinjuku,japanese,35.711321,139.688703
2304,淀橋酒場 きんや,Japan,Shinjuku,,35.685103,139.687283
2305,はなまるうどん,Japan,Shinjuku,japanese;udon,35.688628,139.698344
2306,ねぎし,Japan,Shinjuku,,35.689283,139.696723
2307,陳麻飯,Japan,Shinjuku,chinese,35.689155,139.696877
2308,バンコクスパイス,Japan,Shinjuku,thai,35.688812,139.696908
2309,米門,Japan,Shinjuku,,35.688182,139.697242
2310,魚がし日本一,Japan,Shinjuku,,35.688263,139.697472
2311,庄屋,Japan,Shinjuku,,35.688839,139.697716
2312,ねぎし,Japan,Shinjuku,,35.688961,139.697775
2313,浜勝,Japan,Shinjuku,,35.688952,139.697898
2314,達翁,Japan,Shinjuku,,35.688926,139.697863
2315,今井屋,Japan,Shinjuku,,35.688845,139.698182
2316,炉端かば,Japan,Shinjuku,,35.688884,139.69751
2317,東府屋,Japan,Shinjuku,,35.688934,139.697665
2318,ロンシャン,Japan,Shinjuku,chinese,35.689052,139.697662
2319,ラーメン凪 炎のつけめん,Japan,Shinjuku,japanese,35.694611,139.696347
2320,そば処 遊,Japan,Shinjuku,japanese,35.725246,139.677785
2321,喜船,Japan,Shinjuku,sushi,35.685309,139.688083
2322,アジアンパール,Japan,Shinjuku,curry,35.685731,139.688895
2323,Tenkane Shinjuku Odakyu HALC,Japan,Shinjuku,japanese,35.692311,139.698901
2324,inton,Japan,Shinjuku,,35.689942,139.696708
2325,あす香,Japan,Shinjuku,,35.689948,139.697288
2326,ねぎし,Japan,Shinjuku,,35.68947,139.69713
2327,はなまるうどん,Japan,Shinjuku,japanese;udon,35.690004,139.697351
2328,ふらんす亭,Japan,Shinjuku,,35.689454,139.697217
2329,ゆるりや,Japan,Shinjuku,japanese,35.689578,139.696972
2330,ステーキ パンドラ西口店,Japan,Shinjuku,ステーキ,35.689571,139.696899
2331,ピツォッケリ,Japan,Shinjuku,pasta,35.689893,139.697167
2332,マイアミガーデン,Japan,Shinjuku,,35.689302,139.697866
2333,ラケル,Japan,Shinjuku,,35.689695,139.697101
2334,ル・モンド,Japan,Shinjuku,ステーキ,35.689323,139.697652
2335,八吉,Japan,Shinjuku,,35.689782,139.697075
2336,寅,Japan,Shinjuku,,35.689112,139.697139
2337,栄寿司,Japan,Shinjuku,sushi,35.68943,139.69697
2338,謝朋殿 粥餐庁 京王モール店,Japan,Shinjuku,,35.690029,139.698871
2339,Tonchikan Tonkatsu,Japan,Shinjuku,,35.689574,139.696804
2340,シティーク,Japan,Shinjuku,indian,35.694206,139.698734
2341,福しん,Japan,Shinjuku,noodle;ramen,35.69489,139.69852
2342,タイ国屋台食道,Japan,Shinjuku,thai,35.695128,139.696562
2343,ナラビ,Japan,Shinjuku,asian,35.69485,139.696385
2344,,Japan,Shinjuku,,35.695102,139.696543
2345,光来,Japan,Shinjuku,chinese,35.695131,139.697335
2346,木場,Japan,Shinjuku,sushi,35.694795,139.696349
2347,浜勢,Japan,Shinjuku,sushi,35.695396,139.697092
2348,田舎家,Japan,Shinjuku,asian,35.69516,139.696586
2349,菜の菜,Japan,Shinjuku,,35.693943,139.694901
2350,ジョナサン,Japan,Shinjuku,italian;japanese,35.69475,139.692446
2351,ターリー家,Japan,Shinjuku,indian,35.694651,139.692627
2352,丸や,Japan,Shinjuku,noodle;soba;udon,35.695281,139.690691
2353,権太呂すし,Japan,Shinjuku,sushi,35.695298,139.690629
2354,山形うまいもん処 花笠庵,Japan,Shinjuku,ramen,35.687572,139.720157
2355,浅野屋,Japan,Shinjuku,noodle;soba,35.686098,139.720021
2356,肉つけうどん うつけ,Japan,Shinjuku,noodle,35.687062,139.720102
2357,RED CHILI,Japan,Shinjuku,curry,35.683869,139.719741
2358,,Japan,Shinjuku,chinese,35.683978,139.719752
2359,尾張屋,Japan,Shinjuku,"noodle;soba,udon",35.683574,139.719676
2360,はくぶん,Japan,Shinjuku,chinese,35.681855,139.719693
2361,ハクバ,Japan,Shinjuku,sushi,35.681229,139.719172
2362,和食 山水,Japan,Shinjuku,japanese,35.680782,139.719615
2363,大戸屋,Japan,Shinjuku,japanese,35.69336,139.698887
2364,CoCo壱番屋,Japan,Shinjuku,curry;japanese,35.69616,139.698312
2365,純,Japan,Shinjuku,,35.699804,139.696466
2366,サイゼリヤ,Japan,Shinjuku,italian,35.702478,139.695245
2367,松のや 西新宿店,Japan,Shinjuku,,35.694329,139.699058
2368,木の花庵,Japan,Shinjuku,,35.710724,139.711806
2369,YAMITUKI,Japan,Shinjuku,,35.710805,139.712598
2370,東北餃子房,Japan,Shinjuku,chinese,35.710871,139.71146
2371,エリナーズ,Japan,Shinjuku,,35.710632,139.711929
2372,やよい軒,Japan,Shinjuku,japanese,35.687725,139.724859
2373,弁天庵,Japan,Shinjuku,,35.687667,139.720521
2374,Kitchen こやま,Japan,Shinjuku,,35.710546,139.712155
2375,いろはにほへと,Japan,Shinjuku,japanese,35.691476,139.701831
2376,ひまわり寿司,Japan,Shinjuku,sushi,35.688919,139.697511
2377,,Japan,Shinjuku,とんかつ,35.693695,139.694244
2378,西新宿すしアカデミー,Japan,Shinjuku,sushi,35.693605,139.694181
2379,こみね,Japan,Shinjuku,,35.694837,139.690902
2380,坂井精肉店,Japan,Shinjuku,,35.711742,139.709424
2381,ふる里,Japan,Shinjuku,,35.699784,139.698501
2382,すみび,Japan,Shinjuku,asian,35.699674,139.70172
2383,チャムナム家,Japan,Shinjuku,asian,35.699672,139.701771
2384,,Japan,Shinjuku,asian,35.69967,139.701853
2385,ハンス,Japan,Shinjuku,asian,35.699158,139.70206
2386,釜山食堂,Japan,Shinjuku,asian,35.69964,139.702136
2387,ジョンノ本家,Japan,Shinjuku,asian,35.698375,139.70199
2388,カ・ナ・ダ・ラ,Japan,Shinjuku,asian,35.698418,139.703634
2389,ガスト,Japan,Shinjuku,western;japanese,35.698408,139.703271
2390,ジョンノ福餅屋,Japan,Shinjuku,asian,35.69833,139.702736
2391,ワールドカップ,Japan,Shinjuku,asian,35.698453,139.70417
2392,両班,Japan,Shinjuku,asian,35.698452,139.704256
2393,新宿飯店,Japan,Shinjuku,,35.698417,139.703785
2394,明洞のり巻,Japan,Shinjuku,asian,35.69839,139.703419
2395,CoCo壱番屋,Japan,Shinjuku,curry;japanese,35.698144,139.707097
2396,,Japan,Shinjuku,,35.698152,139.707009
2397,扇寿司,Japan,Shinjuku,sushi,35.690421,139.702135
2398,佐登,Japan,Shinjuku,,35.72014,139.675114
2399,アグニ,Japan,Shinjuku,indian,35.720425,139.677767
2400,Sasa,Japan,Shinjuku,,35.720264,139.674754
2401,栃尾,Japan,Shinjuku,chinese,35.720248,139.675247
2402,京正’,Japan,Shinjuku,japanese,35.72222,139.682112
2403,ふじや,Japan,Shinjuku,barbecue,35.7222,139.682045
2404,エシャロット,Japan,Shinjuku,french,35.722233,139.682155
2405,坂上,Japan,Shinjuku,,35.721974,139.679601
2406,サイゼリヤ,Japan,Shinjuku,italian,35.723249,139.679896
2407,,Japan,Shinjuku,,35.720343,139.679086
2408,龍栄,Japan,Shinjuku,chinese,35.715019,139.696314
2409,感麺道,Japan,Shinjuku,japanese,35.716168,139.703193
2410,ハモロダイニング,Japan,Shinjuku,,35.698375,139.705571
2411,餃子工房,Japan,Shinjuku,japanese,35.705848,139.741503
2412,中華風 海老専家,Japan,Shinjuku,chinese,35.703249,139.740283
2413,ねぎし,Japan,Shinjuku,,35.713659,139.704955
2414,ガスト,Japan,Shinjuku,western;japanese,35.713033,139.705053
2415,サイゼリヤ,Japan,Shinjuku,italian,35.713067,139.705157
2416,Martiniburger,Japan,Shinjuku,burger,35.705591,139.731089
2417,美々卯,Japan,Shinjuku,noodle,35.690397,139.701315
2418,きづなすし,Japan,Shinjuku,sushi,35.689924,139.696802
2419,牛角,Japan,Shinjuku,barbecue,35.69406,139.69782
2420,回転寿司,Japan,Shinjuku,,35.693419,139.698926
2421,がんこ 新宿,Japan,Shinjuku,,35.699083,139.706532
2422,国産牛焼肉ふうふう亭JAPAN,Japan,Shinjuku,japanese,35.694497,139.700532
2423,NE'Co,Japan,Shinjuku,italian,35.711254,139.719722
2424,にこにこ,Japan,Shinjuku,ramen,35.71047,139.719835
2425,キッチン ミキ,Japan,Shinjuku,,35.710818,139.719205
2426,こだわり屋,Japan,Shinjuku,,35.710757,139.719028
2427,esogie,Japan,Shinjuku,nigerian,35.691573,139.706413
2428,Italian Tomato Cafe Jr.,Japan,Shinjuku,italian,35.69594,139.700122
2429,バリバリ鶏,Japan,Shinjuku,,35.712128,139.70459
2430,天下一品,Japan,Shinjuku,ramen,35.711207,139.71155
2431,華屋与兵衛,Japan,Shinjuku,japanese,35.711891,139.70992
2432,焼き 万歳,Japan,Shinjuku,japanese,35.700013,139.699647
2433,ぼてじゅう,Japan,Shinjuku,japanese,35.6941,139.700246
2434,すごい煮干ラーメン凪,Japan,Shinjuku,ramen,35.69376,139.704557
2435,Yakiniku Kobeya,Japan,Shinjuku,japanese,35.6907,139.709956
2436,やよい軒,Japan,Shinjuku,japanese,35.691142,139.710239
2437,肉汁餃子製作所,Japan,Shinjuku,,35.699939,139.733036
2438,オクトリア　アキ,Japan,Shinjuku,,35.700973,139.732929
2439,ハルコロ,Japan,Shinjuku,asian,35.699779,139.699922
2440,ここから,Japan,Shinjuku,japanese,35.684193,139.718824
2441,エチオピア,Japan,Shinjuku,indian,35.711541,139.71044
2442,ラーメン七福屋,Japan,Shinjuku,noodle,35.698726,139.696809
2443,Fairfax Grill,Japan,Shinjuku,,35.689974,139.721231
2444,たけ家,Japan,Shinjuku,ramen,35.690151,139.721935
2445,キッチン　ドロマミレ,Japan,Shinjuku,,35.690688,139.722528
2446,一心らーめん,Japan,Shinjuku,ramen,35.690356,139.722154
2447,大勝軒,Japan,Shinjuku,ramen,35.689226,139.72039
2448,大陸,Japan,Shinjuku,ramen,35.689278,139.720418
2449,峨嵋山,Japan,Shinjuku,chinese,35.689928,139.721163
2450,灯花,Japan,Shinjuku,ramen,35.690111,139.721887
2451,羅生門,Japan,Shinjuku,barbecue,35.689608,139.72078
2452,羅生門,Japan,Shinjuku,barbecue,35.690333,139.721663
2453,ステーキハウス,Japan,Shinjuku,steak_house,35.690854,139.714606
2454,肉汁餃子製作所,Japan,Shinjuku,,35.691551,139.708598
2455,高七,Japan,Shinjuku,japanese,35.70123,139.721027
2456,小田部,Japan,Shinjuku,soba,35.685914,139.717029
2457,カレーうどん食堂 のら豚屋,Japan,Shinjuku,,35.687342,139.724416
2458,CoCo壱番屋,Japan,Shinjuku,curry;japanese,35.687455,139.723947
2459,きしめん 尾張屋,Japan,Shinjuku,noodle,35.687694,139.720064
2460,Oiseau Bleu,Japan,Shinjuku,french,35.684089,139.719493
2461,うどん 咲花善伝,Japan,Shinjuku,noodle,35.686031,139.720369
2462,ガスト,Japan,Shinjuku,western;japanese,35.687228,139.720527
2463,Sushi-sho,Japan,Shinjuku,sushi,35.685621,139.728298
2464,母屋,Japan,Shinjuku,,35.693344,139.708914
2465,東京都庁第一本庁舎32階職員食堂,Japan,Shinjuku,,35.689709,139.691565
2466,宇奈とと,Japan,Shinjuku,,35.691852,139.695521
2467,Numazuko,Japan,Shinjuku,sushi,35.690834,139.703262
2468,十二颯,Japan,Shinjuku,japanese,35.692562,139.691106
2469,メトロポリタングリル,Japan,Shinjuku,steak_house,35.692686,139.6911
2470,Marupin Yakitory,Japan,Shinjuku,japanese;barbecue,35.694514,139.698415
2471,Bittersweet Buffet Shinjuku,Japan,Shinjuku,,35.691582,139.701092
2472,Takano Fruit Parlour Shinjuku,Japan,Shinjuku,,35.691446,139.701101
2473,Sweet Paradise Shinjuku,Japan,Shinjuku,,35.691531,139.701815
2474,Kyubei Sushi at Keio Plaza Hotel,Japan,Shinjuku,,35.689733,139.694381
2475,Numazukou Sushi,Japan,Shinjuku,,35.690398,139.703156
2476,Niimura Shabu Shabu,Japan,Shinjuku,,35.696358,139.698314
2477,創始麺屋武蔵,Japan,Shinjuku,ramen,35.695521,139.698672
2478,Himonoya - Izakaya,Japan,Shinjuku,,35.713285,139.701916
2479,Menya Hanabi: Nagoya ramen,Japan,Shinjuku,,35.703508,139.707593
2480,牛かつもと村,Japan,Shinjuku,,35.689953,139.703815
2481,愛川 うなぎ,Japan,Shinjuku,,35.7113,139.707578
2482,成藏,Japan,Shinjuku,japanese,35.710844,139.703848
2483,日乃屋カレー,Japan,Shinjuku,curry,35.712517,139.706912
2484,,Japan,Shinjuku,,35.693766,139.693277
2485,東新宿食堂,Japan,Shinjuku,japanese,35.698295,139.707364
2486,ラーメン小次郎,Japan,Shinjuku,noodle;ramen,35.698133,139.707278
2487,BISTRO ひつじや,Japan,Shinjuku,,35.687556,139.718798
2488,南昌飯店,Japan,Shinjuku,,35.687612,139.718873
2489,匠,Japan,Shinjuku,,35.68752,139.718797
2490,梵,Japan,Shinjuku,,35.687627,139.718984
2491,,Japan,Shinjuku,,35.687597,139.718798
2492,サイゼリヤ,Japan,Shinjuku,italian,35.687662,139.719759
2493,Kyourakutei Soba,Japan,Shinjuku,japanese,35.700759,139.739462
2494,Shinjuku Kappo Nakajima,Japan,Shinjuku,japanese,35.690215,139.703962
2495,喜之帆,Japan,Shinjuku,,35.703844,139.726565
2496,五芳斉,Japan,Shinjuku,chinese,35.704651,139.728438
2497,Designo,Japan,Shinjuku,,35.702518,139.732515
2498,Manna,Thailand,Bangkok,,13.747702,100.534554
2499,Zen,Thailand,Bangkok,japanese,13.728106,100.533141
2500,Zanotti,Thailand,Bangkok,italian,13.726896,100.536776
2501,The Front Page,Thailand,Bangkok,,13.726978,100.541695
2502,4x4,Thailand,Bangkok,,13.651214,100.486294
2503,Smiths Bar,Thailand,Bangkok,,13.758555,100.495936
2504,Sirocco,Thailand,Bangkok,mediterranean,13.721292,100.516873
2505,S&P,Thailand,Bangkok,,13.68743,100.660833
2506,กัลปพฤกษ์,Thailand,Bangkok,,13.72265,100.522069
2507,มิซาโตะ,Thailand,Bangkok,,13.730063,100.534096
2508,,Thailand,Bangkok,,13.821274,100.630694
2509,,Thailand,Bangkok,,13.817671,100.666227
2510,,Thailand,Bangkok,,13.82258,100.630856
2511,Ronny's New York Pizza,Thailand,Bangkok,pizza,13.738671,100.552952
2512,บะหมี่นายดำ,Thailand,Bangkok,,13.712,100.606681
2513,Hemlock,Thailand,Bangkok,regional,13.761948,100.493492
2514,เป็ดท่าดินแดง,Thailand,Bangkok,,13.801807,100.581564
2515,,Thailand,Bangkok,,13.740857,100.556099
2516,,Thailand,Bangkok,,13.67428,100.63854
2517,,Thailand,Bangkok,,13.674978,100.64104
2518,,Thailand,Bangkok,,13.674478,100.640622
2519,,Thailand,Bangkok,,13.672004,100.635909
2520,Cabbages & Condoms,Thailand,Bangkok,thai,13.736479,100.557891
2521,กินรี เวนิว,Thailand,Bangkok,,13.737954,100.556298
2522,Tsu Nami,Thailand,Bangkok,,13.742347,100.551964
2523,The Family,Thailand,Bangkok,thai,13.760113,100.50279
2524,บาร์คณะประมง,Thailand,Bangkok,,13.855292,100.569892
2525,ราดหน้า,Thailand,Bangkok,,13.860384,100.551082
2526,อาหารตามสั่ง,Thailand,Bangkok,,13.860019,100.551823
2527,ผัดไท,Thailand,Bangkok,,13.86003,100.552037
2528,ก๋วยเตี๋ยวเรืออยุธยา,Thailand,Bangkok,,13.869582,100.553411
2529,The Corner,Thailand,Bangkok,,13.870102,100.556307
2530,Bei Otto,Thailand,Bangkok,german,13.733371,100.564052
2531,Talay Bangkok,Thailand,Bangkok,,13.753746,100.578074
2532,Pizza Hut,Thailand,Bangkok,pizza,13.705502,100.60038
2533,MK Restaurants,Thailand,Bangkok,thai,13.709707,100.601764
2534,,Thailand,Bangkok,,13.712506,100.605202
2535,Best Beef,Thailand,Bangkok,,13.709335,100.598585
2536,Ranee's,Thailand,Bangkok,,13.75886,100.495709
2537,Suksabai,Thailand,Bangkok,,13.759578,100.497559
2538,Green House,Thailand,Bangkok,thai;mediterranean;italian,13.760024,100.497056
2539,ร้านอาหารครัวต้นสน,Thailand,Bangkok,chinese,13.697999,100.407907
2540,,Thailand,Bangkok,,13.698387,100.409868
2541,,Thailand,Bangkok,,13.698225,100.408561
2542,,Thailand,Bangkok,,13.697861,100.408435
2543,,Thailand,Bangkok,,13.695666,100.4079
2544,,Thailand,Bangkok,,13.704182,100.421648
2545,น้องเนย ซีฟู๊ต,Thailand,Bangkok,seafood,13.665491,100.435567
2546,ฮะจิบัง ราเมน,Thailand,Bangkok,,13.768767,100.571906
2547,,Thailand,Bangkok,,13.673395,100.441437
2548,สวนอาหารแก้วกาญจน์,Thailand,Bangkok,,13.666999,100.446244
2549,เมธาวลัยศรแดง,Thailand,Bangkok,thai,13.756112,100.502089
2550,Lido,Thailand,Bangkok,italian;pizza,13.720779,100.547293
2551,สเต็กบ้านตราใจ,Thailand,Bangkok,steak_house,13.720976,100.547323
2552,ศิริวรรณ หอยทอด-ผัดไทย,Thailand,Bangkok,,13.840355,100.598128
2553,Oregano Italian Restaurant,Thailand,Bangkok,,13.809583,100.616898
2554,Tom Yum Kung,Thailand,Bangkok,thai,13.759203,100.495854
2555,U & Me,Thailand,Bangkok,thai,13.911315,100.581881
2556,Taketei,Thailand,Bangkok,,13.758138,100.49802
2557,บาร์ soil,Thailand,Bangkok,,13.849139,100.571746
2558,ร้านภูมิใจ,Thailand,Bangkok,,13.8441,100.570116
2559,ห้องอาหารแก้วเกษตร,Thailand,Bangkok,thai,13.84366,100.57104
2560,ร้านอาหาร,Thailand,Bangkok,,13.84385,100.570685
2561,ร้านก๋วยเตี๋ยวโกหวิล,Thailand,Bangkok,,13.846257,100.576216
2562,ห้องอาหารสหโภชน์,Thailand,Bangkok,,13.853661,100.571138
2563,จิวแป๊ะธง ข้าวมันไก่,Thailand,Bangkok,chinese,13.753934,100.627406
2564,Korean Food,Thailand,Bangkok,asian,13.753108,100.627594
2565,Chinese Food,Thailand,Bangkok,chinese,13.751868,100.627986
2566,Noodle House,Thailand,Bangkok,thai,13.751868,100.622557
2567,Chinese Food,Thailand,Bangkok,chinese,13.75328,100.627573
2568,Anne Cafe,Thailand,Bangkok,thai,13.751478,100.62864
2569,Iranian,Thailand,Bangkok,kebab,13.753155,100.627589
2570,Nueng Seafood,Thailand,Bangkok,,13.753213,100.622096
2571,Thai & Myanmar Foods,Thailand,Bangkok,,13.722555,100.523745
2572,บ้านส้มตำ,Thailand,Bangkok,thai,13.720529,100.52046
2573,To-Sit Pier 92,Thailand,Bangkok,,13.799077,100.514526
2574,Nakata Sushi,Thailand,Bangkok,japanese;fusion;sushi,13.791066,100.673168
2575,ก๋วยเตี๋ยวไก่มะระ,Thailand,Bangkok,thai,13.675644,100.453785
2576,ร้านสุกี้ชัยกูล,Thailand,Bangkok,thai,13.672582,100.454918
2577,ราดหน้าผัดซีอิ๊วรสเลิศ,Thailand,Bangkok,,13.733389,100.491133
2578,Outback Steakhouse,Thailand,Bangkok,american;steak,13.746998,100.531364
2579,Foodtalk,Thailand,Bangkok,international,13.820451,100.668656
2580,Joy Luck Club,Thailand,Bangkok,thai,13.763568,100.495985
2581,Siri-Rattana,Thailand,Bangkok,regional,13.75823,100.498344
2582,ร้านก๋วยเตี๋ยวนายสง่า,Thailand,Bangkok,,13.689377,100.406969
2583,Jeffer,Thailand,Bangkok,steak,13.843324,100.567932
2584,Gorilla Steak,Thailand,Bangkok,steak,13.839803,100.573719
2585,Sam steak and More,Thailand,Bangkok,,13.840687,100.573341
2586,ชาลี Steak,Thailand,Bangkok,,13.840177,100.574226
2587,Steak and More,Thailand,Bangkok,steak_house,13.840557,100.57356
2588,ร้าน ป.4,Thailand,Bangkok,thai,13.836911,100.575192
2589,IUP Canteen,Thailand,Bangkok,,13.846355,100.569713
2590,ร้านพี่แพน,Thailand,Bangkok,,13.848859,100.569151
2591,ชายสี่บะหมี่เกี๊ยว,Thailand,Bangkok,noodle,13.850123,100.581537
2592,หมูทอดเจียงฮาย,Thailand,Bangkok,,13.84588,100.579521
2593,ครัวกุ๊กไก่,Thailand,Bangkok,thai,13.839742,100.573561
2594,ร้านอาหารพรพรรณ,Thailand,Bangkok,,13.680732,100.437149
2595,White conner's,Thailand,Bangkok,thai,13.762934,100.499823
2596,,Thailand,Bangkok,indian,13.760153,100.496255
2597,Vertigo,Thailand,Bangkok,,13.723448,100.53969
2598,,Thailand,Bangkok,thai,13.732797,100.598173
2599,Kumpleto Karaoke,Thailand,Bangkok,thai;philipine,13.732831,100.598437
2600,ข้าวคลุกกะปิเจ๊หนู,Thailand,Bangkok,thai,13.733147,100.59753
2601,,Thailand,Bangkok,thai,13.733155,100.597606
2602,,Thailand,Bangkok,thai,13.73662,100.5983
2603,,Thailand,Bangkok,,13.735417,100.598241
2604,,Thailand,Bangkok,thai,13.734776,100.597811
2605,Bourbon Street,Thailand,Bangkok,american,13.722457,100.584489
2606,ศักดิ์สิทธิ์ ภัตตาคาร คาราโอเกะ,Thailand,Bangkok,,13.670407,100.405469
2607,The Green House,Thailand,Bangkok,asian;thai,13.732601,100.597865
2608,Anna & Charlie's Cafe,Thailand,Bangkok,thai,13.701563,100.541527
2609,ข้าวแกงแม่ละมัย,Thailand,Bangkok,thai,13.693145,100.407956
2610,,Thailand,Bangkok,,13.689079,100.407688
2611,เจียง ลูกชิ้นปลา,Thailand,Bangkok,chinese,13.688454,100.40772
2612,Three Mangoes,Thailand,Bangkok,,13.687057,100.407844
2613,ราเม็งเทอิ,Thailand,Bangkok,japanese,13.728779,100.530149
2614,Daddy Do Lake View,Thailand,Bangkok,international,13.763771,100.676823
2615,การิม โรตี-มะตะบะ,Thailand,Bangkok,,13.763649,100.495744
2616,ช้าวแกงปักษ์ใต้,Thailand,Bangkok,thai,13.78905,100.58763
2617,Ratsstube,Thailand,Bangkok,german,13.724429,100.545705
2618,ก๋วยเตี๋ยวตะแคงชาม,Thailand,Bangkok,,13.790392,100.58258
2619,เป็ดย่างนาทอง,Thailand,Bangkok,thai,13.789835,100.574722
2620,เนื้อย่างกิวกิวเต้,Thailand,Bangkok,japanese,13.783867,100.587021
2621,Scala Shark's Fin,Thailand,Bangkok,,13.747212,100.534603
2622,The Grill Tokyo,Thailand,Bangkok,,13.747418,100.53464
2623,MK Restaurants,Thailand,Bangkok,thai,13.745948,100.534699
2624,Tony Roma's,Thailand,Bangkok,barbecue,13.747911,100.534737
2625,Ootoya Kitchen,Thailand,Bangkok,,13.745867,100.534945
2626,Belguardo,Thailand,Bangkok,,13.74705,100.534574
2627,Kabuki,Thailand,Bangkok,,13.747447,100.534332
2628,Fuji,Thailand,Bangkok,,13.745996,100.534551
2629,La'Espace d l'Oriental,Thailand,Bangkok,,13.746053,100.534913
2630,Cafe Chilli,Thailand,Bangkok,,13.747801,100.53467
2631,Ootoya,Thailand,Bangkok,,13.746482,100.534155
2632,Amici by Pomodoro,Thailand,Bangkok,,13.74727,100.534299
2633,Crystal Jade Golden Palace,Thailand,Bangkok,,13.747679,100.534887
2634,Aoi,Thailand,Bangkok,,13.747583,100.534423
2635,Taling pling,Thailand,Bangkok,,13.74712,100.534272
2636,Four Seasons,Thailand,Bangkok,,13.746761,100.534522
2637,ร้านอาหารตามสั่ง,Thailand,Bangkok,thai,13.78968,100.577796
2638,Two Forty-Eight Cafe&Bar,Thailand,Bangkok,international,13.829911,100.563645
2639,Thann Restaurant,Thailand,Bangkok,,13.747593,100.534671
2640,,Thailand,Bangkok,,13.79403,100.588324
2641,,Thailand,Bangkok,,13.794101,100.5886
2642,The Pavilion,Thailand,Bangkok,indian,13.734909,100.562619
2643,P.Kitchen,Thailand,Bangkok,thai,13.733057,100.562857
2644,Metro Cafe,Thailand,Bangkok,international,13.732877,100.562615
2645,Cajutan,Thailand,Bangkok,swedish,13.732078,100.56284
2646,The Frog Pond,Thailand,Bangkok,international;thai,13.762266,100.495258
2647,VT แหนมเนือง,Thailand,Bangkok,,13.775336,100.59676
2648,Tensui,Thailand,Bangkok,japanese,13.731807,100.561187
2649,ร้านฅนเหนือ อาหารเหนือ,Thailand,Bangkok,thai,13.782006,100.593942
2650,สีฟ้า,Thailand,Bangkok,,13.74397,100.533657
2651,ส้มตำนัว Som tam nua,Thailand,Bangkok,thai,13.744436,100.534358
2652,ต้นโอ๊ค,Thailand,Bangkok,thai,13.745567,100.532335
2653,เอสแอนด์พี,Thailand,Bangkok,นานาชาติ,13.800184,100.574958
2654,แซบ-เบ๊,Thailand,Bangkok,thai;noodle,13.751316,100.510866
2655,Asian,Thailand,Bangkok,asian,13.781033,100.575899
2656,Noodle House,Thailand,Bangkok,,13.745121,100.53215
2657,Ramen,Thailand,Bangkok,,13.744999,100.531935
2658,กิเลน,Thailand,Bangkok,,13.745103,100.531949
2659,ข้าวยำตำเตี๋ยว,Thailand,Bangkok,,13.745144,100.531958
2660,ครัวสาทร,Thailand,Bangkok,,13.744996,100.532257
2661,บางกอกหูฉลาม,Thailand,Bangkok,,13.745642,100.531742
2662,หูฉลามปีนัง,Thailand,Bangkok,,13.745697,100.53175
2663,หูฉลามสกาลา,Thailand,Bangkok,,13.745755,100.531764
2664,เดอะครก,Thailand,Bangkok,,13.745202,100.531969
2665,ร้านลาบซัดดำ,Thailand,Bangkok,thai,13.804188,100.596817
2666,To Sit,Thailand,Bangkok,,13.744779,100.532701
2667,Salt,Thailand,Bangkok,,13.78264,100.542596
2668,Dalad,Thailand,Bangkok,vietnamese,13.783555,100.543286
2669,Somtam,Thailand,Bangkok,thai,13.702099,100.689274
2670,,Thailand,Bangkok,,13.79177,100.549412
2671,13 Coins restaurant,Thailand,Bangkok,international,13.778878,100.538313
2672,Suankularb restaurant,Thailand,Bangkok,thai,13.77743,100.539579
2673,roasted chicken,Thailand,Bangkok,thai,13.780144,100.535856
2674,,Thailand,Bangkok,,13.786709,100.53555
2675,Noodles Of Siam,Thailand,Bangkok,,13.656004,100.643345
2676,Chilli Culture,Thailand,Bangkok,,13.745087,100.55671
2677,อุไรเป็ดย่าง,Thailand,Bangkok,chinese,13.807246,100.652998
2678,สุกี้เจหรูยี่,Thailand,Bangkok,thai;chinese,13.738117,100.51818
2679,ทิพย์สมัย,Thailand,Bangkok,thai,13.752763,100.504824
2680,,Thailand,Bangkok,thai,13.712332,100.430298
2681,,Thailand,Bangkok,,13.712502,100.432826
2682,Tawandang German Brewery,Thailand,Bangkok,german,13.696824,100.545788
2683,ราดหน้ายอดผัก นายเคี้ยง เอ็มไพร์,Thailand,Bangkok,,13.712805,100.436352
2684,บางหว้ารสเด็ด,Thailand,Bangkok,,13.712831,100.436679
2685,BB สวนอาหาร,Thailand,Bangkok,,13.713704,100.440653
2686,แกงใต้,Thailand,Bangkok,,13.714496,100.443105
2687,รอยยิ้ม สเต็ก & นมสด,Thailand,Bangkok,,13.714574,100.443324
2688,ภัตตาคารริมทาง,Thailand,Bangkok,,13.715167,100.445065
2689,ลิ้น เล่า ซา ลูกชิ้นปลาเต้นได้,Thailand,Bangkok,,13.715188,100.445127
2690,งุ่ยเม่งเฮียง,Thailand,Bangkok,,13.715959,100.447549
2691,ริมน้ำเจ้าพระยาหมูกะทะ,Thailand,Bangkok,,13.717476,100.452243
2692,เจียงลูกชิ้นปลา สาขาเพชรเกษม,Thailand,Bangkok,,13.719856,100.455743
2693,ตาหน๊ำบะหมี่เกี๊ยว 80 ปี & ชาลีสเต็กส์,Thailand,Bangkok,,13.71929,100.454801
2694,ร้านอาหารตามสั่ง,Thailand,Bangkok,,13.720074,100.455217
2695,ก๋วยเตี๋ยวหมูตุ๋น (รสสะเด็ด),Thailand,Bangkok,,13.722628,100.454394
2696,,Thailand,Bangkok,,13.722711,100.454123
2697,,Thailand,Bangkok,,13.722685,100.453935
2698,,Thailand,Bangkok,,13.722719,100.45382
2699,,Thailand,Bangkok,,13.72323,100.453205
2700,ร้านขาประจำ สาขา 2,Thailand,Bangkok,,13.725226,100.452548
2701,Prince of เกาะพงัน Beach & Restuarant,Thailand,Bangkok,,13.726213,100.451902
2702,,Thailand,Bangkok,,13.725854,100.452841
2703,Sea Time,Thailand,Bangkok,,13.729319,100.45176
2704,The Deck,Thailand,Bangkok,,13.744859,100.491192
2705,,Thailand,Bangkok,,13.718414,100.452438
2706,โคขุน ซอยเพชรเกษม 38,Thailand,Bangkok,,13.718205,100.452444
2707,ร้านอาหารเพลิน,Thailand,Bangkok,,13.825962,100.557131
2708,,Thailand,Bangkok,,13.724016,100.451061
2709,,Thailand,Bangkok,,13.723865,100.450095
2710,,Thailand,Bangkok,,13.717301,100.45027
2711,,Thailand,Bangkok,,13.717549,100.450243
2712,ขนมจีนล้านนา,Thailand,Bangkok,,13.719378,100.450031
2713,,Thailand,Bangkok,,13.719944,100.450117
2714,,Thailand,Bangkok,,13.647997,100.407779
2715,แม่นวยข้าวแกง,Thailand,Bangkok,thai,13.651167,100.407457
2716,,Thailand,Bangkok,,13.65114,100.408385
2717,,Thailand,Bangkok,,13.651117,100.406124
2718,กันเองโภชนา,Thailand,Bangkok,chinese,13.652001,100.408257
2719,เจริญสุขโภชนา,Thailand,Bangkok,,13.652246,100.410097
2720,,Thailand,Bangkok,,13.71734,100.449915
2721,,Thailand,Bangkok,,13.716689,100.447884
2722,,Thailand,Bangkok,,13.716831,100.447883
2723,,Thailand,Bangkok,,13.71709,100.447852
2724,,Thailand,Bangkok,,13.718056,100.447931
2725,ขนมจีน พศช.,Thailand,Bangkok,,13.719419,100.447832
2726,เพชรเกษมเนื้อตุ๋น,Thailand,Bangkok,,13.716015,100.446255
2727,เรือนก๋วยเตี๋ยวพิมแก้ว,Thailand,Bangkok,,13.715932,100.446011
2728,บางหว้าขาหมู,Thailand,Bangkok,,13.715737,100.445429
2729,ข้าวมันไก่,Thailand,Bangkok,,13.715622,100.444211
2730,,Thailand,Bangkok,,13.71576,100.444089
2731,,Thailand,Bangkok,,13.716281,100.44418
2732,,Thailand,Bangkok,,13.716784,100.444
2733,,Thailand,Bangkok,,13.716938,100.444157
2734,คัตสึชิน,Thailand,Bangkok,japanese,13.729041,100.530045
2735,ไดมาสุ,Thailand,Bangkok,japanese,13.728992,100.530059
2736,มอกโกริ ราเม็ง,Thailand,Bangkok,japanese,13.728159,100.528998
2737,Long Do,Thailand,Bangkok,vietnamese,13.873829,100.579982
2738,Pladib,Thailand,Bangkok,international;asian,13.779604,100.536851
2739,ล้านข้าว,Thailand,Bangkok,thai,13.804065,100.576961
2740,รสเด็ด บุฟเฟ่ต์ กุ้งกะทะ,Thailand,Bangkok,thai,13.712965,100.593722
2741,,Thailand,Bangkok,,13.715394,100.443952
2742,,Thailand,Bangkok,,13.733086,100.530081
2743,,Thailand,Bangkok,,13.728083,100.77914
2744,Bistro 54,Thailand,Bangkok,thai,13.688365,100.610191
2745,ครัวเจ้านาย,Thailand,Bangkok,thai,13.817578,100.842561
2746,Saigon Recipe,Thailand,Bangkok,vietnamese,13.732223,100.576586
2747,,Thailand,Bangkok,,13.714436,100.438149
2748,ร้านอาหารน้องหนึ่ง,Thailand,Bangkok,thai,13.715158,100.438036
2749,,Thailand,Bangkok,,13.715345,100.438044
2750,ฟู้ดพาราไดซ์,Thailand,Bangkok,,13.713402,100.436945
2751,,Thailand,Bangkok,,13.713814,100.436569
2752,,Thailand,Bangkok,,13.713748,100.436784
2753,MK Restaurants,Thailand,Bangkok,thai,13.833773,100.610361
2754,Yayoi,Thailand,Bangkok,japanese,13.833866,100.61041
2755,ครัวเจ๊ง้อ,Thailand,Bangkok,thai,13.83505,100.611084
2756,Juize etc.,Thailand,Bangkok,italian;thai,13.742005,100.543646
2757,Emperor Yakiniku Buffet,Thailand,Bangkok,japanese,13.741978,100.543915
2758,D'Orsay,Thailand,Bangkok,french,13.742218,100.543792
2759,Saboten,Thailand,Bangkok,japanese,13.741995,100.543669
2760,kopitiam restaurant,Thailand,Bangkok,,13.741958,100.543905
2761,Grill 101,Thailand,Bangkok,japanese,13.834003,100.611037
2762,Kazokutei,Thailand,Bangkok,sushi,13.834071,100.611063
2763,Chom Poo Dung,Thailand,Bangkok,thai,13.833868,100.610372
2764,BBQ Plaza,Thailand,Bangkok,,13.83407,100.611099
2765,ตำแหลก,Thailand,Bangkok,thai,13.83413,100.611079
2766,Kimju Korean Restaurant,Thailand,Bangkok,,13.834216,100.610517
2767,Wine Connection,Thailand,Bangkok,international,13.834018,100.61108
2768,Otoro Tokyo,Thailand,Bangkok,japanese,13.833774,100.610332
2769,Fuji,Thailand,Bangkok,,13.834432,100.61062
2770,Greyhound Cafe,Thailand,Bangkok,international,13.780025,100.545168
2771,Secret Garden,Thailand,Bangkok,,13.828109,100.567302
2772,Greyhound Cafe,Thailand,Bangkok,,13.8282,100.566947
2773,Nuan Prang's Noodle Bar and Grill,Thailand,Bangkok,,13.828214,100.567171
2774,Rodniyom รสนิยม,Thailand,Bangkok,thai,13.828329,100.566941
2775,WINE CONNECTION DELI&BISTRO,Thailand,Bangkok,,13.72062,100.568864
2776,Watercress,Thailand,Bangkok,,13.720297,100.569119
2777,Sri Thai Delicatessen,Thailand,Bangkok,,13.720552,100.569017
2778,KUU&Sake Bar,Thailand,Bangkok,japanese,13.720212,100.56885
2779,Brasserie 9,Thailand,Bangkok,french,13.704781,100.501987
2780,Capri,Thailand,Bangkok,italian,13.70491,100.502068
2781,dib dib,Thailand,Bangkok,,13.703975,100.502152
2782,,Thailand,Bangkok,,13.703814,100.502329
2783,บ้านคณิตฐา,Thailand,Bangkok,thai,13.704632,100.501728
2784,Fuji,Thailand,Bangkok,japanese,13.779768,100.545032
2785,shun no mai,Thailand,Bangkok,japanese,13.719094,100.585321
2786,,Thailand,Bangkok,,13.826655,100.677869
2787,,Thailand,Bangkok,,13.827014,100.677515
2788,,Thailand,Bangkok,,13.827176,100.677338
2789,,Thailand,Bangkok,,13.82641,100.677461
2790,,Thailand,Bangkok,,13.827316,100.677193
2791,,Thailand,Bangkok,,13.82729,100.676635
2792,Hakone,Thailand,Bangkok,japanese,13.719,100.585405
2793,Hinaya,Thailand,Bangkok,japanese,13.718939,100.585501
2794,tazu shabu,Thailand,Bangkok,japanese,13.780167,100.545044
2795,yuu bbq,Thailand,Bangkok,,13.780095,100.54504
2796,Kourakuen,Thailand,Bangkok,japanese,13.718798,100.585633
2797,CoCo ICHIBANYA,Thailand,Bangkok,japanese,13.780046,100.545197
2798,Suki-ya,Singapore,Singapore,japanese,1.35949,103.885485
2799,Jumbo Seafood,Singapore,Singapore,seafood;chinese,1.305148,103.930677
2800,Jumbo Seafood,Singapore,Singapore,seafood,1.289259,103.848273
2801,Hooters,Singapore,Singapore,burger,1.289959,103.845877
2802,,Singapore,Singapore,,1.301977,103.84019
2803,,Singapore,Singapore,,1.30215,103.84026
2804,,Singapore,Singapore,,1.302285,103.840306
2805,,Singapore,Singapore,,1.302455,103.840359
2806,Red ahous,Singapore,Singapore,seafood,1.299905,103.849958
2807,Como Cuisine,Singapore,Singapore,,1.305856,103.810588
2808,Jumbo Seafood @ Dempsey,Singapore,Singapore,,1.304303,103.809982
2809,Margarita's,Singapore,Singapore,,1.303951,103.810206
2810,Pearl of India,Singapore,Singapore,,1.310848,103.835292
2811,,Singapore,Singapore,,1.295028,103.852617
2812,Roia,Singapore,Singapore,,1.314988,103.815373
2813,Liad Fan Hong Kong Soy Sauce Chicken Rice & Noodle,Singapore,Singapore,chinese,1.281988,103.843265
2814,People's Park Food Centre Blk 32,Singapore,Singapore,regional,1.284959,103.84257
2815,Old Beach Road Prawn Mee,Singapore,Singapore,,1.311986,103.922546
2816,Terror Club,Singapore,Singapore,american,1.458821,103.829289
2817,Thasevi Food Jalan Kayu Prata,Singapore,Singapore,,1.396195,103.872867
2818,Empress Road Food Centre,Singapore,Singapore,chinese;indian;wings;western;coffee_shop;regional;asian;noodle;indonesian;malaysian,1.316118,103.805497
2819,The Cheese Prata Shop,Singapore,Singapore,indian,1.292855,103.768571
2820,,Singapore,Singapore,,1.299202,103.775823
2821,The Terrace,Singapore,Singapore,,1.294523,103.774475
2822,MOF,Singapore,Singapore,,1.44201,103.825009
2823,Sushi Express,Singapore,Singapore,,1.447875,103.819345
2824,Chick A Boo,Singapore,Singapore,,1.441886,103.824546
2825,Aston's,Singapore,Singapore,,1.441864,103.824761
2826,Design Pad,Singapore,Singapore,,1.344908,103.931437
2827,Makan Place,Singapore,Singapore,,1.331964,103.77456
2828,Canteen 4,Singapore,Singapore,,1.332704,103.771242
2829,La Villa,Singapore,Singapore,italian,1.295609,103.83356
2830,Boon Tong Kee 文東記,Singapore,Singapore,chinese;singaporean,1.295149,103.82942
2831,Buckaroo's,Singapore,Singapore,,1.458486,103.837083
2832,Siam Society,Singapore,Singapore,Thai_Cuisine,1.347517,103.867461
2833,Shahi Maharaja,Singapore,Singapore,,1.28686,103.849412
2834,Foods Treasure,Singapore,Singapore,chinese,1.335333,103.844803
2835,Staff Centre,Singapore,Singapore,,1.309235,103.776714
2836,Poison Ivy Bistro,Singapore,Singapore,local,1.418486,103.716413
2837,,Singapore,Singapore,italian,1.292593,103.841714
2838,Justin Flavours of Asia,Singapore,Singapore,,1.283303,103.858288
2839,Good Old Days,Singapore,Singapore,,1.25168,103.817272
2840,Lorong 4 Blk 93 Market and Hawker Centre,Singapore,Singapore,,1.338447,103.84944
2841,,Singapore,Singapore,,1.337861,103.844801
2842,Hwang's,Singapore,Singapore,chinese,1.304036,103.774006
2843,Udon Don Bar,Singapore,Singapore,japanese,1.30378,103.774225
2844,Hongdae Korean BBQ,Singapore,Singapore,korean,1.279047,103.841753
2845,No Signboard Seafood Restaurant,Singapore,Singapore,seafood,1.289084,103.855677
2846,Formosa Delights,Singapore,Singapore,asian,1.304245,103.765307
2847,Toh Guan Coffee Shop,Singapore,Singapore,chinese,1.340327,103.746797
2848,Dean's Coffee Shop,Singapore,Singapore,chinese,1.341775,103.744704
2849,,Singapore,Singapore,,1.307177,103.793507
2850,e-canteen,Singapore,Singapore,international,1.28964,103.778749
2851,J.Kayu.Prata,Singapore,Singapore,,1.398201,103.873284
2852,Jerry.Grill,Singapore,Singapore,,1.397356,103.872959
2853,Casuarina Curry,Singapore,Singapore,indian,1.377159,103.828089
2854,FC,Singapore,Singapore,,1.380972,103.840946
2855,Jack's Place,Singapore,Singapore,steak_house,1.373829,103.845554
2856,Melben Seafood,Singapore,Singapore,seafood,1.368527,103.837027
2857,Roast.Duck,Singapore,Singapore,,1.370901,103.842609
2858,ChenJi,Singapore,Singapore,,1.376708,103.839836
2859,,Singapore,Singapore,,1.285173,103.779298
2860,Cedele,Singapore,Singapore,western,1.387454,103.869156
2861,Mai Thai Restuarant,Singapore,Singapore,thai,1.387536,103.869486
2862,Rakuichi Japanese Restaurant,Singapore,Singapore,,1.387289,103.869484
2863,Crystal Cafe,Singapore,Singapore,asian,1.297622,103.838471
2864,Ponggol.SeaFood,Singapore,Singapore,seafood,1.416286,103.899209
2865,Forture,Singapore,Singapore,,1.332799,103.790927
2866,Saveur,Singapore,Singapore,,1.296729,103.854991
2867,,Singapore,Singapore,,1.343996,103.790499
2868,Munch,Singapore,Singapore,,1.331831,103.776811
2869,Alumni Clubhouse,Singapore,Singapore,,1.331107,103.775448
2870,Thai Royal Cuisine,Singapore,Singapore,thai,1.334556,103.809949
2871,BB 289 Food House,Singapore,Singapore,,1.344159,103.760288
2872,Su Shi Piao Xiang Vegetarian Food (素食飄香),Singapore,Singapore,chinese,1.300056,103.852419
2873,Shunjuu Izakaya,Singapore,Singapore,japanese,1.291086,103.840995
2874,Singapore Zam Zam Murtabak,Singapore,Singapore,indonesian;indian;curry;malaysian,1.302275,103.858542
2875,Long Bar Steak House,Singapore,Singapore,steak_house,1.295379,103.853601
2876,High Tide Bistro & Bar,Singapore,Singapore,pizza;burger;indian,1.311539,103.952485
2877,Tanjong Pagar Food Centre,Singapore,Singapore,asian,1.276552,103.843093
2878,China Square Food Court,Singapore,Singapore,,1.282847,103.849304
2879,Telok Blangah Rise Food Centre,Singapore,Singapore,,1.272409,103.822044
2880,Jalan Bukit Merah Food Centre,Singapore,Singapore,,1.279999,103.826019
2881,Seafood,Singapore,Singapore,,1.281432,103.823229
2882,TungLok Seafood,Singapore,Singapore,seafood,1.284366,103.865426
2883,Marguerite,Singapore,Singapore,,1.284864,103.864031
2884,Yum Cha Chinatown,Singapore,Singapore,chinese;dim_sum,1.282919,103.843917
2885,Hong Lim Food Centre,Singapore,Singapore,asian,1.28528,103.845981
2886,Ghim Moh Road Food Centre,Singapore,Singapore,,1.310954,103.788146
2887,Clementi Ave 2 Food Centre,Singapore,Singapore,,1.314283,103.770797
2888,Fusion Spoon,Singapore,Singapore,regional,1.30778,103.818364
2889,Fico,Singapore,Singapore,thai;seafood,1.310538,103.946243
2890,Sakunthala's,Singapore,Singapore,,1.309287,103.855755
2891,,Singapore,Singapore,,1.312819,103.765211
2892,Boon Tong Kee,Singapore,Singapore,,1.319849,103.862349
2893,,Singapore,Singapore,,1.294655,103.852613
2894,,Singapore,Singapore,,1.412193,103.845444
2895,Ah Meng Restaurant,Singapore,Singapore,local;indian;chinese;japanese,1.40419,103.793601
2896,Hard Rock Cafe,Singapore,Singapore,,1.305887,103.828177
2897,Black Angus Steak House,Singapore,Singapore,,1.306673,103.828197
2898,Gerry's Grill,Singapore,Singapore,filipino,1.302835,103.840585
2899,Dashi Master Marusaya,Singapore,Singapore,japanese,1.289982,103.837328
2900,Long Beach @ Robertson Quay,Singapore,Singapore,seafood,1.289674,103.839116
2901,Epicurious,Singapore,Singapore,,1.290365,103.839618
2902,Kingdom of Belgians - KOB,Singapore,Singapore,belgian;french;european,1.289868,103.8375
2903,Modesto's,Singapore,Singapore,pizza,1.306587,103.828245
2904,Jaan,Singapore,Singapore,international,1.293166,103.853301
2905,Bosses,Singapore,Singapore,chinese,1.2636,103.820933
2906,Shinji by Kanesaka,Singapore,Singapore,sushi,1.294724,103.854586
2907,Casa Vostra,Singapore,Singapore,italian,1.293225,103.853234
2908,MOS Burger,Singapore,Singapore,,1.300143,103.844557
2909,Tim Ho Wan,Singapore,Singapore,chinese,1.299817,103.845253
2910,Tang Tea House,Singapore,Singapore,chinese;western,1.331644,103.947092
2911,Capital Restaurant Pte Ltd,Singapore,Singapore,,1.28094,103.840936
2912,Pasta Inc,Singapore,Singapore,,1.28007,103.841631
2913,Grand Mandarina,Singapore,Singapore,,1.280878,103.840884
2914,Sakunthala's Food Palace,Singapore,Singapore,indian,1.308745,103.851257
2915,Ourmakan Shop,Singapore,Singapore,,1.308675,103.851223
2916,New Everest Kitchen Singapore,Singapore,Singapore,,1.308691,103.851661
2917,Swadishta,Singapore,Singapore,,1.308515,103.851526
2918,De Classic Golden Spoon Pte Ltd,Singapore,Singapore,,1.283782,103.833376
2919,,Singapore,Singapore,,1.301956,103.772473
2920,Nic & Tom Eatery,Singapore,Singapore,,1.281639,103.844491
2921,Spring Court Resaurant,Singapore,Singapore,chinese,1.284388,103.844553
2922,Lee Tong Kee Ipoh Hor Fun Restaurant,Singapore,Singapore,,1.281564,103.844744
2923,The House of Steamboat,Singapore,Singapore,,1.298239,103.856861
2924,Ramen Keisuke Tonkotsu King Four Season,Singapore,Singapore,ramen,1.300983,103.855335
2925,,Singapore,Singapore,,1.288757,103.85115
2926,Foodfare,Singapore,Singapore,,1.440386,103.801404
2927,Mo's,Singapore,Singapore,seafood,1.339819,103.706372
2928,Pizza Hut,Singapore,Singapore,pizza,1.34,103.706307
2929,KOPI+ (Food Court),Singapore,Singapore,regional,1.350086,103.843149
2930,,Singapore,Singapore,,1.430865,103.779925
2931,The Cajun Kings,Singapore,Singapore,Cajun_Food,1.347481,103.867513
2932,Ya Hua Bak Kut Teh,Singapore,Singapore,chinese,1.272243,103.842093
2933,New Green Pasture Cafe (新綠園有機養生料理坊),Singapore,Singapore,chinese;korean;thai;western,1.300606,103.852091
2934,Picotin,Singapore,Singapore,european,1.287041,103.853485
2935,Charlie's Corner #01-70,Singapore,Singapore,burger;hot_dog;grill;sausage;steak_house;american;pasta;pizza;diner;fish_and_chips;barbecue;fish,1.38907,103.988457
2936,Ci Yan Organic Vegetarian Health Food,Singapore,Singapore,chinese,1.281996,103.844863
2937,La Pizzaiola,Singapore,Singapore,italian,1.347404,103.86761
2938,Ah Hua Kelong,Singapore,Singapore,burger;seafood,1.347201,103.867869
2939,Sunset Grill & Pub,Singapore,Singapore,Spicy_buffalo_wings.,1.396818,103.872903
2940,Bongo Burger,Singapore,Singapore,,1.403715,103.788995
2941,Malaysia Boleh!,Singapore,Singapore,malaysian,1.338936,103.705126
2942,Shish Mahal,Singapore,Singapore,indian;nepalese,1.304099,103.850589
2943,Tippling Club,Singapore,Singapore,international,1.279491,103.843763
2944,Shahi Maharani,Singapore,Singapore,indian,1.293561,103.853297
2945,Eight Treasures Vegetarian,Singapore,Singapore,chinese,1.281184,103.84452
2946,Daehwa Korean,Singapore,Singapore,korean,1.299314,103.787715
2947,New Hawa Restaurant,Singapore,Singapore,chinese;local;seafood,1.326723,103.91906
2948,Pizza Hut,Singapore,Singapore,pizza,1.265235,103.820068
2949,Coffee Shop,Singapore,Singapore,,1.333843,103.697325
2950,Jack's Place,Singapore,Singapore,,1.334874,103.705955
2951,,Singapore,Singapore,,1.349003,103.754764
2952,Astons,Singapore,Singapore,,1.310838,103.856592
2953,Brewerkz,Singapore,Singapore,,1.306796,103.828079
2954,Food Lot,Singapore,Singapore,,1.30552,103.823045
2955,S11,Singapore,Singapore,,1.429926,103.773703
2956,Food Loft,Singapore,Singapore,,1.429894,103.774693
2957,S11,Singapore,Singapore,,1.433315,103.775814
2958,Chang Cheng,Singapore,Singapore,,1.433306,103.775392
2959,Fo You Yuan Vegetarian Restaurant (佛有緣素食餐館),Singapore,Singapore,,1.310107,103.856927
2960,Zen Fut Sai Kai Vegetarian Restaurant (正佛世界素食社),Singapore,Singapore,,1.309804,103.857201
2961,Fou Guan Yuan Vegetarian Food (佛光緣),Singapore,Singapore,,1.308807,103.8616
2962,Xin Man Yuan Vegetarian Restaurant (心滿園素食館),Singapore,Singapore,,1.285907,103.844161
2963,The REAL Hut (原愫小築),Singapore,Singapore,,1.317406,103.87878
2964,Delisnacks (德利食),Singapore,Singapore,,1.317036,103.879712
2965,Eight Immortals Vegetarian,Singapore,Singapore,,1.333509,103.742247
2966,Mufiz Prata Corner,Singapore,Singapore,,1.312297,103.878027
2967,Hong Kong Dim Sum Shop,Singapore,Singapore,,1.300262,103.852103
2968,Kwan Im Vegetarian Restaurant (東南亞觀音素食館),Singapore,Singapore,,1.301014,103.853233
2969,Xing Hua Vegetarian Restaurant (興化素食館),Singapore,Singapore,,1.300508,103.851922
2970,齋 咖哩飯,Singapore,Singapore,,1.301536,103.853969
2971,Herbivore,Singapore,Singapore,japanese;western,1.300638,103.852034
2972,Tekka Food Centre,Singapore,Singapore,,1.305983,103.850545
2973,Haidilao Hot Pot,Singapore,Singapore,chinese;hot_pot,1.299342,103.854119
2974,Ah Yat Abalone,Singapore,Singapore,,1.297511,103.852784
2975,Suk Seong Do,Singapore,Singapore,korean,1.274644,103.843706
2976,Yayoi,Singapore,Singapore,,1.29956,103.853917
2977,,Singapore,Singapore,,1.314812,103.850593
2978,,Singapore,Singapore,,1.315215,103.850146
2979,,Singapore,Singapore,,1.315659,103.849485
2980,Saizeriya,Singapore,Singapore,italian,1.300352,103.839576
2981,Saizeriya,Singapore,Singapore,,1.311415,103.856147
2982,Josh's Grill,Singapore,Singapore,western,1.301155,103.83868
2983,Gyoza King,Singapore,Singapore,japanese,1.276817,103.84374
2984,Ikkousha Hakata Ramen,Singapore,Singapore,japanese,1.277032,103.843245
2985,Keisuke Tonkotsu King,Singapore,Singapore,japanese,1.276777,103.844019
2986,Ramen Keisuke Tori King,Singapore,Singapore,japanese,1.274715,103.843722
2987,Pine Tree Cafe (長春樹),Singapore,Singapore,,1.300546,103.852225
2988,Pine Tree Cafe (長春樹),Singapore,Singapore,chinese,1.300569,103.852036
2989,Tian Yuan Healthy Vegetarian Food Paradise (田園健康素食品),Singapore,Singapore,,1.300458,103.852316
2990,Bikanervala,Singapore,Singapore,,1.305132,103.852094
2991,Chettynad Curry Palace (செட்ழநரஞ கறி பேலஸ்),Singapore,Singapore,,1.305823,103.854308
2992,KHAN Restaurant,Singapore,Singapore,,1.305936,103.852322
2993,Premaas Cuisine,Singapore,Singapore,indian,1.304964,103.852015
2994,Restaurant Barakath (ரெஸ்ட்டாரன்ட் பரக்கத்),Singapore,Singapore,,1.304983,103.852262
2995,Veggie Cottage,Singapore,Singapore,,1.304956,103.85229
2996,Heng Heng Bak Kut Teh,Singapore,Singapore,chinese,1.31447,103.853758
2997,Ang Mo Kio Blk 724 Food Centre,Singapore,Singapore,,1.372193,103.846601
2998,Teck Ghee Food Centre,Singapore,Singapore,,1.364092,103.84825
2999,AMK 347 Foodhouse,Singapore,Singapore,,1.367649,103.848553
3000,Aiman Cafe,Singapore,Singapore,,1.340048,103.742257
3001,Brewerkz,Singapore,Singapore,,1.305595,103.810942
3002,Crystal Jade La Mian Xiao Long Bao,Singapore,Singapore,chinese,1.310968,103.795636
3003,Tawandang,Singapore,Singapore,,1.305719,103.811588
3004,Singapore Seafood Republic,Singapore,Singapore,,1.257499,103.822605
3005,Astons,Singapore,Singapore,,1.257178,103.822337
3006,,Singapore,Singapore,,1.257315,103.821424
3007,Slappy Cakes,Singapore,Singapore,,1.257157,103.821422
3008,Din Tai Fung,Singapore,Singapore,taiwanese,1.257258,103.820563
3009,Pisco,Singapore,Singapore,,1.256628,103.820375
3010,Harry's,Singapore,Singapore,,1.25746,103.820287
3011,Hard Rock Cafe,Singapore,Singapore,american,1.257265,103.819937
3012,TungLok Heen,Singapore,Singapore,,1.255332,103.820174
3013,osia,Singapore,Singapore,grill;steak_house,1.255452,103.819926
3014,Tim Ho Wan,Singapore,Singapore,,1.334182,103.743435
3015,Miam Miam,Singapore,Singapore,,1.333936,103.743247
3016,umisushi,Singapore,Singapore,japanese,1.333164,103.742382
3017,Les Bouchons,Singapore,Singapore,french,1.281305,103.845695
3018,Alt. Pizza,Singapore,Singapore,pizza,1.311667,103.79544
3019,OverEasy Bar and Diner,Singapore,Singapore,,1.286176,103.854185
3020,Vatan se,Singapore,Singapore,indian,1.296415,103.866746
3021,Canteen 4,Singapore,Singapore,,1.344216,103.685398
3022,Food Loft,Singapore,Singapore,,1.314704,103.882121
3023,Sushi Kou,Singapore,Singapore,japanese,1.276805,103.843822
3024,Teppei,Singapore,Singapore,japanese,1.276791,103.843922
3025,Rasa Rasa @ Teck Whye,Singapore,Singapore,local,1.380376,103.757136
3026,Sinaran Seafood & Catering,Singapore,Singapore,,1.377844,103.755805
3027,Brotzeit,Singapore,Singapore,,1.301184,103.838144
3028,Chabuton,Singapore,Singapore,,1.301361,103.838053
3029,DaeSsikSin,Singapore,Singapore,korean,1.300566,103.838916
3030,Haidilao Hot Pot,Singapore,Singapore,chinese;hotpot,1.300867,103.838183
3031,Paradise Inn,Singapore,Singapore,,1.301133,103.838222
3032,Trattoria,Singapore,Singapore,,1.301072,103.838535
3033,やよい軒,Singapore,Singapore,japanese,1.300674,103.83848
3034,Nantsuttei,Singapore,Singapore,japanese,1.300768,103.83961
3035,Tung Lok Seafood,Singapore,Singapore,,1.300727,103.840001
3036,Hawkerway,Singapore,Singapore,,1.406794,103.749627
3037,Harry's,Singapore,Singapore,,1.274798,103.800368
3038,Hong Kong Street Chun Tat Kee,Singapore,Singapore,chinese;cantonese,1.325748,103.849722
3039,Tandoori Corner,Singapore,Singapore,indian,1.325816,103.850098
3040,,Singapore,Singapore,,1.335207,103.856858
3041,Koufu @ the South Spine,Singapore,Singapore,,1.342454,103.682332
3042,Bread Yard,Singapore,Singapore,sandwich,1.299979,103.787814
3043,Big Eater,Singapore,Singapore,chinese,1.34221,103.692809
3044,Al amaan,Singapore,Singapore,,1.292764,103.768514
3045,Cheng's,Singapore,Singapore,,1.293135,103.768805
3046,Dario,Singapore,Singapore,italian,1.29239,103.768422
3047,Fong Seng Fast Food Nasi Lemak,Singapore,Singapore,,1.293069,103.768758
3048,Hong Kong Kitchen BBQ,Singapore,Singapore,,1.293104,103.768784
3049,Hot & Spicy Nasi Lemak,Singapore,Singapore,malaysian,1.292371,103.768489
3050,Joo Chiat,Singapore,Singapore,,1.292909,103.768622
3051,Putera Putera,Singapore,Singapore,,1.292815,103.768543
3052,Formosa Delights,Singapore,Singapore,,1.293012,103.768704
3053,Salt tapas & bar,Singapore,Singapore,,1.294571,103.853462
3054,Seafood Paradise,Singapore,Singapore,,1.289084,103.862967
3055,IO,Singapore,Singapore,italian,1.362919,103.764412
3056,Din Tai Fung,Singapore,Singapore,taiwanese,1.334294,103.889334
3057,Sō Ramen,Singapore,Singapore,japanese,1.334224,103.889399
3058,Rabbit Carrot Gun,Singapore,Singapore,international;coffee_shop;fish_and_chips;regional;sandwich;chicken,1.304937,103.903171
3059,No Signboard Seafood,Singapore,Singapore,,1.313085,103.882722
3060,Il Clay Pizzeria,Singapore,Singapore,pizza,1.289884,103.845752
3061,Bao Today,Singapore,Singapore,chinese,1.301252,103.83802
3062,Marché,Singapore,Singapore,,1.300926,103.838257
3063,Panamericana,Singapore,Singapore,,1.243612,103.82904
3064,Hei Sushi,Singapore,Singapore,sushi,1.377527,103.954892
3065,Buddy Hoagies,Singapore,Singapore,,1.298504,103.849073
3066,I'm Kim,Singapore,Singapore,barbecue;korean,1.299305,103.848959
3067,Saizeriya,Singapore,Singapore,italian,1.299637,103.847991
3068,Omma,Singapore,Singapore,korean,1.311448,103.794677
3069,,Singapore,Singapore,,1.312624,103.900004
3070,,Singapore,Singapore,,1.312018,103.90063
3071,Evertop Family Restaurant,Singapore,Singapore,regional,1.314151,103.899102
3072,Halal Restaurant,Singapore,Singapore,,1.311953,103.900678
3073,Banh Mi 233,Singapore,Singapore,vietnamese,1.312755,103.90011
3074,Bungkus,Singapore,Singapore,,1.31556,103.89791
3075,Home of Seafood,Singapore,Singapore,regional,1.313287,103.899738
3076,Kak Wan's Kitchen,Singapore,Singapore,regional,1.313867,103.899076
3077,,Singapore,Singapore,,1.312436,103.90015
3078,Minang House,Singapore,Singapore,regional,1.314336,103.898795
3079,,Singapore,Singapore,,1.313546,103.899545
3080,,Singapore,Singapore,,1.313642,103.899679
3081,Otoko Ramen,Singapore,Singapore,,1.287412,103.80508
3082,Daebak Korean Food,Singapore,Singapore,korean,1.302024,103.849886
3083,Royal BBQ & Grill,Singapore,Singapore,indian,1.309266,103.857692
3084,Putien,Singapore,Singapore,chinese,1.309611,103.857356
3085,Arbite,Singapore,Singapore,,1.364143,103.865506
3086,Victor's Kitchen,Singapore,Singapore,chinese,1.300343,103.850572
3087,Ayam Penyet Ria,Singapore,Singapore,,1.304834,103.833754
3088,Bakehouse,Singapore,Singapore,,1.287509,103.805159
3089,Mamanda,Singapore,Singapore,,1.302217,103.860037
3090,Fish & Co.,Singapore,Singapore,,1.339257,103.706413
3091,E-Sarn Thai Cuisine,Singapore,Singapore,thai,1.316706,103.778895
3092,Peach Garden @ The Metropolis,Singapore,Singapore,chinese,1.305961,103.791285
3093,Amano,Singapore,Singapore,italian;pizza,1.324256,103.79669
3094,Pies & Coffee,Singapore,Singapore,,1.305594,103.788037
3095,Ristorante Takada,Singapore,Singapore,italian,1.291628,103.807715
3096,Fifth Season,Singapore,Singapore,chinese;indian,1.307825,103.850585
3097,Me@OUE,Singapore,Singapore,,1.282787,103.853004
3098,Burger Bangor,Indonesia,Central Jakarta,,-6.185314,106.829269
3099,Sui Sen,Indonesia,Central Jakarta,,-6.161511,106.833896
3100,Lanna Thai,Indonesia,Central Jakarta,thai,-6.197391,106.823887
3101,Hacienda,Indonesia,Central Jakarta,mexican,-6.22492,106.801425
3102,Goma ramen,Indonesia,Central Jakarta,japanese,-6.187781,106.824934
3103,Camden Bar,Indonesia,Central Jakarta,,-6.191217,106.837527
3104,Skye,Indonesia,Central Jakarta,,-6.196818,106.822637
3105,Midori,Indonesia,Central Jakarta,japanese,-6.186865,106.826612
3106,Ikkudo Ichi,Indonesia,Central Jakarta,japanese,-6.195082,106.82028
3107,Sushi Tei,Indonesia,Central Jakarta,japanese,-6.19513,106.820329
3108,PizzaExpress,Indonesia,Central Jakarta,pizza,-6.195202,106.820351
3109,Pancious,Indonesia,Central Jakarta,,-6.195172,106.820124
3110,Marche,Indonesia,Central Jakarta,,-6.195071,106.820124
3111,Huk Family Resto,Indonesia,Central Jakarta,,-6.176065,106.859767
3112,Pizza Hut,Indonesia,Central Jakarta,pizza,-6.186772,106.823569
3113,Bakmi GM Sunda,Indonesia,Central Jakarta,,-6.188779,106.824312
3114,Melly's Garden Bar & Resto,Indonesia,Central Jakarta,,-6.184055,106.830398
3115,Warunk Upnormal,Indonesia,Central Jakarta,,-6.176376,106.87261
3116,Bakoel Koffie,Indonesia,Central Jakarta,,-6.18791,106.836907
3117,Bangi Kopitiam Sabang,Indonesia,Central Jakarta,,-6.186045,106.825169
3118,Joni Steak,Indonesia,Central Jakarta,,-6.161656,106.831
3119,Martabakku Menteng,Indonesia,Central Jakarta,pizza,-6.187756,106.829785
3120,Lara Djonggrang,Indonesia,Central Jakarta,,-6.194213,106.836173
3121,Salero Jumbo Padang Restaurant,Indonesia,Central Jakarta,,-6.189463,106.824181
3122,Station Cafe,Indonesia,Central Jakarta,indonesian;tea,-6.176922,106.830948
3123,Madam Ching,Indonesia,Central Jakarta,,-6.198929,106.839748
3124,Rempah Iting,Indonesia,Central Jakarta,,-6.188837,106.824557
3125,,Indonesia,Central Jakarta,indonesian,-6.167163,106.827512
3126,,Indonesia,Central Jakarta,indonesian,-6.1904,106.837963
3127,,Indonesia,Central Jakarta,,-6.153058,106.853655
3128,Central Restaurant Mangga Besar,Indonesia,Central Jakarta,chinese,-6.148248,106.830201
3129,,Indonesia,Central Jakarta,,-6.197618,106.836699
3130,,Indonesia,Central Jakarta,,-6.194264,106.820553
3131,Misticanza @ Sahid Sudirman Residence,Indonesia,Central Jakarta,,-6.209985,106.819733
3132,Ampera 2 Tak Cikini,Indonesia,Central Jakarta,regional;sunda,-6.195348,106.840026
3133,,Indonesia,Central Jakarta,,-6.13929,106.825313
3134,Ya Udah Bistro,Indonesia,Central Jakarta,,-6.187498,106.830546
3135,Ayam Goreng Suharti,Indonesia,Central Jakarta,,-6.18718,106.830969
3136,,Indonesia,Central Jakarta,asian,-6.163137,106.826617
3137,Garuda Padang,Indonesia,Central Jakarta,padang,-6.186856,106.825242
3138,Merica Asian & Western Restaurant,Indonesia,Central Jakarta,indonesian;chinese;western,-6.202373,106.801493
3139,,Indonesia,Central Jakarta,indonesian,-6.192862,106.821562
3140,,Indonesia,Central Jakarta,,-6.190227,106.858751
3141,Restoran Padang Sederhana Sudirman Park,Indonesia,Central Jakarta,indonesian,-6.205185,106.816986
3142,Pondok Wulan 1001,Indonesia,Central Jakarta,indonesian;fish;regional;tea;seafood;thai;asian,-6.186053,106.82508
3143,,Indonesia,Central Jakarta,japanese;indonesian;chinese;noodles;asian,-6.169846,106.829902
3144,,Indonesia,Central Jakarta,,-6.187134,106.821236
3145,,Indonesia,Central Jakarta,,-6.183446,106.823698
3146,,Indonesia,Central Jakarta,,-6.183497,106.820722
3147,CFC,Indonesia,Central Jakarta,chicken,-6.184245,106.811164
3148,,Indonesia,Central Jakarta,international,-6.186652,106.821187
3149,,Indonesia,Central Jakarta,indonesian,-6.183141,106.829922
3150,¿ Por que no ?,Indonesia,Central Jakarta,spanish,-6.197959,106.828662
3151,,Indonesia,Central Jakarta,,-6.198454,106.837488
3152,,Indonesia,Central Jakarta,indonesian,-6.188411,106.818799
3153,JimBARan Lounge,Indonesia,Central Jakarta,,-6.209032,106.819802
3154,Madagaskar,Indonesia,Central Jakarta,,-6.225894,106.800241
3155,Remboelan,Indonesia,Central Jakarta,indonesian;regional,-6.225559,106.798924
3156,,Indonesia,Central Jakarta,,-6.172888,106.811677
3157,,Indonesia,Central Jakarta,,-6.166107,106.808635
3158,Aroem,Indonesia,Central Jakarta,indonesian,-6.172019,106.821453
3159,,Indonesia,Central Jakarta,,-6.160807,106.813138
3160,,Indonesia,Central Jakarta,,-6.160409,106.815866
3161,,Indonesia,Central Jakarta,,-6.168346,106.814294
3162,,Indonesia,Central Jakarta,indonesian,-6.179222,106.817901
3163,,Indonesia,Central Jakarta,,-6.179432,106.813942
3164,Nasi Uduk Kebon Kacang Puas Hati Ibu Tati,Indonesia,Central Jakarta,,-6.187976,106.818678
3165,,Indonesia,Central Jakarta,,-6.173667,106.811906
3166,,Indonesia,Central Jakarta,,-6.197346,106.852246
3167,,Indonesia,Central Jakarta,indonesian,-6.195846,106.840397
3168,,Indonesia,Central Jakarta,,-6.197018,106.848744
3169,,Indonesia,Central Jakarta,,-6.200047,106.843891
3170,,Indonesia,Central Jakarta,indonesian,-6.188315,106.836344
3171,,Indonesia,Central Jakarta,,-6.188102,106.836675
3172,,Indonesia,Central Jakarta,,-6.187454,106.827811
3173,D'COST Sabang,Indonesia,Central Jakarta,,-6.183916,106.824703
3174,,Indonesia,Central Jakarta,,-6.185082,106.832807
3175,,Indonesia,Central Jakarta,,-6.187293,106.827336
3176,The Atjeh Connection,Indonesia,Central Jakarta,acehnese,-6.185783,106.824962
3177,Bakso Kesanda,Indonesia,Central Jakarta,regional;meatball;bakso,-6.176201,106.8611
3178,,Indonesia,Central Jakarta,,-6.183381,106.827177
3179,Cinto Minang,Indonesia,Central Jakarta,indonesian,-6.182793,106.826327
3180,Kalasey,Indonesia,Central Jakarta,indonesian,-6.201154,106.822338
3181,Ikan Tude Manado,Indonesia,Central Jakarta,indonesian,-6.201968,106.823408
3182,,Indonesia,Central Jakarta,indonesian,-6.206541,106.817292
3183,CFC,Indonesia,Central Jakarta,chicken,-6.173787,106.843847
3184,Pizza Hut,Indonesia,Central Jakarta,pizza,-6.167329,106.828149
3185,Ajag Ajig,Indonesia,Central Jakarta,,-6.167289,106.82779
3186,,Indonesia,Central Jakarta,,-6.162923,106.824764
3187,,Indonesia,Central Jakarta,japanese,-6.162872,106.824887
3188,,Indonesia,Central Jakarta,chinese,-6.162962,106.82464
3189,Iga Bakar Tekko,Indonesia,Central Jakarta,,-6.163368,106.824772
3190,Daun Muda Soulfood by Peresthu - Menteng,Indonesia,Central Jakarta,indonesian,-6.195864,106.824813
3191,,Indonesia,Central Jakarta,chinese,-6.175049,106.839573
3192,,Indonesia,Central Jakarta,indonesian,-6.161735,106.844647
3193,,Indonesia,Central Jakarta,,-6.16245,106.840586
3194,,Indonesia,Central Jakarta,indonesian,-6.189271,106.83577
3195,,Indonesia,Central Jakarta,,-6.192874,106.836495
3196,,Indonesia,Central Jakarta,,-6.194213,106.836767
3197,,Indonesia,Central Jakarta,,-6.199385,106.837531
3198,Paloma Bistro,Indonesia,Central Jakarta,,-6.197313,106.828336
3199,Tamnak Thai,Indonesia,Central Jakarta,thai,-6.196639,106.82846
3200,Sate Khas Senayan,Indonesia,Central Jakarta,indonesian,-6.196337,106.82851
3201,Burgreens,Indonesia,Central Jakarta,,-6.187412,106.828973
3202,,Indonesia,Central Jakarta,barbecue;brazilian,-6.208021,106.817828
3203,,Indonesia,Central Jakarta,chicken,-6.176267,106.810586
3204,,Indonesia,Central Jakarta,,-6.176082,106.859611
3205,,Indonesia,Central Jakarta,,-6.170252,106.821204
3206,,Indonesia,Central Jakarta,,-6.207995,106.817793
3207,Baso Malang Oasis,Indonesia,Central Jakarta,,-6.175525,106.844633
3208,American Grill,Indonesia,Central Jakarta,american,-6.199993,106.822647
3209,Kella Kella,Indonesia,Central Jakarta,indonesian,-6.202312,106.800809
3210,,Indonesia,Central Jakarta,,-6.149055,106.833086
3211,,Indonesia,Central Jakarta,chinese;indonesian;indian;asian,-6.148837,106.829072
3212,Martabak Pecenongan 78 - Slipi,Indonesia,Central Jakarta,,-6.199888,106.801317
3213,Solaria,Indonesia,Central Jakarta,indonesian,-6.195125,106.817454
3214,,Indonesia,Central Jakarta,,-6.210436,106.804578
3215,,Indonesia,Central Jakarta,,-6.196093,106.820955
3216,,Indonesia,Central Jakarta,,-6.195867,106.820811
3217,Oku,Indonesia,Central Jakarta,japanese;sushi,-6.195009,106.822019
3218,,Indonesia,Central Jakarta,,-6.193157,106.815344
3219,,Indonesia,Central Jakarta,,-6.198095,106.81427
3220,,Indonesia,Central Jakarta,,-6.194922,106.817146
3221,,Indonesia,Central Jakarta,,-6.20421,106.816555
3222,Padang Merdeka,Indonesia,Central Jakarta,indonesian;minang,-6.164618,106.820581
3223,,Indonesia,Central Jakarta,,-6.191488,106.823316
3224,,Indonesia,Central Jakarta,,-6.193095,106.815176
3225,Tony Roma's,Indonesia,Central Jakarta,barbecue,-6.198993,106.822668
3226,,Indonesia,Central Jakarta,,-6.207956,106.817873
3227,Arkamaya Kitchen,Indonesia,Central Jakarta,indonesian,-6.202348,106.800845
3228,La Posta,Indonesia,Central Jakarta,argentinian,-6.207961,106.818884
3229,,Indonesia,Central Jakarta,,-6.208935,106.818143
3230,Waki,Indonesia,Central Jakarta,japanese,-6.201226,106.82232
3231,,Indonesia,Central Jakarta,sushi,-6.209065,106.818185
3232,Ayam & Bebek Kremes Kriuuuk,Indonesia,Central Jakarta,indonesian;chicken,-6.197233,106.817415
3233,Dapur Cianjur - Thamrin Residences,Indonesia,Central Jakarta,indonesian,-6.197101,106.817418
3234,PHD (Pizza Hut Delivery),Indonesia,Central Jakarta,,-6.196993,106.817421
3235,Sushi Tei,Indonesia,Central Jakarta,sushi,-6.227672,106.797622
3236,Bumbu Desa,Indonesia,Central Jakarta,,-6.194635,106.839224
3237,Iceberg,Indonesia,Central Jakarta,,-6.194472,106.839265
3238,Al Jazeerah,Indonesia,Central Jakarta,,-6.192925,106.840185
3239,Dapur Indonesia Warung Desa,Indonesia,Central Jakarta,indonesian,-6.186289,106.825047
3240,Nasi Gudeg Bu A’am,Indonesia,Central Jakarta,,-6.206099,106.807718
3241,En Dining,Indonesia,Central Jakarta,,-6.226903,106.798007
3242,CFC,Indonesia,Central Jakarta,chicken,-6.176219,106.830606
3243,,Indonesia,Central Jakarta,,-6.18703,106.831383
3244,Ippudo,Indonesia,Central Jakarta,ramen,-6.21272,106.803596
3245,Gyu-Kaku,Indonesia,Central Jakarta,japanese;barbecue,-6.212285,106.803894
3246,Mie Alip,Indonesia,Central Jakarta,,-6.160548,106.823016
3247,Otto Trattoria Italiana,Indonesia,Central Jakarta,italian,-6.208738,106.818413
3248,Gado Gado Boplo,Indonesia,Central Jakarta,,-6.192189,106.841948
3249,Martabak Markobar,Indonesia,Central Jakarta,,-6.192213,106.841908
3250,Upnormal Cafe,Indonesia,Central Jakarta,,-6.193201,106.841005
3251,Mie Keriting Luwes,Indonesia,Central Jakarta,noodle,-6.202392,106.82454
3252,Gioi Menteng,Indonesia,Central Jakarta,,-6.197394,106.823859
3253,Restaurant Hadramout,Indonesia,Central Jakarta,,-6.206123,106.848654
3254,Sudestada,Indonesia,Central Jakarta,,-6.192163,106.824044
3255,Ayam Penyet Cabe Ijo AA Sipit,Indonesia,Central Jakarta,,-6.194377,106.820614
3256,Claypot Popo,Indonesia,Central Jakarta,,-6.18393,106.824949
3257,Bakso Arsad,Indonesia,Central Jakarta,,-6.182854,106.861875
3258,The Acre Restaurant,Indonesia,Central Jakarta,,-6.198767,106.828002
3259,Pablo All Dining And Bar,Indonesia,Central Jakarta,,-6.193585,106.818606
3260,Nasi Bebek Berkah Stasiun Juanda,Indonesia,Central Jakarta,,-6.167245,106.830855
3261,Coto Makassar Senen Syamsul Daeng Ngawing,Indonesia,Central Jakarta,,-6.18037,106.842772
3262,Soto Betawi Globe H Oji,Indonesia,Central Jakarta,,-6.161177,106.8331
3263,Acta Brasserie - Gelora,Indonesia,Central Jakarta,,-6.216634,106.797525
3264,Nasi Goreng Kambing Kebon Sirih,Indonesia,Central Jakarta,indonesian,-6.184185,106.8262
3265,Ganesha Ek Sanskriti,Indonesia,Central Jakarta,indian,-6.216674,106.814126
3266,,Indonesia,Central Jakarta,,-6.190213,106.858821
3267,,Indonesia,Central Jakarta,asian,-6.185554,106.82921
3268,Natrabu Minang,Indonesia,Central Jakarta,,-6.184488,106.825243
3269,Bakso Lapangan Tembak Senayan,Indonesia,Central Jakarta,indonesian,-6.219657,106.802117
3270,Illua Korean BBQ & Soju Box,Indonesia,Central Jakarta,,-6.187351,106.826124
3271,Nahm Thai Suki & BBQ - Isoide Bento Ramen,Indonesia,Central Jakarta,,-6.187333,106.826644
3272,Brownbag,Indonesia,Central Jakarta,,-6.196702,106.828458
3273,,Indonesia,Central Jakarta,chinese,-6.166455,106.832793
3274,,Indonesia,Central Jakarta,asian,-6.195058,106.820163
3275,,Indonesia,Central Jakarta,curry;japanese,-6.195085,106.81996
3276,Bopet mini,Indonesia,Central Jakarta,,-6.215208,106.814862
3277,kantin masjid albina,Indonesia,Central Jakarta,asian,-6.221239,106.801763
3278,nasi uduk ibu ningnung,Indonesia,Central Jakarta,,-6.188688,106.818643
3279,RM Karya Sinar Bundo,Indonesia,Central Jakarta,,-6.194119,106.819712
3280,Ikan Bakar Cianjur,Indonesia,Central Jakarta,regional;sunda,-6.162921,106.82477
3281,Radja Gurame,Indonesia,Central Jakarta,regional;sunda,-6.176389,106.873985
3282,Rumah makan Padang Puspa Minang,Indonesia,Central Jakarta,,-6.159638,106.820755
3283,Kantin,Indonesia,Central Jakarta,,-6.212357,106.802175
3284,Sate Taichan Bang Oshin,Indonesia,Central Jakarta,,-6.228487,106.798412
3285,Shanghai Blue 1920,Indonesia,Central Jakarta,chinese,-6.183401,106.825091
3286,Malaya Street,Indonesia,Central Jakarta,,-6.212553,106.804201
3287,Ayam Apa Bebek,Indonesia,Central Jakarta,,-6.21252,106.804251
3288,Tekko,Indonesia,Central Jakarta,,-6.212594,106.804153
3289,Ramen Ya!,Indonesia,Central Jakarta,ramen,-6.21231,106.804216
3290,Solaria,Indonesia,Central Jakarta,indonesian,-6.212293,106.804085
3291,"Little Arabia, Menteng",Indonesia,Central Jakarta,arab,-6.186519,106.825238
3292,scatter indonesia,Indonesia,Central Jakarta,regional,-6.183519,106.83393
3293,Dion,Indonesia,Central Jakarta,,-6.211623,106.805614
3294,Kampung Kecil,Indonesia,Central Jakarta,indonesian,-6.172257,106.820162
3295,Warkop Delima,Indonesia,Central Jakarta,,-6.183568,106.829738
3296,Warteg Grand Bahari,Indonesia,Central Jakarta,,-6.184638,106.829504
3297,Rumah Makan Jasa Bundo,Indonesia,Central Jakarta,,-6.185058,106.829212
3298,Kuliner Jaksa 37,Indonesia,Central Jakarta,,-6.18568,106.829185
3299,"Nishimura, Shangri-La Jakarta",Indonesia,Central Jakarta,japanese,-6.203037,106.818895
3300,"JIA, Shangri-La Jakarta",Indonesia,Central Jakarta,chinese,-6.203064,106.818888
3301,Golden Lamian,Indonesia,Central Jakarta,,-6.17616,106.812441
3302,Warung bebek notaris,Indonesia,Central Jakarta,,-6.202548,106.825369
3303,Bakerman Plaza Indonesia,Indonesia,Central Jakarta,maincourse;_pastry_bakery;coffee;pasta,-6.193848,106.82211
3304,선창회집,South Korea,Gangnam,,37.519389,127.033998
3305,동해회집,South Korea,Gangnam,,37.512152,127.065269
3306,해원회집,South Korea,Gangnam,,37.503365,127.034826
3307,기가회집,South Korea,Gangnam,,37.527673,127.034874
3308,만선횟집,South Korea,Gangnam,,37.503453,127.036861
3309,별난횟집,South Korea,Gangnam,,37.48186,127.043335
3310,송죽횟집,South Korea,Gangnam,,37.492486,127.040135
3311,선주횟집,South Korea,Gangnam,,37.511441,127.056273
3312,해금강횟집,South Korea,Gangnam,,37.499197,127.028864
3313,왕자횟집,South Korea,Gangnam,,37.508003,127.034529
3314,삼포횟집,South Korea,Gangnam,,37.498925,127.061915
3315,가덕도횟집,South Korea,Gangnam,fish,37.499992,127.042633
3316,호미곶횟집,South Korea,Gangnam,,37.47623,127.048054
3317,영덕막회횟집,South Korea,Gangnam,,37.501537,127.034974
3318,순두부집,South Korea,Gangnam,,37.511834,127.065545
3319,New Start,South Korea,Gangnam,korean,37.504185,127.050383
3320,Ashley Queens,South Korea,Gangnam,,37.525495,127.025833
3321,피양할마니,South Korea,Gangnam,korean,37.491745,127.034397
3322,피자헛,South Korea,Gangnam,pizza,37.482237,127.061507
3323,본죽 개포동점,South Korea,Gangnam,,37.483163,127.060219
3324,원할머니보쌈 개포점,South Korea,Gangnam,,37.482805,127.062379
3325,Gilbert's Burger & Fries,South Korea,Gangnam,burger,37.521247,127.023281
3326,Ace Pizza,South Korea,Gangnam,pizza,37.521211,127.023276
3327,김돈이,South Korea,Gangnam,Korean BBQ,37.506143,127.049378
3328,Oak Restaurant,South Korea,Gangnam,,37.510975,127.058132
3329,East Village,South Korea,Gangnam,,37.522743,127.03227
3330,Hopscotch,South Korea,Gangnam,,37.517278,127.03855
3331,Lee's,South Korea,Gangnam,korean,37.526658,127.029022
3332,Tokkijung Japanese Korea,South Korea,Gangnam,,37.50303,127.027283
3333,,South Korea,Gangnam,chinese,37.519294,127.024739
3334,,South Korea,Gangnam,,37.521464,127.02338
3335,,South Korea,Gangnam,,37.523066,127.022403
3336,,South Korea,Gangnam,,37.499482,127.033668
3337,,South Korea,Gangnam,,37.522222,127.021378
3338,마포숯불갈비,South Korea,Gangnam,,37.52078,127.032841
3339,마키노차야,South Korea,Gangnam,japanese,37.498314,127.0313
3340,봉피앙,South Korea,Gangnam,korean_oriental_food,37.520611,127.0465
3341,난랑,South Korea,Gangnam,짜장면,37.513317,127.032158
3342,아리양,South Korea,Gangnam,korean,37.509838,127.041708
3343,도원,South Korea,Gangnam,,37.503807,127.054161
3344,깐부치킨,South Korea,Gangnam,,37.50402,127.053925
3345,구이마마,South Korea,Gangnam,,37.503628,127.054269
3346,양갈비구이,South Korea,Gangnam,,37.50385,127.053786
3347,김밥천국,South Korea,Gangnam,gimbap,37.504394,127.053839
3348,Korean BBQ,South Korea,Gangnam,barbecue,37.498043,127.03455
3349,남산옥,South Korea,Gangnam,korean,37.508442,127.066178
3350,희래등,South Korea,Gangnam,,37.508486,127.066142
3351,,South Korea,Gangnam,,37.524945,127.025146
3352,,South Korea,Gangnam,,37.47723,127.048048
3353,한일관,South Korea,Gangnam,korean,37.527698,127.032559
3354,,South Korea,Gangnam,,37.507626,127.024082
3355,속초붉은대게,South Korea,Gangnam,,37.502728,127.034834
3356,烈鳳燉雞,South Korea,Gangnam,chicken;korean,37.500329,127.027665
3357,,South Korea,Gangnam,,37.500948,127.027273
3358,,South Korea,Gangnam,fine_dining;korean,37.522682,127.039179
3359,,South Korea,Gangnam,,37.506368,127.02469
3360,,South Korea,Gangnam,,37.503376,127.026647
3361,베이징덕,South Korea,Gangnam,,37.526578,127.028807
3362,사보텐 본점,South Korea,Gangnam,,37.52559,127.029745
3363,고반식당 가로수길점,South Korea,Gangnam,,37.51875,127.021932
3364,BHC치킨 압구정점,South Korea,Gangnam,,37.532408,127.028711
3365,수키야치킨,South Korea,Gangnam,,37.527781,127.039167
3366,호화반점,South Korea,Gangnam,,37.527686,127.039642
3367,몰타참치,South Korea,Gangnam,일식,37.505124,127.055121
3368,볼리포인트 가로수길점,South Korea,Gangnam,shrimp;beer,37.519527,127.024704
3369,최가네 매운버섯칼국수 샤브샤브,South Korea,Gangnam,,37.497979,127.053939
3370,가온(미쉐린가이드/한식),South Korea,Gangnam,,37.522632,127.036382
3371,에머이,South Korea,Gangnam,vietnamese,37.49659,127.029565
3372,무월식당,South Korea,Gangnam,,37.502519,127.027317
3373,Yang Good – Halal BBQ Lamb Restaurant,South Korea,Gangnam,,37.50213,127.034553
3374,인딕 슬로우,South Korea,Gangnam,curry,37.521902,127.02034
3375,Phobay,South Korea,Gangnam,vietnamese,37.527955,127.034404
3376,신해원,South Korea,Gangnam,,37.527894,127.034821
3377,678,South Korea,Gangnam,barbecue;korean,37.527818,127.035061
3378,Little Saigon,South Korea,Gangnam,Vietnamese_Cuisine,37.528008,127.035858
3379,방콕9,South Korea,Gangnam,,37.528347,127.035428
3380,Delhi (Fusion Curry Restaurant),South Korea,Gangnam,indian,37.527862,127.036517
3381,명불허전,South Korea,Gangnam,,37.527718,127.037897
3382,깐부치킨,South Korea,Gangnam,,37.527821,127.037507
3383,아가씨곱창,South Korea,Gangnam,,37.527632,127.034915
3384,추자도회,South Korea,Gangnam,,37.527698,127.034734
3385,리옥,South Korea,Gangnam,,37.52749,127.034407
3386,경수사,South Korea,Gangnam,,37.527726,127.034133
3387,모란단팥죽,South Korea,Gangnam,,37.527591,127.034191
3388,할매보쌈애부대찌개,South Korea,Gangnam,,37.527048,127.034649
3389,생어거스틴,South Korea,Gangnam,,37.527317,127.035269
3390,Pho Mons,South Korea,Gangnam,vietnamese,37.5276,127.035288
3391,코기코기,South Korea,Gangnam,,37.527328,127.036008
3392,포엠,South Korea,Gangnam,,37.527059,127.036251
3393,버거B,South Korea,Gangnam,,37.526439,127.034841
3394,잇푸도,South Korea,Gangnam,,37.526233,127.034774
3395,짐바란,South Korea,Gangnam,,37.527186,127.0365
3396,펄팜,South Korea,Gangnam,,37.527035,127.036468
3397,우돈청,South Korea,Gangnam,,37.526655,127.036782
3398,엘칸티나,South Korea,Gangnam,,37.526862,127.036623
3399,육회한연어,South Korea,Gangnam,,37.507442,127.026763
3400,,South Korea,Gangnam,korean,37.498968,127.029655
3401,본고향맛집,South Korea,Gangnam,,37.527323,127.030293
3402,미카,South Korea,Gangnam,,37.522625,127.022046
3403,놀부부대찌개철판구이,South Korea,Gangnam,korean,37.524743,127.027303
3404,품향,South Korea,Gangnam,,37.525262,127.026805
3405,방추,South Korea,Gangnam,,37.525445,127.026608
3406,홍콩반점0410,South Korea,Gangnam,,37.525708,127.027423
3407,이자카야다다,South Korea,Gangnam,,37.525951,127.027853
3408,KFC압구정1점,South Korea,Gangnam,,37.526126,127.027899
3409,포메인,South Korea,Gangnam,,37.525913,127.027132
3410,이즈미,South Korea,Gangnam,,37.526238,127.032916
3411,산봉면옥,South Korea,Gangnam,,37.525458,127.03295
3412,강서면옥,South Korea,Gangnam,,37.525567,127.035151
3413,저스트스테이크,South Korea,Gangnam,,37.5262,127.037346
3414,바랗,South Korea,Gangnam,,37.522306,127.035224
3415,고기고,South Korea,Gangnam,,37.522354,127.035318
3416,이사벨더부처,South Korea,Gangnam,,37.52259,127.034861
3417,안동국시,South Korea,Gangnam,,37.526592,127.029327
3418,청담 (수요미식회 짬뽕맛집),South Korea,Gangnam,,37.522519,127.047165
3419,곰바위,South Korea,Gangnam,korean,37.514877,127.058837
3420,옛골 (꽁치김치찌개),South Korea,Gangnam,,37.505954,127.032562
3421,Brick Oven New York Pizza,South Korea,Gangnam,pizza,37.503097,127.027778
3422,대한극장 시당,South Korea,Gangnam,,37.525372,127.051615
3423,한와담 고기집,South Korea,Gangnam,,37.52567,127.052031
3424,원주추어탕,South Korea,Gangnam,,37.504027,127.025511
3425,,South Korea,Gangnam,,37.525874,127.037162
3426,,South Korea,Gangnam,,37.524986,127.032445
3427,현대기사식당 (북어찜),South Korea,Gangnam,,37.498865,127.03687
3428,하모,South Korea,Gangnam,korean,37.523281,127.032947
3429,,South Korea,Gangnam,,37.495463,127.030355
3430,능라도 (평양냉면),South Korea,Gangnam,,37.507457,127.038223
3431,"대우식당 (수요미식회, 미나리부대찌개)",South Korea,Gangnam,,37.502676,127.035215
3432,"해남집 (수요미식회, 생선구이정식 묵은지닭볶음탕)",South Korea,Gangnam,,37.519198,127.019867
3433,무한장소,South Korea,Gangnam,,37.509606,127.022969
3434,"명동칼국수 (달인, 탕수육)",South Korea,Gangnam,,37.485233,127.03504
3435,홍명 (간짜장 난자완스 맛집),South Korea,Gangnam,,37.514616,127.029504
3436,소노야,South Korea,Gangnam,japanese,37.515354,127.042224
3437,금모래 (청국장비빔밥),South Korea,Gangnam,,37.49611,127.031683
3438,돌하르방,South Korea,Gangnam,,37.526418,127.043727
3439,스테키팬,South Korea,Gangnam,,37.527514,127.038891
3440,비거버거스,South Korea,Gangnam,,37.527631,127.039122
3441,만복국수집,South Korea,Gangnam,,37.527566,127.039356
3442,,South Korea,Gangnam,,37.50302,127.026923
3443,Urban Rabbit Kitchen,South Korea,Gangnam,coffee_shop;pasta,37.50244,127.027249
3444,본점,South Korea,Gangnam,,37.502984,127.027411
3445,,South Korea,Gangnam,,37.502102,127.027127
3446,,South Korea,Gangnam,,37.526373,127.036022
3447,,South Korea,Gangnam,,37.526245,127.036177
3448,,South Korea,Gangnam,,37.501777,127.027376
3449,찌개애감동,South Korea,Gangnam,,37.524514,127.027224
3450,포도식당,South Korea,Gangnam,,37.52448,127.027039
3451,투고스,South Korea,Gangnam,,37.532306,127.027367
3452,Saigon,South Korea,Gangnam,,37.532048,127.026323
3453,더후,South Korea,Gangnam,,37.531804,127.02622
3454,딸기골생오겹살,South Korea,Gangnam,,37.524185,127.026944
3455,,South Korea,Gangnam,,37.523431,127.022138
3456,Tommy Hilfiger,South Korea,Gangnam,,37.523281,127.022379
3457,지구당,South Korea,Gangnam,,37.52225,127.023317
3458,라멘구루,South Korea,Gangnam,noodle,37.521666,127.022494
3459,CORK FOR TURTLE,South Korea,Gangnam,,37.521381,127.022715
3460,디옐로이,South Korea,Gangnam,,37.520751,127.022299
3461,사루비아,South Korea,Gangnam,ramen,37.52007,127.023653
3462,부타야,South Korea,Gangnam,,37.523511,127.023112
3463,한식당 개성,South Korea,Gangnam,,37.524809,127.02486
3464,꾸이꾸이,South Korea,Gangnam,,37.525641,127.037376
3465,더된장남,South Korea,Gangnam,,37.524865,127.037372
3466,엄마밥상,South Korea,Gangnam,,37.524579,127.037031
3467,청수메밀,South Korea,Gangnam,,37.524171,127.038582
3468,스시초희,South Korea,Gangnam,,37.523788,127.03601
3469,브루스리,South Korea,Gangnam,chinese,37.521415,127.039097
3470,얌샘김밥,South Korea,Gangnam,korean,37.508266,127.065041
3471,,South Korea,Gangnam,mediterranean,37.519104,127.02472
3472,,South Korea,Gangnam,american,37.520306,127.024492
3473,,South Korea,Gangnam,,37.50078,127.027511
3474,,South Korea,Gangnam,,37.500961,127.027433
3475,,South Korea,Gangnam,,37.499722,127.02807
3476,정식당 Jungsik Seoul,South Korea,Gangnam,korean;점심코스;저녁코스,37.525593,127.041103
3477,Maison de la Catégorie,South Korea,Gangnam,,37.525636,127.040148
3478,Gardner,South Korea,Gangnam,italian,37.52398,127.036629
3479,Taupe,South Korea,Gangnam,european,37.524553,127.036385
3480,Test Kitchen,South Korea,Gangnam,,37.524218,127.036519
3481,후레쉬빌,South Korea,Gangnam,international,37.508283,127.066351
3482,카레마치,South Korea,Gangnam,japanese,37.508099,127.065788
3483,,South Korea,Gangnam,,37.513568,127.026083
3484,,South Korea,Gangnam,,37.520715,127.035722
3485,haemong,South Korea,Gangnam,,37.518171,127.036293
3486,레스토랑 온,South Korea,Gangnam,,37.522006,127.04941
3487,종로삼계탕,South Korea,Gangnam,korean,37.499374,127.02886
3488,Gangnam Myeonok Gangnam branch. Beef rib stew,South Korea,Gangnam,,37.521443,127.030887
3489,Masizzim beef rib stew,South Korea,Gangnam,,37.502006,127.026886
3490,Gangnam Myeonok Gangnam,South Korea,Gangnam,,37.521393,127.030933
3491,wonjo ssambajjb nonhyeon bbq,South Korea,Gangnam,,37.506966,127.024104
3492,"Bongchu Jjmdak, stew Chix",South Korea,Gangnam,chicken;korean,37.502193,127.026367
3493,Kwagi EE Korea beef Bbq,South Korea,Gangnam,,37.503993,127.026103
3494,Bongchu jimdak Chix stew,South Korea,Gangnam,,37.501333,127.026935
3495,seorae BBQ pork,South Korea,Gangnam,,37.5001,127.028417
3496,Porridge,South Korea,Gangnam,,37.499801,127.029208
3497,porridge,South Korea,Gangnam,,37.499783,127.029184
3498,yoogane,South Korea,Gangnam,chicken;korean,37.50005,127.027682
3499,primo bacio baci Italian,South Korea,Gangnam,,37.499888,127.027151
3500,AUCE beef bbq,South Korea,Gangnam,,37.499869,127.028489
3501,"Bobired Gangnam, Rib pasta",South Korea,Gangnam,,37.502672,127.027902
3502,Ramen,South Korea,Gangnam,,37.502907,127.026669
3503,"Samgyetang, Korean Ginseng",South Korea,Gangnam,,37.503866,127.025864
3504,"Eulmildae Gangnam, cold noodles",South Korea,Gangnam,,37.495461,127.030374
3505,samgyetang Korean ginseng,South Korea,Gangnam,,37.503831,127.025904
3506,Eulmildae Gangnam cold noodles,South Korea,Gangnam,,37.495473,127.030363
3507,"Sudae soup, blood sausage",South Korea,Gangnam,,37.495029,127.031448
3508,Modern Chix,South Korea,Gangnam,,37.495521,127.031645
3509,sundae soups blood sausage,South Korea,Gangnam,,37.49526,127.031402
3510,Modern Chicken,South Korea,Gangnam,,37.495564,127.031606
3511,"Ugly Stove, pasta",South Korea,Gangnam,,37.500835,127.028296
3512,Mango Plate AUCE bbq,South Korea,Gangnam,,37.500869,127.027494
3513,Yukjeon gangnam branch Bbq pork,South Korea,Gangnam,,37.498066,127.032009
3514,Tuna work shop,South Korea,Gangnam,,37.495087,127.03091
3515,Ha bang Samgyetang Ginseng Chix,South Korea,Gangnam,,37.493545,127.03021
3516,Hanbang Samgaetang,South Korea,Gangnam,,37.493503,127.030202
3517,Yukjeong BBQ,South Korea,Gangnam,,37.498078,127.03202
3518,Ugly Stove pasta,South Korea,Gangnam,,37.500816,127.028266
3519,Tam Tam Viet noodle,South Korea,Gangnam,vietnamese,37.5004,127.027986
3520,Old traditional Tansang Ginseng Samgyetang,South Korea,Gangnam,,37.507653,127.023368
3521,Chicken Baengi,South Korea,Gangnam,,37.494825,127.031321
3522,Ungteori Saenggogi Bbq AUCE,South Korea,Gangnam,,37.496292,127.030557
3523,"Ungteori saenggori,AUCE bbq",South Korea,Gangnam,,37.496288,127.030584
3524,Chix Baengi,South Korea,Gangnam,,37.494831,127.031348
3525,"Jeju Montrak, Bk pig Bbq",South Korea,Gangnam,,37.495012,127.03065
3526,Udon Myeongga Giriyama,South Korea,Gangnam,,37.497082,127.030334
3527,"Brother hood kitchen, Chix cultet & Waffles",South Korea,Gangnam,,37.503417,127.026482
3528,"Jangseoneun Nal, Bossam, Gangnam",South Korea,Gangnam,,37.495408,127.031394
3529,jeyu Montrak Bk pig bbq,South Korea,Gangnam,,37.495005,127.03063
3530,"Jangseoneun nal,Bossam",South Korea,Gangnam,,37.495401,127.03142
3531,"Horangi Sikdang, Ramen. Gangnam",South Korea,Gangnam,,37.503548,127.026425
3532,"Le Saigon, Vietnamese",South Korea,Gangnam,,37.503365,127.028228
3533,"Chambuja Seolleongtang, Ox bone soup",South Korea,Gangnam,,37.500199,127.041166
3534,"unbong eden sidang,Tradition Korean",South Korea,Gangnam,,37.497983,127.029081
3535,"chambuja Seolleongtang, Ox Bone soup",South Korea,Gangnam,,37.500206,127.041205
3536,KKANBU CHICKEN,South Korea,Gangnam,chicken;korean,37.523477,127.023016
3537,할머니현대낙지아구감자탕,South Korea,Gangnam,,37.523608,127.023373
3538,하코네,South Korea,Gangnam,japanese,37.523864,127.023498
3539,킹콩스테이크,South Korea,Gangnam,,37.523845,127.023452
3540,퀴즈노스서브,South Korea,Gangnam,,37.524933,127.024506
3541,이도곰탕,South Korea,Gangnam,,37.503417,127.038449
3542,라움,South Korea,Gangnam,,37.508404,127.039989
3543,오발탄,South Korea,Gangnam,regional,37.513575,127.053394
3544,삼정복집,South Korea,Gangnam,,37.514677,127.06399
3545,깐부치킨 학동역점,South Korea,Gangnam,chicken;korean,37.514617,127.033591
3546,가마솥밥하나 (Gamasot Baphana),South Korea,Gangnam,,37.492175,127.032355
3547,,South Korea,Gangnam,breakfast,37.524259,127.040464
3548,Pizza Hut,South Korea,Gangnam,pizza,37.52385,127.04625
3549,Homuran,South Korea,Gangnam,fine_dining;japanese,37.523251,127.044057
3550,그래머시홀,South Korea,Gangnam,indian;international;italian,37.523383,127.044276
3551,삼도갈비,South Korea,Gangnam,,37.497843,127.038614
3552,채선당,South Korea,Gangnam,,37.488771,127.06733
3553,60계 치킨,South Korea,Gangnam,,37.488755,127.066882
3554,옛날통닭,South Korea,Gangnam,옛날통닭_한마리;닭똥집;양념통닭_한마리;닭강정;새우튀김,37.498279,127.052191
3555,하남돼지집 한티직영점,South Korea,Gangnam,생삼겹살;모듬한판;특목살;생갈비;갈매기살;항정살;가브리살;특별한판,37.497935,127.053094
3556,제주몬트락 한티점,South Korea,Gangnam,흑돼지_모둠한판;어멍세트_(제주돼지_반마리);제주오겹살;제주돼지_특목살;제주돼지_통갈비,37.49808,127.053271
3557,김태완스시,South Korea,Gangnam,japanese,37.498168,127.053724
3558,동막골 1998,South Korea,Gangnam,전,37.4983,127.053394
3559,필경재,South Korea,Gangnam,,37.484905,127.095242
3560,마히나 비건 테이블,South Korea,Gangnam,italian;korean;coffee_shop,37.523701,127.023104
3561,바로그집,South Korea,Gangnam,,37.500596,127.052835
3562,전주맛자랑,South Korea,Gangnam,,37.519914,127.026128
3563,서브웨이,South Korea,Gangnam,sandwich,37.525642,127.02807
3564,,South Korea,Gangnam,korean,37.523007,127.02513
3565,금수복국 압구정점,South Korea,Gangnam,,37.523534,127.032827
3566,명동칼국수샤브샤브 삼성점,South Korea,Gangnam,,37.511581,127.044975
3567,국밥집,South Korea,Gangnam,,37.51111,127.045179
3568,,South Korea,Gangnam,,37.511219,127.044878
3569,골목냉면,South Korea,Gangnam,noodle,37.485436,127.098176
3570,삼계탕죽전문,South Korea,Gangnam,asian,37.485523,127.097184
3571,나미루라멘,South Korea,Gangnam,noodle,37.488001,127.102044
3572,큰물참치 수서점,South Korea,Gangnam,seafood,37.487378,127.103202
3573,스시야본점,South Korea,Gangnam,sushi,37.487311,127.102852
3574,와후진,South Korea,Gangnam,japanese,37.488453,127.102357
3575,스시혼,South Korea,Gangnam,sushi,37.487265,127.103172
3576,림스시,South Korea,Gangnam,sushi,37.487272,127.103317
3577,우전일식,South Korea,Gangnam,japanese,37.488497,127.103357
3578,착한컵밥,South Korea,Gangnam,,37.484986,127.104658
3579,Singang lamb skewer restaurant,South Korea,Gangnam,,37.504016,127.045595
3580,Ottosang Sushi,South Korea,Gangnam,,37.504832,127.044233
3581,Mayo Japanese Restaurant,South Korea,Gangnam,,37.505814,127.025452
3582,모리 카츠,South Korea,Gangnam,japanese,37.500919,127.027204
3583,골목식당,South Korea,Gangnam,,37.525526,127.050963
3584,,South Korea,Gangnam,,37.500964,127.028229
3585,The round,South Korea,Gangnam,,37.523487,127.042511
3586,JS Garden,South Korea,Gangnam,,37.528386,127.034954
3587,레인디,South Korea,Gangnam,,37.519936,127.048654
3588,,South Korea,Gangnam,,37.520966,127.037406
3589,함흥면옥,South Korea,Gangnam,冷麺,37.496876,127.053394
3590,MUU한우다이닝,South Korea,Gangnam,korean,37.509239,127.027215
3591,패티드,South Korea,Gangnam,italian,37.509123,127.027361
3592,,South Korea,Gangnam,,37.511032,127.022903
3593,,South Korea,Gangnam,,37.510798,127.023019
3594,,South Korea,Gangnam,,37.509012,127.023645
3595,,South Korea,Gangnam,,37.506928,127.025141
3596,,South Korea,Gangnam,,37.505896,127.024971
3597,,South Korea,Gangnam,,37.505276,127.026034
3598,,South Korea,Gangnam,,37.504103,127.026015
3599,,South Korea,Gangnam,,37.504832,127.025223
3600,,South Korea,Gangnam,,37.503859,127.026256
3601,,South Korea,Gangnam,,37.503388,127.02638
3602,,South Korea,Gangnam,,37.503478,127.02791
3603,아비꼬,South Korea,Gangnam,curry,37.502668,127.027597
3604,Sam Sunny,United States,Manhattan,korean,40.741558,-73.978463
3605,Trudy's Ice Cream,United States,Manhattan,dessert,40.800377,-73.961806
3606,Bubo,United States,Manhattan,mediterranean;american,40.746036,-73.977668
3607,Little Alley,United States,Manhattan,chinese;shanghai,40.747385,-73.977153
3608,The Musket Room,United States,Manhattan,continental;eclectic,40.723919,-73.993781
3609,Nha Trang One,United States,Manhattan,vietnamese,40.71679,-73.999671
3610,Mi,United States,Manhattan,chinese,40.746133,-73.977592
3611,The Inwood Farm,United States,Manhattan,american,40.872799,-73.918421
3612,Garden Café,United States,Manhattan,,40.868119,-73.920421
3613,Le Monde,United States,Manhattan,french;loire_valley,40.805778,-73.965866
3614,Hard Rock Cafe,United States,Manhattan,american,40.756994,-73.986551
3615,Carbone,United States,Manhattan,,40.755419,-73.993015
3616,Freemans,United States,Manhattan,american,40.721989,-73.992442
3617,Tick Tock Diner,United States,Manhattan,diner,40.752443,-73.99355
3618,Giovanni,United States,Manhattan,italian,40.779131,-73.960536
3619,Junior's,United States,Manhattan,,40.758215,-73.986627
3620,Fuji East Restaurant,United States,Manhattan,japanese,40.759073,-73.952268
3621,Ristorante Settepani,United States,Manhattan,italian,40.804363,-73.947643
3622,Rockmeisha Izakaya,United States,Manhattan,,40.732643,-74.002464
3623,Annisa,United States,Manhattan,,40.732605,-74.002571
3624,John's of Bleecker St,United States,Manhattan,,40.73161,-74.003342
3625,Joe's Pizza,United States,Manhattan,pizza,40.730547,-74.002063
3626,Hummus Place,United States,Manhattan,,40.73226,-74.003346
3627,Lombardi's Pizza,United States,Manhattan,pizza,40.721593,-73.995615
3628,Brick Lane,United States,Manhattan,indian,40.726633,-73.989334
3629,Tom's Restaurant,United States,Manhattan,diner,40.805451,-73.965416
3630,Bill's Townhouse,United States,Manhattan,american,40.760171,-73.973004
3631,Four Seasons,United States,Manhattan,new_american,40.758095,-73.972022
3632,Marchi's,United States,Manhattan,italian,40.74316,-73.97758
3633,Pando Park,United States,Manhattan,american,40.744976,-73.983107
3634,Smith & Wollensky,United States,Manhattan,steak_house,40.755255,-73.970951
3635,Clinton St. Baking Company,United States,Manhattan,,40.721179,-73.983883
3636,Stromboli Pizza,United States,Manhattan,pizza,40.727773,-73.985401
3637,The Breslin,United States,Manhattan,gastropub,40.745682,-73.988124
3638,Blue Ribbon Sushi Bar & Grill,United States,Manhattan,,40.767588,-73.983117
3639,Sushi Damo,United States,Manhattan,japanese,40.76773,-73.983493
3640,USA Brooklyn Delicatessen,United States,Manhattan,sandwich; pizza,40.765385,-73.980359
3641,Carnegie Diner & Cafe,United States,Manhattan,burger;sandwich;coffee_shop;ice_cream;american;pancake,40.765737,-73.980116
3642,Brooklyn Diner,United States,Manhattan,diner,40.765607,-73.980874
3643,Farinella,United States,Manhattan,pizza,40.767136,-73.98147
3644,Hoy Wong Restaurant,United States,Manhattan,,40.716614,-73.998003
3645,Murry Hill Diner,United States,Manhattan,diner,40.745904,-73.980303
3646,Red Lobster,United States,Manhattan,seafood,40.755603,-73.987571
3647,Madison & Vine,United States,Manhattan,,40.75218,-73.979502
3648,Pera,United States,Manhattan,mediterranean,40.752335,-73.979375
3649,LA Fonda Del Sol,United States,Manhattan,,40.753271,-73.977386
3650,ammos estiatorio,United States,Manhattan,greek,40.754236,-73.977239
3651,The Capital Grille,United States,Manhattan,,40.753836,-73.976165
3652,The Heavenly Burger,United States,Manhattan,burger,40.751712,-73.979911
3653,Connolly's,United States,Manhattan,,40.756156,-73.977661
3654,L'Ecole Restaurant,United States,Manhattan,french,40.72089,-74.000393
3655,Buddakan,United States,Manhattan,asian,40.742164,-74.004843
3656,Tony's,United States,Manhattan,italian,40.756391,-73.985425
3657,Capital Grille at Time-Life,United States,Manhattan,,40.760711,-73.980769
3658,Le Parker Meridien Burger,United States,Manhattan,burger,40.764065,-73.978258
3659,Balade,United States,Manhattan,lebanese,40.730295,-73.983104
3660,Russian Tea Room,United States,Manhattan,russian,40.765034,-73.9793
3661,Market Diner,United States,Manhattan,burger,40.761576,-73.997345
3662,,United States,Manhattan,,40.807202,-73.953598
3663,Chocolat Restaurant Lounge,United States,Manhattan,american;brunch,40.806954,-73.953749
3664,The Fox,United States,Manhattan,,40.806801,-73.953413
3665,Melba's,United States,Manhattan,,40.803094,-73.95657
3666,Cedric,United States,Manhattan,french,40.806135,-73.953033
3667,Billie's Black Bar & Lounge,United States,Manhattan,american,40.806229,-73.953231
3668,Little Ruby’s Cafe,United States,Manhattan,,40.734069,-74.002791
3669,Uncle Jack's,United States,Manhattan,steak_house,40.753721,-73.995808
3670,Sergimmo Slumeria,United States,Manhattan,italian,40.754257,-73.995434
3671,Zoob Zib Thai Authentic Noodle Bar,United States,Manhattan,thai,40.754377,-73.995339
3672,Skylight Diner,United States,Manhattan,american;burger;soup;salad;omelette;sandwich;breakfast,40.753388,-73.996781
3673,Hudson Station Bar and Grill,United States,Manhattan,pub;american,40.753864,-73.99568
3674,Golden City,United States,Manhattan,asian,40.753296,-73.996642
3675,Shmoné,United States,Manhattan,israeli,40.733508,-73.999067
3676,Chu Ros Thai,United States,Manhattan,thai,40.789254,-73.948631
3677,Burritos y Mas,United States,Manhattan,,40.788786,-73.948637
3678,Quechua Nostra,United States,Manhattan,peruvian,40.790596,-73.94765
3679,El Aguila,United States,Manhattan,mexican,40.790519,-73.947716
3680,The Lexington Social,United States,Manhattan,mediterranean;tapas,40.790664,-73.947624
3681,Caribbean Fiesta,United States,Manhattan,,40.792723,-73.950337
3682,Bawarchi Indian Cuisine,United States,Manhattan,,40.792757,-73.950319
3683,The Lambs Club,United States,Manhattan,,40.756616,-73.984593
3684,The Playwright,United States,Manhattan,,40.760472,-73.984051
3685,Hunan Park,United States,Manhattan,chinese,40.792194,-73.967692
3686,City Diner,United States,Manhattan,diner,40.791047,-73.974764
3687,5 Napkin Burger,United States,Manhattan,burger,40.787064,-73.977933
3688,Ayza Wine & Chocolate Bar,United States,Manhattan,,40.729705,-74.004852
3689,Trattoria Spaghetto,United States,Manhattan,italian,40.730184,-74.002538
3690,Kesari,United States,Manhattan,indian,40.799327,-73.968752
3691,Manhattan Valley,United States,Manhattan,indian,40.797014,-73.969726
3692,Metro Diner,United States,Manhattan,diner,40.797442,-73.970146
3693,Just Pho You,United States,Manhattan,vietnamese,40.797574,-73.969308
3694,Texas Rotisserie Grill,United States,Manhattan,,40.795531,-73.971479
3695,El Castillo De Jagua,United States,Manhattan,caribbean,40.714385,-73.981835
3696,Zafis Luncheonette,United States,Manhattan,coffee_shop,40.714932,-73.982697
3697,Sipsteria,United States,Manhattan,,40.795341,-73.969686
3698,Malecon Restaurant,United States,Manhattan,dominican,40.795037,-73.969906
3699,Ozen,United States,Manhattan,asian,40.794916,-73.969993
3700,Vin et Fleur,United States,Manhattan,french,40.724249,-74.003311
3701,Pizza Palace,United States,Manhattan,pizza,40.862413,-73.925052
3702,5 Napkin Burger,United States,Manhattan,burger,40.760161,-73.991107
3703,Gallo Nero,United States,Manhattan,italian,40.75989,-73.991794
3704,Ollie's,United States,Manhattan,chinese,40.758842,-73.993163
3705,Maison Close,United States,Manhattan,,40.723295,-74.003722
3706,Laut,United States,Manhattan,thai,40.737548,-73.991104
3707,Vanessa's Dumpling House,United States,Manhattan,chinese;dumpling;noodle,40.718294,-73.991778
3708,Pasquale Jones,United States,Manhattan,italian,40.721081,-73.996749
3709,Bosino,United States,Manhattan,italian,40.798738,-73.967332
3710,Katz's Delicatessen,United States,Manhattan,deli,40.722343,-73.987353
3711,Mercato,United States,Manhattan,italian,40.756247,-73.993645
3712,Blue Smoke,United States,Manhattan,american,40.714618,-74.015376
3713,Banc,United States,Manhattan,american,40.74323,-73.979706
3714,Nice Matin,United States,Manhattan,french,40.783395,-73.978402
3715,Polash,United States,Manhattan,indian,40.799638,-73.938535
3716,Briciola Pizza Bar,United States,Manhattan,pizza,40.72909,-74.003418
3717,Alice,United States,Manhattan,,40.737085,-73.998633
3718,Mezze on the River,United States,Manhattan,,40.711321,-74.017833
3719,P.J. Clarke's,United States,Manhattan,american,40.713776,-74.016116
3720,Mamajuana Cafe,United States,Manhattan,,40.866449,-73.928051
3721,Mermaid Inn,United States,Manhattan,seafood,40.779795,-73.976803
3722,Bonchon Chicken,United States,Manhattan,chicken;korean;sushi,40.747436,-73.98502
3723,LOVE Korean BBQ,United States,Manhattan,chicken;korean,40.747169,-73.985214
3724,Pappardella,United States,Manhattan,italian,40.779338,-73.977664
3725,The Smith,United States,Manhattan,american,40.7716,-73.981868
3726,Trattoria iL Gusto,United States,Manhattan,italian,40.789257,-73.969833
3727,Saba's Pizza,United States,Manhattan,pizza,40.783271,-73.977982
3728,West Side Wok & Konata Sushi,United States,Manhattan,chinese;sushi,40.792362,-73.97135
3729,Kouzan,United States,Manhattan,japanese,40.792178,-73.971484
3730,Spice,United States,Manhattan,thai,40.784271,-73.97725
3731,WAU,United States,Manhattan,malaysian,40.784441,-73.977614
3732,Outback Steakhouse,United States,Manhattan,american;steak,40.742262,-73.991796
3733,Rudraks,United States,Manhattan,indian,40.793022,-73.971353
3734,Pio Pio,United States,Manhattan,peruvian,40.792932,-73.97142
3735,Jing Fong Restaurant,United States,Manhattan,,40.782725,-73.978935
3736,Haru Sushi,United States,Manhattan,japanese,40.784192,-73.977307
3737,Bohemian Spirit Restaurant,United States,Manhattan,czech;brunch,40.769058,-73.95659
3738,Del Frisco's Double Eagle Steakhouse,United States,Manhattan,steak_house,40.759324,-73.98166
3739,Parkside Lounge,United States,Manhattan,,40.721081,-73.983203
3740,Bobby Van's,United States,Manhattan,,40.706125,-74.011047
3741,Bombay Cuisine,United States,Manhattan,indian,40.703483,-74.011087
3742,Giardino D'Oro,United States,Manhattan,italian,40.707456,-74.007256
3743,Chinah,United States,Manhattan,chinese,40.706958,-74.007266
3744,Blue Ribbon Sushi Bar & Grill,United States,Manhattan,sushi,40.707952,-74.00783
3745,Raj's Indian Kitchen,United States,Manhattan,indian,40.708996,-74.00908
3746,Cipriani,United States,Manhattan,,40.706139,-74.009392
3747,Nikoniko Sushi Bowl,United States,Manhattan,japanese,40.705598,-74.007733
3748,Taste of Tokyo,United States,Manhattan,japanese,40.705109,-74.00969
3749,Centric,United States,Manhattan,,40.705202,-74.008068
3750,Lobster Place,United States,Manhattan,seafood,40.742467,-74.005715
3751,Wall Street Grill,United States,Manhattan,,40.704892,-74.008595
3752,Delmonico's,United States,Manhattan,steak_house,40.705042,-74.010205
3753,Hale & Hearty Soup,United States,Manhattan,,40.705193,-74.01095
3754,Harry's,United States,Manhattan,steak_house,40.704661,-74.009772
3755,Joseph's Ristorante,United States,Manhattan,italian,40.704854,-74.0096
3756,Lenwich,United States,Manhattan,breakfast;sandwich,40.704771,-74.008836
3757,The Original Soupman,United States,Manhattan,,40.704673,-74.008959
3758,Village Square Pizza,United States,Manhattan,pizza,40.792372,-73.973837
3759,Jean-Georges,United States,Manhattan,french,40.76897,-73.981667
3760,Gallo Nero,United States,Manhattan,italian,40.759813,-73.992157
3761,Tavern on Jane,United States,Manhattan,american,40.738247,-74.004282
3762,maman,United States,Manhattan,,40.732896,-73.993479
3763,Marseille,United States,Manhattan,french,40.75975,-73.991404
3764,Westway Diner,United States,Manhattan,,40.759436,-73.991641
3765,Mama Mia 44SW,United States,Manhattan,italian,40.75972,-73.991927
3766,Fumo,United States,Manhattan,italian,40.802809,-73.96805
3767,The Laurels,United States,Manhattan,mediterranean,40.73256,-73.985045
3768,IHOP,United States,Manhattan,breakfast;pancake,40.732808,-73.985559
3769,Thai Terminal,United States,Manhattan,thai,40.730265,-73.983863
3770,Mokyo,United States,Manhattan,japanese,40.727158,-73.983913
3771,Burger Heaven,United States,Manhattan,burger,40.760191,-73.974971
3772,Gennaro,United States,Manhattan,italian,40.791648,-73.971851
3773,Mido,United States,Manhattan,japanese,40.790062,-73.973511
3774,French Roast,United States,Manhattan,,40.787649,-73.976702
3775,,United States,Manhattan,,40.789532,-73.973906
3776,Poulet Sans Tête,United States,Manhattan,french,40.789473,-73.973949
3777,Crema,United States,Manhattan,,40.739632,-73.996068
3778,da Umberto,United States,Manhattan,,40.739569,-73.995913
3779,Chote Nawab,United States,Manhattan,indian,40.742481,-73.982394
3780,Haandi,United States,Manhattan,indian,40.74241,-73.982452
3781,Diner 24,United States,Manhattan,diner,40.738185,-73.983394
3782,Fred's,United States,Manhattan,,40.785685,-73.976719
3783,Cafe Joul,United States,Manhattan,french,40.758569,-73.962566
3784,Barn Joo Nomad,United States,Manhattan,korean,40.746067,-73.990268
3785,Izumi,United States,Manhattan,sushi,40.746898,-73.992227
3786,Marlow Bistro,United States,Manhattan,italian,40.802903,-73.964153
3787,Carmine's,United States,Manhattan,italian,40.791104,-73.97402
3788,Smoke Jazz & Supper Club,United States,Manhattan,american,40.801119,-73.968206
3789,Hell's Kitchen,United States,Manhattan,mediterranean,40.756699,-73.994136
3790,The Hummus & Pita Co.,United States,Manhattan,,40.739138,-73.995777
3791,J's Pizza,United States,Manhattan,,40.739878,-73.998936
3792,Ponte's,United States,Manhattan,italian,40.723424,-74.010481
3793,M-Thai,United States,Manhattan,thai,40.744378,-73.998879
3794,Good Enough To Eat,United States,Manhattan,american,40.785996,-73.972771
3795,Kashmir 9,United States,Manhattan,pakistani,40.754987,-73.994884
3796,Bombay Tandoori,United States,Manhattan,,40.754615,-73.994999
3797,North Square,United States,Manhattan,american;brunch,40.732387,-73.998653
3798,Waverly Diner,United States,Manhattan,diner,40.733111,-74.000167
3799,Chelsea Square Restaurant,United States,Manhattan,diner,40.746287,-74.001223
3800,Moran's,United States,Manhattan,american,40.745244,-74.005678
3801,Donnatella,United States,Manhattan,pizza,40.742976,-73.9999
3802,Shaffer’s,United States,Manhattan,,40.742052,-74.001097
3803,Grand Sichuan Eastern,United States,Manhattan,chinese,40.742542,-74.000246
3804,LOULOU,United States,Manhattan,,40.742674,-74.000173
3805,Lasagna Ristorante,United States,Manhattan,italian,40.743235,-73.999715
3806,Da Andrea,United States,Manhattan,italian,40.742072,-74.000609
3807,Rocking Horse Cafe,United States,Manhattan,mexican,40.742915,-73.999944
3808,Dim Sum Chelsea,United States,Manhattan,,40.744636,-73.998692
3809,$1 Pizza,United States,Manhattan,pizza,40.746214,-73.997543
3810,Temerarion,United States,Manhattan,mexican,40.743445,-73.999583
3811,Uncle Nick's Restaurant,United States,Manhattan,greek,40.749067,-73.995471
3812,iPizzaNY,United States,Manhattan,,40.738806,-73.999745
3813,The Ellington,United States,Manhattan,,40.800861,-73.968264
3814,Serafina,United States,Manhattan,,40.800492,-73.968282
3815,Pad Thai,United States,Manhattan,thai;japanese,40.749979,-73.995338
3816,Pio Pio Riko,United States,Manhattan,peruvian;chicken,40.750033,-73.995284
3817,The Pho 2,United States,Manhattan,,40.745729,-73.998418
3818,Dallas BBQ,United States,Manhattan,barbecue,40.745607,-73.998764
3819,Nina's Great Burrito Bar,United States,Manhattan,mexican,40.786051,-73.972743
3820,Viand,United States,Manhattan,,40.78561,-73.972571
3821,The Consulate,United States,Manhattan,french,40.785845,-73.972397
3822,Chelsea Cottage's Viet Grill,United States,Manhattan,vietnamese,40.746088,-74.001374
3823,Famous Original Ray's Pizza,United States,Manhattan,pizza,40.746029,-74.00141
3824,The Meatball Company,United States,Manhattan,,40.745895,-74.001491
3825,Qanoon,United States,Manhattan,palestinian,40.745219,-74.002003
3826,Dil e Punjab Deli,United States,Manhattan,indian,40.744642,-74.002404
3827,Omai,United States,Manhattan,vietnamese,40.744222,-74.00274
3828,Tipsy Parson,United States,Manhattan,,40.74417,-74.002777
3829,Salinas,United States,Manhattan,spanish,40.743647,-74.003164
3830,Olde City,United States,Manhattan,sandwich,40.7436,-73.98616
3831,Tarallucci e Vino,United States,Manhattan,italian,40.784358,-73.973482
3832,La Vera Pizza,United States,Manhattan,pizza,40.794317,-73.972417
3833,Barney Greengrass,United States,Manhattan,bagel,40.787965,-73.974554
3834,Cantina Cubana,United States,Manhattan,cuban;mexican,40.722051,-73.983228
3835,Raoul's,United States,Manhattan,french,40.726244,-74.002053
3836,BLT Fish,United States,Manhattan,seafood,40.738528,-73.993377
3837,Aldea,United States,Manhattan,spanish,40.738725,-73.993795
3838,Chelsea Inn,United States,Manhattan,,40.738803,-73.994026
3839,Hollywood Diner,United States,Manhattan,diner,40.738714,-73.995623
3840,Flavabom,United States,Manhattan,,40.739417,-73.995113
3841,Guac Time,United States,Manhattan,mexican,40.73956,-73.995492
3842,Hakata TonTon,United States,Manhattan,japanese,40.7499,-73.985695
3843,Dinosaur Bar-B-Que,United States,Manhattan,barbecue,40.818145,-73.960819
3844,American Cut,United States,Manhattan,steak,40.719127,-74.010156
3845,Golden Unicorn,United States,Manhattan,chinese,40.713622,-73.99709
3846,Katsu Hama,United States,Manhattan,japanese,40.75644,-73.977537
3847,Sushi-tei,United States,Manhattan,japanese,40.756392,-73.977576
3848,Go! Go! Curry!,United States,Manhattan,japanese,40.754447,-73.990606
3849,San Marzano,United States,Manhattan,italian,40.727973,-73.988379
3850,"Paul's ""Da Burger Joint""",United States,Manhattan,burger,40.72852,-73.987947
3851,Mr. Keke,United States,Manhattan,ramen,40.729083,-73.990007
3852,Dim Sum Go Go,United States,Manhattan,chinese,40.713272,-73.997742
3853,Harlem Maison,United States,Manhattan,,40.812199,-73.951671
3854,Chat n Chew,United States,Manhattan,american;burger,40.736915,-73.992057
3855,Txikito,United States,Manhattan,basque,40.74739,-74.000411
3856,Riverpark,United States,Manhattan,american,40.73952,-73.973465
3857,Port Sa'id,United States,Manhattan,mediterranean,40.727902,-74.007029
3858,Sala Thai,United States,Manhattan,thai,40.780121,-73.980313
3859,Gari Columbus,United States,Manhattan,japanese;sushi,40.781173,-73.976285
3860,Arco Cafe,United States,Manhattan,sardinian,40.798733,-73.967219
3861,The Tang,United States,Manhattan,chinese,40.799957,-73.966301
3862,New Kam Lai,United States,Manhattan,chinese,40.798803,-73.967168
3863,Noche Mexicana,United States,Manhattan,mexican,40.797421,-73.968132
3864,Tacqueria 86,United States,Manhattan,mexican,40.792974,-73.972155
3865,Calaveras Corner,United States,Manhattan,mexican,40.800662,-73.965782
3866,Plum,United States,Manhattan,vietnamese,40.793011,-73.972235
3867,Dim Sum Palace,United States,Manhattan,chinese,40.725938,-73.989838
3868,Kissaki,United States,Manhattan,japanese,40.725341,-73.9919
3869,Cozy Soup 'n' Burger,United States,Manhattan,diner,40.730046,-73.993058
3870,The GRID,United States,Manhattan,american,40.727943,-73.9943
3871,The Black Ant,United States,Manhattan,mexican,40.725766,-73.989502
3872,Ballato,United States,Manhattan,italian,40.724597,-73.994511
3873,Le Souk New York - Restaurant & Hookah Lounge,United States,Manhattan,moroccan,40.727911,-73.999274
3874,Dos Caminos,United States,Manhattan,mexican,40.726669,-73.999972
3875,Linen Hall,United States,Manhattan,american;pub;brunch,40.732343,-73.987634
3876,Hags,United States,Manhattan,eclectic,40.728974,-73.984523
3877,Love Mama,United States,Manhattan,malaysian;thai;vietnamese,40.730404,-73.986126
3878,Hou Hot Pot,United States,Manhattan,chinese,40.731052,-73.990231
3879,Tim Ho Wan,United States,Manhattan,dim_sum;chinese,40.731333,-73.99015
3880,Leon's,United States,Manhattan,continental,40.733256,-73.991489
3881,Hunan Bistro,United States,Manhattan,chinese,40.732337,-73.988116
3882,Glaze Teriyaki,United States,Manhattan,japanese;teriyaki,40.734306,-73.992646
3883,Villanelle,United States,Manhattan,american,40.734273,-73.99338
3884,Pranakhon,United States,Manhattan,thai,40.733693,-73.99316
3885,Manuela,United States,Manhattan,,40.725385,-74.000397
3886,La Pecora Bianca,United States,Manhattan,italian,40.723501,-73.996308
3887,Santo Taco,United States,Manhattan,mexican,40.721361,-73.997634
3888,Ruby's,United States,Manhattan,american;breakfast,40.722304,-73.996228
3889,Champers Social Club,United States,Manhattan,french;breakfast,40.721489,-73.998852
3890,Upside Pizza,United States,Manhattan,pizza,40.722102,-73.996422
3891,Jack’s Wife Freda,United States,Manhattan,mediterranean;american;brunch,40.722287,-73.997374
3892,Grand Street Social,United States,Manhattan,american,40.719883,-73.99901
3893,Rintintin,United States,Manhattan,mediterranean,40.72127,-73.994829
3894,Thai Diner,United States,Manhattan,thai,40.720744,-73.995702
3895,Piacere,United States,Manhattan,italian,40.719684,-73.995103
3896,Ki Mi Ka,United States,Manhattan,asian;italian;eclectic,40.720565,-73.995171
3897,Sunny & Annie’s Deli,United States,Manhattan,,40.724636,-73.981679
3898,Tabetomo,United States,Manhattan,japanese,40.72688,-73.983115
3899,Ruby's Cafe,United States,Manhattan,australian,40.743619,-73.979891
3900,Hummus Kitchen,United States,Manhattan,middle_eastern,40.743692,-73.979838
3901,Mamazul Mexican Grill,United States,Manhattan,mexican,40.744474,-73.989036
3902,Hee Korean BBQ Grill,United States,Manhattan,korean,40.745394,-73.991203
3903,Bar Moga,United States,Manhattan,japanese;cocktails,40.727761,-74.00115
3904,Biagio Ristorante,Canada,Downtown Toronto,italian,43.650217,-79.372394
3905,P.J. O'Brien Restaurant,Canada,Downtown Toronto,,43.648898,-79.375326
3906,Mercatto Restaurant,Canada,Downtown Toronto,,43.650241,-79.376032
3907,,Canada,Downtown Toronto,italian,43.650753,-79.376182
3908,BLD Restaurant,Canada,Downtown Toronto,,43.650687,-79.376692
3909,Fran's Restaurant,Canada,Downtown Toronto,,43.654383,-79.378978
3910,Ceci Bar,Canada,Downtown Toronto,,43.647173,-79.376773
3911,Milestones,Canada,Downtown Toronto,bar_and_grill,43.656585,-79.380539
3912,The Joneses,Canada,Downtown Toronto,,43.647738,-79.37702
3913,Sukho Thai,Canada,Downtown Toronto,thai,43.648565,-79.374601
3914,Hothouse Restaurant & Bar,Canada,Downtown Toronto,italian,43.648819,-79.373688
3915,Yeti Kitchen,Canada,Downtown Toronto,,43.653726,-79.37369
3916,Philthy Philly's,Canada,Downtown Toronto,sandwich;american,43.656805,-79.376256
3917,Jack Astor's,Canada,Downtown Toronto,american,43.656598,-79.380406
3918,Spring Sushi,Canada,Downtown Toronto,sushi,43.656542,-79.380457
3919,3 Brewers,Canada,Downtown Toronto,burger;pizza;seafood,43.655502,-79.38038
3920,Paramount Middle Eastern Cuisine and Bakery,Canada,Downtown Toronto,,43.65506,-79.380157
3921,Asian Bowl,Canada,Downtown Toronto,,43.65538,-79.380334
3922,Pizza maru,Canada,Downtown Toronto,pizza;korean,43.659923,-79.378723
3923,Katsuya,Canada,Downtown Toronto,japanese,43.659894,-79.378876
3924,The Resevoir Lounge,Canada,Downtown Toronto,,43.64858,-79.374533
3925,Uncle Tony's,Canada,Downtown Toronto,italian,43.64847,-79.375011
3926,Portico,Canada,Downtown Toronto,,43.651782,-79.378028
3927,Freshii,Canada,Downtown Toronto,salad,43.649934,-79.374855
3928,St. Louis Bar & Grill,Canada,Downtown Toronto,chicken,43.649874,-79.375132
3929,Carisma,Canada,Downtown Toronto,,43.650352,-79.376084
3930,Swaagat,Canada,Downtown Toronto,indian,43.649641,-79.376381
3931,Fran's Restaurant,Canada,Downtown Toronto,,43.647574,-79.376017
3932,Don Alfonso 1890,Canada,Downtown Toronto,,43.65047,-79.376146
3933,Sansotei Ramen,Canada,Downtown Toronto,japanese,43.650899,-79.377091
3934,Pumpernickel's,Canada,Downtown Toronto,,43.650942,-79.376904
3935,Khazana,Canada,Downtown Toronto,,43.65518,-79.380246
3936,BiBab Express Sushi N Rolls,Canada,Downtown Toronto,sushi,43.647793,-79.376106
3937,Biff's,Canada,Downtown Toronto,steak_house,43.647456,-79.376262
3938,Woods,Canada,Downtown Toronto,,43.648956,-79.375002
3939,Chadani,Canada,Downtown Toronto,indian,43.649008,-79.374789
3940,Nami Japanese Restaurant,Canada,Downtown Toronto,,43.65077,-79.375843
3941,,Canada,Downtown Toronto,,43.66149,-79.380447
3942,Bocconcini Pizza and Wings,Canada,Downtown Toronto,pizza,43.660206,-79.377644
3943,Som Tum Jinda,Canada,Downtown Toronto,thai,43.660061,-79.378168
3944,Jazz Bistro,Canada,Downtown Toronto,,43.655813,-79.379061
3945,PomAnar Grill & Juicery,Canada,Downtown Toronto,,43.656035,-79.378385
3946,Hokkaido Ramen Santouka,Canada,Downtown Toronto,japanese,43.656265,-79.37755
3947,Jack Astor's,Canada,Downtown Toronto,american,43.65659,-79.379843
3948,Triple A Bar,Canada,Downtown Toronto,,43.65177,-79.372823
3949,Golden Thai,Canada,Downtown Toronto,thai,43.65237,-79.375224
3950,Gyu-Kaku,Canada,Downtown Toronto,japanese;barbecue,43.65162,-79.374904
3951,Senator Restaurant,Canada,Downtown Toronto,,43.655733,-79.379171
3952,La Bettola Di Terroni,Canada,Downtown Toronto,italian,43.652018,-79.377965
3953,The Senator Restaurant,Canada,Downtown Toronto,,43.655325,-79.378989
3954,Kinka Izakaya,Canada,Downtown Toronto,,43.660454,-79.379152
3955,Beleaf,Canada,Downtown Toronto,vietnamese,43.661377,-79.38096
3956,Gurume Sushi,Canada,Downtown Toronto,sushi;japanese,43.66141,-79.380845
3957,Kanpai Snack Bar,Canada,Downtown Toronto,,43.655115,-79.380219
3958,Hawthorne Food & Drink,Canada,Downtown Toronto,,43.652379,-79.376304
3959,T.C.J. Restaurant,Canada,Downtown Toronto,asian,43.653384,-79.37533
3960,Wild Wing,Canada,Downtown Toronto,chicken,43.652593,-79.37536
3961,Pi Co.,Canada,Downtown Toronto,pizza,43.649329,-79.374345
3962,Golden Diner Family Restaurant,Canada,Downtown Toronto,,43.662152,-79.377448
3963,Cantina Mercatto,Canada,Downtown Toronto,italian,43.648154,-79.37675
3964,Chachu's,Canada,Downtown Toronto,international;pakistani,43.657168,-79.378508
3965,Vegan Bear,Canada,Downtown Toronto,,43.657272,-79.38113
3966,Ajisen Ramens,Canada,Downtown Toronto,ramen,43.66177,-79.379101
3967,Terroni,Canada,Downtown Toronto,italian,43.650855,-79.3755
3968,Laziz Curry Kitchen,Canada,Downtown Toronto,indian,43.656759,-79.375304
3969,Grillies,Canada,Downtown Toronto,mexican;burger,43.656741,-79.375386
3970,Gyukatsu Kyoto Katsuguyu,Canada,Downtown Toronto,japanese,43.65683,-79.37619
3971,Pi Co,Canada,Downtown Toronto,pizza,43.661685,-79.37947
3972,The Lexington,Canada,Downtown Toronto,,43.661304,-79.380596
3973,Piano Piano,Canada,Downtown Toronto,,43.64904,-79.374657
3974,Salus,Canada,Downtown Toronto,,43.652595,-79.378996
3975,,Canada,Downtown Toronto,sushi,43.65649,-79.377917
3976,Charcoal Kebab House,Canada,Downtown Toronto,uyghur,43.657701,-79.376237
3977,Delhi Momos,Canada,Downtown Toronto,indian;dumplings,43.657171,-79.378451
3978,Convivium Dining Community,Canada,Downtown Toronto,,43.649625,-79.37791
3979,OJA,Canada,Downtown Toronto,korean,43.649666,-79.376705
3980,Kiyomio,Canada,Downtown Toronto,japanese,43.660078,-79.37812
3981,Crying Tiger,Canada,Downtown Toronto,thai,43.660062,-79.378215
3982,Le Lert,Canada,Downtown Toronto,thai,43.6613,-79.381369
3983,J-San Sushi Bar,Canada,Downtown Toronto,sushi,43.656356,-79.374503
3984,Alpha’s Shawarma,Canada,Downtown Toronto,arab;kebab;lebanese;mediterranean,43.654852,-79.380097
3985,Toks,Mexico,Cuauhtémoc,mexican,19.345309,-99.1723
3986,La Estación,Mexico,Cuauhtémoc,,19.388517,-99.19095
3987,Taquería La Onda,Mexico,Cuauhtémoc,,19.427638,-99.211661
3988,Barracuda Diner,Mexico,Cuauhtémoc,,19.415973,-99.169672
3989,La Biela,Mexico,Cuauhtémoc,,19.416362,-99.170608
3990,,Mexico,Cuauhtémoc,,19.39583,-99.176207
3991,Chili's,Mexico,Cuauhtémoc,tex-mex,19.395757,-99.171977
3992,La Strega,Mexico,Cuauhtémoc,,19.395322,-99.172229
3993,El Samurai,Mexico,Cuauhtémoc,japanese,19.39427,-99.178448
3994,Wings Puerto Aereo,Mexico,Cuauhtémoc,,19.434361,-99.088751
3995,Suntory,Mexico,Cuauhtémoc,japanese,19.392707,-99.171806
3996,Japanese,Mexico,Cuauhtémoc,,19.390275,-99.172189
3997,Pizza Hut,Mexico,Cuauhtémoc,pizza,19.397131,-99.164104
3998,La Mansion,Mexico,Cuauhtémoc,mexican,19.390822,-99.173121
3999,Sanborns,Mexico,Cuauhtémoc,,19.386909,-99.174295
4000,Pajares,Mexico,Cuauhtémoc,,19.393054,-99.174937
4001,Bahía Capital,Mexico,Cuauhtémoc,,19.386647,-99.175062
4002,Le Gourmet,Mexico,Cuauhtémoc,,19.394006,-99.175485
4003,Rafaello's,Mexico,Cuauhtémoc,,19.39297,-99.175794
4004,Giancarlo's,Mexico,Cuauhtémoc,,19.388817,-99.178082
4005,China Inn,Mexico,Cuauhtémoc,,19.388701,-99.177709
4006,Vips,Mexico,Cuauhtémoc,mexican,19.384306,-99.175222
4007,,Mexico,Cuauhtémoc,,19.434965,-99.088438
4008,,Mexico,Cuauhtémoc,,19.432307,-99.164334
4009,El Haurache Veloz,Mexico,Cuauhtémoc,,19.295018,-99.18195
4010,Diablito Blue,Mexico,Cuauhtémoc,,19.294891,-99.132074
4011,Vips,Mexico,Cuauhtémoc,,19.296627,-99.154183
4012,El Portón,Mexico,Cuauhtémoc,,19.293779,-99.123924
4013,Toks,Mexico,Cuauhtémoc,mexican,19.48641,-99.094139
4014,El Porton,Mexico,Cuauhtémoc,,19.47848,-99.095267
4015,,Mexico,Cuauhtémoc,,19.289111,-99.166743
4016,Azul y Oro,Mexico,Cuauhtémoc,,19.313665,-99.185016
4017,Sanborn's Las Águilas,Mexico,Cuauhtémoc,,19.347528,-99.231822
4018,Gino's Insurgentes,Mexico,Cuauhtémoc,,19.370567,-99.179735
4019,Ornela,Mexico,Cuauhtémoc,,19.356507,-99.154989
4020,Potzolcalli,Mexico,Cuauhtémoc,mexican,19.345389,-99.168376
4021,Fonda 99.99,Mexico,Cuauhtémoc,mexican,19.375342,-99.173632
4022,Konditori,Mexico,Cuauhtémoc,,19.375182,-99.178891
4023,El Fogoncito,Mexico,Cuauhtémoc,mexican,19.36618,-99.17911
4024,Vips,Mexico,Cuauhtémoc,mexican,19.421674,-99.163374
4025,Nagaoka,Mexico,Cuauhtémoc,japanese,19.391543,-99.174695
4026,Vips,Mexico,Cuauhtémoc,mexican,19.407853,-99.133711
4027,Saint Crepier,Mexico,Cuauhtémoc,,19.345124,-99.169567
4028,Haru Maki,Mexico,Cuauhtémoc,sushi,19.345156,-99.169811
4029,Happy's Pizza,Mexico,Cuauhtémoc,pizza,19.345139,-99.169654
4030,Tamales Flor de Lis,Mexico,Cuauhtémoc,mexican,19.345188,-99.170093
4031,Sushi Itto,Mexico,Cuauhtémoc,sushi,19.345991,-99.177033
4032,O'Xacobeo,Mexico,Cuauhtémoc,spanish,19.419553,-99.160909
4033,San José,Mexico,Cuauhtémoc,,19.367561,-99.181805
4034,La Posta,Mexico,Cuauhtémoc,italian,19.344947,-99.157855
4035,Fisher's,Mexico,Cuauhtémoc,,19.388903,-99.176777
4036,Café Palacio,Mexico,Cuauhtémoc,,19.393007,-99.17322
4037,,Mexico,Cuauhtémoc,pizza,19.391172,-99.17687
4038,Pizza Hut,Mexico,Cuauhtémoc,pizza,19.378699,-99.148068
4039,Wings,Mexico,Cuauhtémoc,,19.375735,-99.140967
4040,Benedetis Pizza,Mexico,Cuauhtémoc,,19.408456,-99.161621
4041,Vips,Mexico,Cuauhtémoc,mexican,19.351273,-99.186465
4042,Hooters,Mexico,Cuauhtémoc,burger,19.349952,-99.186437
4043,Sushi Roll,Mexico,Cuauhtémoc,,19.388597,-99.174226
4044,Frankfurt,Mexico,Cuauhtémoc,,19.409406,-99.175554
4045,Specia,Mexico,Cuauhtémoc,,19.41065,-99.167816
4046,1900,Mexico,Cuauhtémoc,,19.289136,-99.166856
4047,Italiannis,Mexico,Cuauhtémoc,,19.411279,-99.155382
4048,Vips,Mexico,Cuauhtémoc,,19.33004,-99.211556
4049,IHOP,Mexico,Cuauhtémoc,breakfast;pancake,19.394451,-99.172955
4050,Taquería El Huequito,Mexico,Cuauhtémoc,mexican,19.381979,-99.179864
4051,Vips Axomiatla,Mexico,Cuauhtémoc,,19.341633,-99.248667
4052,Vips,Mexico,Cuauhtémoc,mexican,19.506499,-99.146094
4053,Restaurant Villa Dante,Mexico,Cuauhtémoc,,19.3672,-99.279492
4054,Toks,Mexico,Cuauhtémoc,,19.357174,-99.198948
4055,El Tizoncito,Mexico,Cuauhtémoc,mexican,19.359697,-99.19784
4056,Toks,Mexico,Cuauhtémoc,mexican,19.363316,-99.189427
4057,Toks,Mexico,Cuauhtémoc,mexican,19.364185,-99.160845
4058,La Tavola,Mexico,Cuauhtémoc,italian,19.392135,-99.170809
4059,Casa de Pepe,Mexico,Cuauhtémoc,mexican,19.369798,-99.180513
4060,Sushi Roll,Mexico,Cuauhtémoc,,19.389315,-99.173689
4061,Ruben's Hamburgers Insurgentes,Mexico,Cuauhtémoc,burger,19.38873,-99.173882
4062,Deigo,Mexico,Cuauhtémoc,japanese,19.377978,-99.161535
4063,El Rincón del Parque,Mexico,Cuauhtémoc,,19.379605,-99.161978
4064,Pizzas Plaza Coyoacán,Mexico,Cuauhtémoc,pizza,19.344875,-99.163867
4065,El Tizoncito,Mexico,Cuauhtémoc,tacos,19.350756,-99.162511
4066,Giornale,Mexico,Cuauhtémoc,,19.428225,-99.217147
4067,Garabatos Insurgentes,Mexico,Cuauhtémoc,,19.394873,-99.172468
4068,Hooters,Mexico,Cuauhtémoc,burger,19.389106,-99.173747
4069,"Area de comidas, Mercado San Juan de Aragón sec. 2",Mexico,Cuauhtémoc,,19.453788,-99.085408
4070,Fresas,Mexico,Cuauhtémoc,,19.339363,-99.310863
4071,,Mexico,Cuauhtémoc,,19.33386,-99.310076
4072,Vips,Mexico,Cuauhtémoc,mexican,19.419868,-99.095199
4073,Gino's Guadalupe Inn,Mexico,Cuauhtémoc,italian,19.357959,-99.18432
4074,El Gallito,Mexico,Cuauhtémoc,mexican,19.403281,-99.169102
4075,Pane en Via,Mexico,Cuauhtémoc,,19.405154,-99.169207
4076,Séptimo,Mexico,Cuauhtémoc,pizza,19.347441,-99.163464
4077,Fonda San Angel,Mexico,Cuauhtémoc,mexican,19.344943,-99.191617
4078,El Charco de las Ranas,Mexico,Cuauhtémoc,mexican,19.370767,-99.185627
4079,Café Papalotl,Mexico,Cuauhtémoc,mexican,19.336361,-99.183575
4080,Trattoria Urbana,Mexico,Cuauhtémoc,italian,19.337058,-99.183429
4081,Allende,Mexico,Cuauhtémoc,argentinian,19.336981,-99.18319
4082,El Morral,Mexico,Cuauhtémoc,mexican,19.350425,-99.16175
4083,Kam Ling,Mexico,Cuauhtémoc,chinese,19.349549,-99.16092
4084,El Sheik,Mexico,Cuauhtémoc,arab,19.356611,-99.168455
4085,Sushi-itto Coyoacán,Mexico,Cuauhtémoc,sushi,19.356291,-99.168564
4086,Toks,Mexico,Cuauhtémoc,mexican,19.388825,-99.040865
4087,,Mexico,Cuauhtémoc,,19.292306,-99.120209
4088,Julius Pizza / Telcoda NG,Mexico,Cuauhtémoc,,19.336416,-99.136808
4089,Gelee,Mexico,Cuauhtémoc,,19.373693,-99.160668
4090,"Pozoleria ""La Troje""",Mexico,Cuauhtémoc,spanish,19.399705,-99.124816
4091,Vips,Mexico,Cuauhtémoc,mexican,19.472099,-99.121572
4092,Bisquets Obregón,Mexico,Cuauhtémoc,,19.471922,-99.123432
4093,Pizzas Tomy,Mexico,Cuauhtémoc,pizza,19.472049,-99.123743
4094,La Casa del Pavo,Mexico,Cuauhtémoc,mexican,19.432685,-99.137356
4095,,Mexico,Cuauhtémoc,sushi,19.473327,-99.127453
4096,Apolo,Mexico,Cuauhtémoc,,19.467232,-99.121301
4097,El Portón,Mexico,Cuauhtémoc,mexican,19.469517,-99.116152
4098,Chili's,Mexico,Cuauhtémoc,tex-mex,19.469631,-99.116581
4099,El Parnita,Mexico,Cuauhtémoc,mexican,19.414082,-99.162599
4100,Cluny,Mexico,Cuauhtémoc,french,19.346404,-99.189348
4101,El Tizoncito,Mexico,Cuauhtémoc,,19.316529,-99.125865
4102,Piola,Mexico,Cuauhtémoc,italian,19.359413,-99.270189
4103,Prime House,Mexico,Cuauhtémoc,steak_house,19.359603,-99.269904
4104,tacos el güero,Mexico,Cuauhtémoc,,19.365626,-99.175742
4105,Vips,Mexico,Cuauhtémoc,mexican,19.43295,-99.160157
4106,Belmondo,Mexico,Cuauhtémoc,sandwich,19.419719,-99.157678
4107,MOG,Mexico,Cuauhtémoc,japanese,19.418695,-99.156465
4108,Sanborns,Mexico,Cuauhtémoc,,19.265163,-99.11457
4109,Meson De Los Leones,Mexico,Cuauhtémoc,mexican,19.355597,-99.162581
4110,Casa Bell,Mexico,Cuauhtémoc,,19.425008,-99.169735
4111,Hooters,Mexico,Cuauhtémoc,burger,19.42766,-99.170927
4112,,Mexico,Cuauhtémoc,,19.410026,-99.183553
4113,Falafelito,Mexico,Cuauhtémoc,,19.410148,-99.170376
4114,Cafebrería El Péndulo,Mexico,Cuauhtémoc,,19.410544,-99.172978
4115,Odün,Mexico,Cuauhtémoc,thai,19.411638,-99.175922
4116,Marcelino Pan&Vino,Mexico,Cuauhtémoc,coffee_shop,19.412501,-99.173537
4117,La Buena Tierra,Mexico,Cuauhtémoc,,19.411688,-99.174955
4118,Sep's,Mexico,Cuauhtémoc,,19.411688,-99.17401
4119,Anónimo Restaurante,Mexico,Cuauhtémoc,pizza;international,19.411338,-99.175483
4120,El Ocho,Mexico,Cuauhtémoc,,19.41018,-99.169968
4121,Karma Bagels,Mexico,Cuauhtémoc,,19.411205,-99.172291
4122,Moshi Moshi,Mexico,Cuauhtémoc,sushi,19.411383,-99.173242
4123,Restaurante Bar Nuevo León,Mexico,Cuauhtémoc,,19.411644,-99.172495
4124,Creperie de la Paix,Mexico,Cuauhtémoc,french,19.411672,-99.175787
4125,Quebracho,Mexico,Cuauhtémoc,argentinian,19.411874,-99.175141
4126,Buffalucas,Mexico,Cuauhtémoc,,19.41271,-99.174409
4127,Restaurante Ki-K,Mexico,Cuauhtémoc,mediterranean,19.412852,-99.174669
4128,La Vineria,Mexico,Cuauhtémoc,italian,19.413024,-99.175034
4129,Café la Gloria,Mexico,Cuauhtémoc,,19.411755,-99.175519
4130,Grapelli,Mexico,Cuauhtémoc,italian,19.411621,-99.176626
4131,,Mexico,Cuauhtémoc,,19.41062,-99.167636
4132,Trattoria La Tanna,Mexico,Cuauhtémoc,italian,19.411613,-99.176933
4133,La Morena,Mexico,Cuauhtémoc,seafood,19.41169,-99.174817
4134,Garufa,Mexico,Cuauhtémoc,,19.411687,-99.174704
4135,,Mexico,Cuauhtémoc,,19.412052,-99.172645
4136,Bonito (Barragán design),Mexico,Cuauhtémoc,,19.411412,-99.172178
4137,Xel Ha,Mexico,Cuauhtémoc,mexican,19.411691,-99.174491
4138,,Mexico,Cuauhtémoc,,19.41096,-99.168762
4139,Mi Cantina,Mexico,Cuauhtémoc,,19.410532,-99.166135
4140,,Mexico,Cuauhtémoc,,19.410947,-99.168726
4141,,Mexico,Cuauhtémoc,,19.41089,-99.168556
4142,,Mexico,Cuauhtémoc,,19.410818,-99.168288
4143,Restaurante Nonna,Mexico,Cuauhtémoc,italian,19.41076,-99.168162
4144,La Barra,Mexico,Cuauhtémoc,argentinian;italian,19.411685,-99.173596
4145,Streetfood stall,Mexico,Cuauhtémoc,fast_food,19.416935,-99.159265
4146,El Diez,Mexico,Cuauhtémoc,,19.417993,-99.159825
4147,Orbita,Mexico,Cuauhtémoc,mexican;coffee_shop,19.417884,-99.159776
4148,Marcello,Mexico,Cuauhtémoc,,19.418079,-99.15954
4149,Sanborns Peralvillo,Mexico,Cuauhtémoc,international,19.462087,-99.127154
4150,100 Montaditos,Mexico,Cuauhtémoc,spanish,19.412722,-99.167036
4151,Cafebrería El Péndulo,Mexico,Cuauhtémoc,,19.418206,-99.158882
4152,Delirio,Mexico,Cuauhtémoc,sandwich,19.417235,-99.163941
4153,Vips,Mexico,Cuauhtémoc,mexican,19.424368,-99.153979
4154,Taco Game,Mexico,Cuauhtémoc,tacos,19.40574,-99.177175
4155,Pizza Amore,Mexico,Cuauhtémoc,pizza,19.415576,-99.169563
4156,Alma de Quetzal,Mexico,Cuauhtémoc,mexican,19.42515,-99.155022
4157,Lucille,Mexico,Cuauhtémoc,pizza,19.418991,-99.160078
4158,El Portón,Mexico,Cuauhtémoc,mexican,19.424637,-99.153974
4159,Especias,Mexico,Cuauhtémoc,international,19.471353,-99.098864
4160,El Mesón del Abuelo,Mexico,Cuauhtémoc,mexican,19.465229,-99.180666
4161,Marcopolo,Mexico,Cuauhtémoc,italian,19.465266,-99.1812
4162,Salamandra,Mexico,Cuauhtémoc,mexican,19.465102,-99.181634
4163,La Fondue,Mexico,Cuauhtémoc,,19.348666,-99.162979
4164,Vapiano,Mexico,Cuauhtémoc,italian,19.367942,-99.259811
4165,Vapiano,Mexico,Cuauhtémoc,italian,19.441191,-99.203478
4166,Vapiano,Mexico,Cuauhtémoc,italian,19.446572,-99.1359
4167,Spiritello Trattoria Pizza,Mexico,Cuauhtémoc,italian,19.323008,-99.134545
4168,Frutos Prohibidos,Mexico,Cuauhtémoc,,19.417355,-99.159635
4169,Villa María,Mexico,Cuauhtémoc,mexican,19.435512,-99.192498
4170,CarbónVino - Keparrilla,Mexico,Cuauhtémoc,spanish,19.41228,-99.173471
4171,El Merito de Mar,Mexico,Cuauhtémoc,seafood,19.412482,-99.173294
4172,50 Friends,Mexico,Cuauhtémoc,pizza,19.412685,-99.172683
4173,Pablo el Erizo,Mexico,Cuauhtémoc,mexican,19.411805,-99.172522
4174,Terré,Mexico,Cuauhtémoc,international,19.410515,-99.175698
4175,Casa Rosalía,Mexico,Cuauhtémoc,spanish,19.431066,-99.141139
4176,Torteria Los Gueros,Mexico,Cuauhtémoc,mexican,19.414433,-99.157399
4177,Cantina El Sella,Mexico,Cuauhtémoc,mexican,19.414875,-99.153171
4178,"Cocina económica ""El zarape""",Mexico,Cuauhtémoc,regional,19.406385,-99.156619
4179,"Taquería ""El Sismo""",Mexico,Cuauhtémoc,,19.406302,-99.156624
4180,"""Los sabores de México""",Mexico,Cuauhtémoc,regional,19.406262,-99.156616
4181,"Mariscos ""Margarito""",Mexico,Cuauhtémoc,regional,19.407216,-99.156886
4182,,Mexico,Cuauhtémoc,,19.494342,-99.113499
4183,,Mexico,Cuauhtémoc,,19.494522,-99.11352
4184,La casa del pan,Mexico,Cuauhtémoc,,19.352383,-99.165229
4185,Cafetería Moheli,Mexico,Cuauhtémoc,international,19.349349,-99.16444
4186,Moshi Moshi,Mexico,Cuauhtémoc,sushi,19.359527,-99.270034
4187,Restaurante Escuela Zéfiro,Mexico,Cuauhtémoc,mexican,19.427328,-99.138078
4188,Chili's,Mexico,Cuauhtémoc,tex-mex,19.436936,-99.207016
4189,Sanborns,Mexico,Cuauhtémoc,,19.437562,-99.2069
4190,El Rincon Argentino,Mexico,Cuauhtémoc,argentinian,19.431643,-99.188922
4191,Pizza Hut,Mexico,Cuauhtémoc,pizza,19.433353,-99.184968
4192,El Popular,Mexico,Cuauhtémoc,,19.434267,-99.135392
4193,La Pagoda,Mexico,Cuauhtémoc,regional,19.434749,-99.139469
4194,Pollo Feliz,Mexico,Cuauhtémoc,Rosticería,19.350165,-99.146065
4195,Aquí está Texcoco,Mexico,Cuauhtémoc,mexican,19.346019,-99.148572
4196,El Buen Bife,Mexico,Cuauhtémoc,argentinian,19.345123,-99.157687
4197,El Gnomo,Mexico,Cuauhtémoc,burger,19.341966,-99.18137
4198,Los 3 poblanos,Mexico,Cuauhtémoc,mexican,19.335763,-99.17738
4199,Ave María,Mexico,Cuauhtémoc,italian,19.348851,-99.163611
4200,Los Danzantes,Mexico,Cuauhtémoc,mexican,19.348872,-99.163687
4201,Entrevero,Mexico,Cuauhtémoc,uruguayan,19.348892,-99.163758
4202,La Esquina de los Milagros,Mexico,Cuauhtémoc,mexican,19.348977,-99.16421
4203,El Farolito,Mexico,Cuauhtémoc,,19.406525,-99.172792
4204,El Califa,Mexico,Cuauhtémoc,mexican,19.406345,-99.172516
4205,Fishers,Mexico,Cuauhtémoc,fish,19.432848,-99.185078
4206,Hooters,Mexico,Cuauhtémoc,american,19.438133,-99.200771
4207,Al Andalus,Mexico,Cuauhtémoc,lebanese,19.427728,-99.129098
4208,Pizza Hut,Mexico,Cuauhtémoc,pizza,19.292548,-99.178037
4209,,Mexico,Cuauhtémoc,pizza,19.368969,-99.074401
4210,Cocina Dos,Mexico,Cuauhtémoc,mexican,19.386137,-99.058955
4211,Antojitos Los Amigos,Mexico,Cuauhtémoc,regional,19.284033,-99.186159
4212,Comedor Comunitario,Mexico,Cuauhtémoc,,19.284389,-99.18638
4213,Vicoo's Pizza,Mexico,Cuauhtémoc,pizza,19.288545,-99.179876
4214,El Asadero Argentino,Mexico,Cuauhtémoc,,19.291565,-99.174314
4215,Chetito,Mexico,Cuauhtémoc,Asador_Argentino,19.415909,-99.164883
4216,Club Naval del Sur,Mexico,Cuauhtémoc,,19.319194,-99.125034
4217,Pizza Hut,Mexico,Cuauhtémoc,pizza,19.300951,-99.113344
4218,Pollos Rio,Mexico,Cuauhtémoc,chicken,19.3158,-99.124545
4219,Toks Miramontes,Mexico,Cuauhtémoc,international,19.322482,-99.133343
4220,Toks,Mexico,Cuauhtémoc,mexican,19.447908,-99.206907
4221,Vips,Mexico,Cuauhtémoc,mexican,19.453331,-99.198181
4222,Potzolcalli,Mexico,Cuauhtémoc,,19.478035,-99.18471
4223,Meson Taurino,Mexico,Cuauhtémoc,,19.47957,-99.186368
4224,Curchis Chicken,Mexico,Cuauhtémoc,,19.479599,-99.187688
4225,VIPS Refineria,Mexico,Cuauhtémoc,,19.470852,-99.190864
4226,El Portón Azcapotzalco,Mexico,Cuauhtémoc,,19.471425,-99.193031
4227,Vips,Mexico,Cuauhtémoc,mexican,19.46805,-99.176822
4228,Los Bisquests Obregon,Mexico,Cuauhtémoc,,19.469125,-99.176584
4229,Benedetti´s Pizza,Mexico,Cuauhtémoc,pizza,19.470657,-99.167886
4230,Tortas Robles,Mexico,Cuauhtémoc,,19.43596,-99.146528
4231,El Rincón Zapatista,Mexico,Cuauhtémoc,,19.422004,-99.138539
4232,Julius Pizza,Mexico,Cuauhtémoc,,19.394233,-99.179801
4233,La RE Pizza,Mexico,Cuauhtémoc,,19.392745,-99.179484
4234,Asados Don Abel,Mexico,Cuauhtémoc,mexican;steak_house,19.42991,-99.16559
4235,Rey del Taco,Mexico,Cuauhtémoc,Tacos,19.351613,-99.151584
4236,Valencia Express,Mexico,Cuauhtémoc,spanish,19.425973,-99.170965
4237,Musume,Mexico,Cuauhtémoc,japanese,19.427236,-99.171257
4238,Daikoku,Mexico,Cuauhtémoc,japanese,19.428427,-99.171899
4239,Les Moustaches,Mexico,Cuauhtémoc,french,19.429633,-99.165622
4240,Las Tinajas,Mexico,Cuauhtémoc,spanish,19.429084,-99.173131
4241,Centro Castellano,Mexico,Cuauhtémoc,spanish,19.431119,-99.139989
4242,Jamón Jamón,Mexico,Cuauhtémoc,spanish,19.417846,-99.160832
4243,Vips,Mexico,Cuauhtémoc,mexican,19.415844,-99.127601
4244,La Casa de los Tacos,Mexico,Cuauhtémoc,mexican,19.348259,-99.163292
4245,Cambalache,Mexico,Cuauhtémoc,argentinian,19.370939,-99.17966
4246,Pizza Hut,Mexico,Cuauhtémoc,pizza,19.470458,-99.1686
4247,Sanborns,Mexico,Cuauhtémoc,international,19.454473,-99.13109
4248,La Sazón de Tlalpan,Mexico,Cuauhtémoc,,19.289085,-99.166683
4249,Tamayo,Mexico,Cuauhtémoc,,19.289146,-99.166381
4250,El Portón,Mexico,Cuauhtémoc,,19.445993,-99.15297
4251,La Gloria,Mexico,Cuauhtémoc,mexican,19.335049,-99.179585
4252,Pizza Copilco,Mexico,Cuauhtémoc,,19.33499,-99.179425
4253,Pizzería Copilco,Mexico,Cuauhtémoc,pizza,19.334632,-99.178393
4254,,Mexico,Cuauhtémoc,international,19.289266,-99.163769
4255,Rancho Tollocan,Mexico,Cuauhtémoc,,19.305882,-99.125235
4256,La Montejo,Mexico,Cuauhtémoc,,19.403976,-99.171679
4257,El 123,Mexico,Cuauhtémoc,,19.433252,-99.149387
4258,"Tamales ""Teresita""",Mexico,Cuauhtémoc,,19.448601,-99.145165
4259,Los Torritos,Mexico,Cuauhtémoc,,19.282425,-99.165049
4260,,Mexico,Cuauhtémoc,,19.431976,-99.129217
4261,Vips,Mexico,Cuauhtémoc,mexican,19.417916,-99.105387
4262,Antojeria la Guille II,Mexico,Cuauhtémoc,mexican,19.36636,-99.143909
4263,Kolobok,Mexico,Cuauhtémoc,Russian_food,19.381356,-99.157483
4264,Chili's,Mexico,Cuauhtémoc,tex-mex,19.373967,-99.163264
4265,El Churro Feliz,Mexico,Cuauhtémoc,,19.332542,-99.152715
4266,Hooters,Mexico,Cuauhtémoc,burger,19.374663,-99.162161
4267,La Cervecería de Barrio,Mexico,Cuauhtémoc,,19.377237,-99.160962
4268,COBÁ FONDA YUCATECA,Mexico,Cuauhtémoc,mexican,19.377712,-99.160578
4269,EL CALIFA,Mexico,Cuauhtémoc,mexican,19.376812,-99.160798
4270,El Afán,Mexico,Cuauhtémoc,mexican,19.380881,-99.15818
4271,Marina Bistro,Mexico,Cuauhtémoc,seafood,19.380877,-99.158413
4272,Pitas Saleh,Mexico,Cuauhtémoc,arab,19.382997,-99.156935
4273,Bistro Cheny,Mexico,Cuauhtémoc,,19.383161,-99.15687
4274,El Viejo Camilo,Mexico,Cuauhtémoc,grill,19.38572,-99.155439
4275,Barnabeu Tapas,Mexico,Cuauhtémoc,spanish_food,19.387268,-99.154495
4276,El Sencillito,Mexico,Cuauhtémoc,argentinian;barbecue;seafood,19.38705,-99.154182
4277,Giorgio's Pizzas,Mexico,Cuauhtémoc,pizza,19.386806,-99.154243
4278,Chester's,Mexico,Cuauhtémoc,italian,19.382121,-99.156976
4279,Ramen -ya,Mexico,Cuauhtémoc,japanese,19.377898,-99.175523
4280,Sushi Roll,Mexico,Cuauhtémoc,sushi,19.376514,-99.177822
4281,Pinche Gringo BBQ,Mexico,Cuauhtémoc,Texas_BBQ,19.393166,-99.152068
4282,Trok's torta,Mexico,Cuauhtémoc,mexican,19.376091,-99.186005
4283,California Pizza Kitchen,Mexico,Cuauhtémoc,pizza,19.365599,-99.166753
4284,Olive Garden,Mexico,Cuauhtémoc,italian,19.365644,-99.167523
4285,Restaurante Azumi,Brazil,Copacabana,,-22.964264,-43.176932
4286,O Caranguejo,Brazil,Copacabana,,-22.97636,-43.192336
4287,Bella Blú,Brazil,Copacabana,,-22.967586,-43.186045
4288,O Peixe Vivo,Brazil,Copacabana,fish,-22.965008,-43.182322
4289,Papo de Anjo,Brazil,Copacabana,,-22.96772,-43.183956
4290,Galeto Viva Flôr,Brazil,Copacabana,,-22.967427,-43.183209
4291,Galeto & Cia.,Brazil,Copacabana,,-22.9678,-43.182883
4292,Restaurante Novo,Brazil,Copacabana,,-22.967355,-43.182164
4293,Arab,Brazil,Copacabana,,-22.968481,-43.180533
4294,Manoel & Juaquim,Brazil,Copacabana,,-22.9686,-43.180748
4295,Siqueira Grill,Brazil,Copacabana,barbecue,-22.97023,-43.183548
4296,Manoel & Juaquim,Brazil,Copacabana,,-22.970368,-43.183441
4297,Carretão,Brazil,Copacabana,barbecue,-22.970328,-43.183881
4298,Rondinella,Brazil,Copacabana,,-22.970546,-43.183698
4299,Faenza,Brazil,Copacabana,,-22.970081,-43.183677
4300,Pavão Azul,Brazil,Copacabana,fish;seafood;petiscos,-22.967711,-43.184589
4301,Maxim's,Brazil,Copacabana,,-22.968131,-43.180004
4302,La Trattoria,Brazil,Copacabana,italian,-22.96801,-43.180252
4303,Eclipse,Brazil,Copacabana,,-22.984156,-43.190424
4304,Barão de Copa,Brazil,Copacabana,,-22.974994,-43.189702
4305,Toca do Siri,Brazil,Copacabana,fish,-22.986757,-43.19071
4306,,Brazil,Copacabana,japanese,-22.985493,-43.189843
4307,Siri Mole,Brazil,Copacabana,,-22.986603,-43.190755
4308,Cervantes,Brazil,Copacabana,,-22.962503,-43.175737
4309,Galeto Sat's,Brazil,Copacabana,,-22.962483,-43.176018
4310,Meia Pataca,Brazil,Copacabana,,-22.977809,-43.189092
4311,Chon Kou,Brazil,Copacabana,chinese,-22.982882,-43.190072
4312,Beco da Fome,Brazil,Copacabana,,-22.963177,-43.174904
4313,Pensão da Baiana,Brazil,Copacabana,,-22.967493,-43.186548
4314,Cardamomo,Brazil,Copacabana,,-22.972934,-43.1913
4315,Mab's,Brazil,Copacabana,,-22.965003,-43.174113
4316,Balcony,Brazil,Copacabana,,-22.966163,-43.17646
4317,Âncora Copacabana,Brazil,Copacabana,,-22.963867,-43.1909
4318,Montagu,Brazil,Copacabana,,-22.969926,-43.184221
4319,Comida Mineira,Brazil,Copacabana,regional,-22.972466,-43.190587
4320,El Pote,Brazil,Copacabana,Galeteria,-22.967614,-43.181933
4321,Crack dos Galetos,Brazil,Copacabana,chicken,-22.964697,-43.174658
4322,Cervejaria Devassa,Brazil,Copacabana,,-22.975907,-43.188271
4323,Monaco,Brazil,Copacabana,regional,-22.97816,-43.189393
4324,Don Camillo,Brazil,Copacabana,italian,-22.975715,-43.188153
4325,Casa do Barão,Brazil,Copacabana,,-22.974624,-43.190007
4326,Belvedere Gastronomia,Brazil,Copacabana,,-22.964672,-43.176085
4327,Amir,Brazil,Copacabana,lebanese,-22.965539,-43.176642
4328,Estação do Sabor,Brazil,Copacabana,brazilian,-22.966918,-43.182907
4329,Estação Sabor,Brazil,Copacabana,,-22.968432,-43.183389
4330,,Brazil,Copacabana,,-22.975674,-43.188799
4331,Stambul,Brazil,Copacabana,lebanese,-22.975576,-43.188609
4332,Pizzaria Caravelle,Brazil,Copacabana,pizza,-22.975682,-43.188697
4333,Fagulha Grill e Pizza Copa,Brazil,Copacabana,,-22.974514,-43.187868
4334,Rincão do Tchê,Brazil,Copacabana,steak_house,-22.975153,-43.188432
4335,Adega Pérola,Brazil,Copacabana,regional,-22.966183,-43.187326
4336,,Brazil,Copacabana,pizza,-22.972602,-43.191972
4337,Aipo e Aipim,Brazil,Copacabana,,-22.969925,-43.185325
4338,Currascaria Palace,Brazil,Copacabana,barbecue;brazilian,-22.966711,-43.178424
4339,Botequim do Léo,Brazil,Copacabana,regional,-22.963986,-43.17476
4340,Tipicamente,Brazil,Copacabana,brazilian,-22.968549,-43.188538
4341,Ginger Mamut,Brazil,Copacabana,international,-22.967917,-43.187451
4342,Ginger Mamut Bistrô-Bar,Brazil,Copacabana,,-22.964738,-43.181016
4343,Joe & Leo's,Brazil,Copacabana,burger;steak_house;brazilian;american,-22.975126,-43.189558
4344,,Brazil,Copacabana,brazilian;seafood;regional,-22.978101,-43.189812
4345,,Brazil,Copacabana,brazilian;regional;sandwich,-22.984786,-43.193344
4346,Cantina Donanna,Brazil,Copacabana,italian,-22.971352,-43.185469
4347,El Cid,Brazil,Copacabana,,-22.963256,-43.174679
4348,Ume Sushi,Brazil,Copacabana,,-22.98191,-43.191158
4349,Sorvete Italia,Brazil,Copacabana,,-22.974006,-43.188853
4350,Viva Gastronomia,Brazil,Copacabana,brazilian,-22.972981,-43.188413
4351,Haru Sushi Bar,Brazil,Copacabana,,-22.9724,-43.187975
4352,Soy,Brazil,Copacabana,,-22.972173,-43.186703
4353,Braseiro,Brazil,Copacabana,,-22.974835,-43.188251
4354,Feyzi Turkish Cuisine,Brazil,Copacabana,,-22.969918,-43.184055
4355,El Born,Brazil,Copacabana,,-22.975213,-43.188329
4356,El Born,Brazil,Copacabana,,-22.975931,-43.188837
4357,"Ellas, comida ao kilo",Brazil,Copacabana,,-22.979997,-43.190384
4358,Padaria Rosabela,Brazil,Copacabana,coffee_shop;lunch,-22.972449,-43.192142
4359,Aipo & Aipim,Brazil,Copacabana,,-22.967262,-43.181428
4360,Ibis Copacabana Posto 5,Brazil,Copacabana,,-22.976477,-43.191859
4361,Venga Chiringuito,Brazil,Copacabana,,-22.982914,-43.190172
4362,Quiosque Atlântico,Brazil,Copacabana,,-22.967305,-43.177109
4363,Pizzateca,Brazil,Copacabana,pizza,-22.972363,-43.19131
4364,Restaurante La Mole,Brazil,Copacabana,italian,-22.972784,-43.189225
4365,Home Pizza,Brazil,Copacabana,pizza,-22.964035,-43.176284
4366,La Calaca Copacabana,Brazil,Copacabana,mexican,-22.964522,-43.175991
4367,Basha,Brazil,Copacabana,lebanese,-22.965161,-43.177067
4368,Seu Vidal,Brazil,Copacabana,burger,-22.963803,-43.177627
4369,Koni,Brazil,Copacabana,japanese,-22.964589,-43.179663
4370,,Brazil,Copacabana,,-22.965262,-43.177954
4371,Deck,Brazil,Copacabana,,-22.970793,-43.183702
4372,Confeitaria Colombo,Brazil,Copacabana,,-22.985782,-43.186772
4373,Conexao Arte,Brazil,Copacabana,brazilian;italian;pasta;local,-22.963623,-43.175393
4374,Farro,Brazil,Copacabana,breakfast;pizza;sandwich;italian_pizza;tea;cake;coffee_shop,-22.969103,-43.186608
4375,,Brazil,Copacabana,,-22.977531,-43.189458
4376,Boteco Colarinho Escondido,Brazil,Copacabana,,-22.986663,-43.189854
4377,,Brazil,Copacabana,,-22.986904,-43.190788
4378,Pato louco,Brazil,Copacabana,,-22.967957,-43.184517
4379,Locale Pizza,Brazil,Copacabana,,-22.970222,-43.18826
4380,Braseiro Constante,Brazil,Copacabana,barbecue;brazilian;pizza;steak_house,-22.972963,-43.190809
4381,,Brazil,Copacabana,,-22.97298,-43.190809
4382,Suk Arabe,Brazil,Copacabana,,-22.97118,-43.187155
4383,Típicamente,Brazil,Copacabana,,-22.968306,-43.185369
4384,Santa satisfação,Brazil,Copacabana,italian;sandwich;chicken,-22.971914,-43.186704
4385,Brasileiro de Copa,Brazil,Copacabana,,-22.970367,-43.188174
4386,Bar do Adão Copacabana,Brazil,Copacabana,,-22.964463,-43.178691
4387,Quiosque Areia MPB,Brazil,Copacabana,brazilian,-22.967261,-43.177305
4388,Quiosque Areia MPB,Brazil,Copacabana,international,-22.967279,-43.177307
4389,,Brazil,Copacabana,,-22.972092,-43.186765
4390,Koni,Brazil,Copacabana,,-22.964441,-43.179584
4391,Spoleto,Brazil,Copacabana,,-22.964447,-43.179596
4392,Enchendo Linguiça,Brazil,Copacabana,brazilian,-22.971042,-43.183212
4393,Fairmont Marine Restô,Brazil,Copacabana,brazilian,-22.985862,-43.189415
4394,Belém Belém Amazônia,Brazil,Copacabana,brazilian;regional,-22.984818,-43.190957
4395,Teva Deli,Brazil,Copacabana,,-22.984292,-43.19065
4396,Arco Açaí,Brazil,Copacabana,,-22.964605,-43.179693
4397,Açaí Do Norte,Brazil,Copacabana,,-22.964555,-43.17454
4398,Formato Lanches,Brazil,Copacabana,,-22.965328,-43.176883
4399,Batata burgers,Brazil,Copacabana,,-22.963618,-43.176258
4400,Quick Galetos,Brazil,Copacabana,,-22.965886,-43.177574
4401,Refugio Veg,Brazil,Copacabana,burger,-22.984322,-43.190364
4402,Bardana,Brazil,Copacabana,brazilian,-22.981915,-43.190567
4403,Grão-Pará,Brazil,Copacabana,fish,-22.97436,-43.190796
4404,Balada Mix,Brazil,Copacabana,,-22.972333,-43.186313
4405,Koa Poke,Brazil,Copacabana,,-22.975367,-43.188305
4406,Ceviche!,Brazil,Copacabana,,-22.972159,-43.185509
4407,Forneria ciao,Brazil,Copacabana,pizza,-22.970725,-43.183984
4408,Mondengo,Brazil,Copacabana,,-22.974895,-43.187531
4409,Potenza Bar e Restaurante,Brazil,Copacabana,,-22.971076,-43.189288
4410,Margaux,United Arab Emirates,Downtown Dubai,french,25.194741,55.276006
4411,The Meat Co.,United Arab Emirates,Downtown Dubai,steak_house,25.194423,55.276171
4412,Nezesaussie,United Arab Emirates,Downtown Dubai,international,25.191088,55.277624
4413,Asado,United Arab Emirates,Downtown Dubai,steak,25.193869,55.27602
4414,The Rivington Grill,United Arab Emirates,Downtown Dubai,british,25.195078,55.276325
4415,Armani/Amal,United Arab Emirates,Downtown Dubai,international,25.197122,55.273916
4416,ريم البوادي,United Arab Emirates,Downtown Dubai,arab,25.197121,55.270853
4417,Hey Pesto,United Arab Emirates,Downtown Dubai,italian,25.201155,55.27287
4418,Karma Kafé,United Arab Emirates,Downtown Dubai,,25.195062,55.277071
4419,Souk al Bahar,United Arab Emirates,Downtown Dubai,lebanese,25.194962,55.277181
4420,Mizu,United Arab Emirates,Downtown Dubai,japanese,25.191099,55.271864
4421,"Manoushe Street,",United Arab Emirates,Downtown Dubai,lebanese;wrap,25.190939,55.281442
4422,Taipei Dao,United Arab Emirates,Downtown Dubai,,25.186522,55.27831
4423,The Cheesecake Factory,United Arab Emirates,Downtown Dubai,american,25.196546,55.278979
4424,Eat Greek,United Arab Emirates,Downtown Dubai,,25.195817,55.278042
4425,Karam Beirut,United Arab Emirates,Downtown Dubai,turkish;lebanese;kebab,25.196711,55.277005
4426,,United Arab Emirates,Downtown Dubai,asian;thai,25.194329,55.275106
4427,Al Hallab and Sweets,United Arab Emirates,Downtown Dubai,lebanese,25.195934,55.277654
4428,The Restaurant at Address Downtown,United Arab Emirates,Downtown Dubai,,25.193933,55.27915
4429,Mama Tant,United Arab Emirates,Downtown Dubai,,25.191138,55.274986
4430,Pappa Roti,United Arab Emirates,Downtown Dubai,,25.191201,55.273526
4431,Benelli,United Arab Emirates,Downtown Dubai,,25.191886,55.271915
4432,Zoga,United Arab Emirates,Downtown Dubai,,25.187468,55.279299
4433,Be Super Natural Kitchen,United Arab Emirates,Downtown Dubai,,25.199166,55.277815
4434,IHOP,United Arab Emirates,Downtown Dubai,breakfast;pancake,25.195457,55.278871
4435,California Pizza Citchen,United Arab Emirates,Downtown Dubai,,25.195729,55.278327
4436,Red Lobster,United Arab Emirates,Downtown Dubai,seafood,25.195576,55.278576
4437,Chili's,United Arab Emirates,Downtown Dubai,tex-mex,25.198163,55.278954
4438,Nordsee,United Arab Emirates,Downtown Dubai,fish,25.19696,55.276778
4439,Othman's Lounge,United Arab Emirates,Downtown Dubai,turkish,25.19195,55.274984
4440,Abd El Wahab Restaurant,United Arab Emirates,Downtown Dubai,,25.195126,55.276796
4441,Zahr el Laymoun,United Arab Emirates,Downtown Dubai,,25.194975,55.277213
4442,Em Sherif,United Arab Emirates,Downtown Dubai,lebanese,25.194815,55.277998
4443,مطعم ليلى اللبناني,United Arab Emirates,Downtown Dubai,,25.191345,55.271588
4444,Texas Roadhouse,United Arab Emirates,Downtown Dubai,,25.195614,55.278808
4445,Armani Lounge Burj Khalifa,United Arab Emirates,Downtown Dubai,,25.197064,55.274366
4446,Al Baba Sweets,United Arab Emirates,Downtown Dubai,,25.19194,55.279255
4447,,United Arab Emirates,Downtown Dubai,lebanese,25.196493,55.277277
4448,New Shanghai,United Arab Emirates,Downtown Dubai,,25.195881,55.279034
4449,,United Arab Emirates,Downtown Dubai,american,25.194788,55.277125
4450,,United Arab Emirates,Downtown Dubai,chinese,25.195237,55.278945
4451,باب المنصور,United Arab Emirates,Downtown Dubai,moroccan;arab,25.197052,55.270027
4452,TGI Fridays,United Arab Emirates,Downtown Dubai,american,25.195763,55.277823
4453,Binsina,United Arab Emirates,Downtown Dubai,,25.195185,55.279207
4454,,United Arab Emirates,Downtown Dubai,,25.192026,55.271841
4455,Pizza Pino,United Arab Emirates,Downtown Dubai,pizza;italian;international,25.196808,55.270609
4456,TATEL,United Arab Emirates,Downtown Dubai,spanish,25.19029,55.274831
4457,Tche-Tche,United Arab Emirates,Downtown Dubai,international,25.196321,55.26957
4458,Pizza Hut,United Arab Emirates,Downtown Dubai,pizza,25.196983,55.276765
4459,Leila,United Arab Emirates,Downtown Dubai,,25.191218,55.271624
4460,Czn Burak Bubai,United Arab Emirates,Downtown Dubai,turkish,25.193396,55.280878
4461,,United Arab Emirates,Downtown Dubai,,25.195104,55.276963
4462,بيروت خانم,United Arab Emirates,Downtown Dubai,lebanese,25.191806,55.276995
4463,,United Arab Emirates,Downtown Dubai,,25.202032,55.270836
4464,Lopo Pizzeria,United Arab Emirates,Downtown Dubai,,25.189848,55.280698
4465,L’eto,United Arab Emirates,Downtown Dubai,,25.197321,55.275993
4466,,United Arab Emirates,Downtown Dubai,arab;lebanese,25.195152,55.279301
4467,,United Arab Emirates,Downtown Dubai,burger;grill;steak_house,25.196664,55.27959
4468,,United Arab Emirates,Downtown Dubai,,25.194725,55.282196
4469,Qartuli Authentic Georgian,United Arab Emirates,Downtown Dubai,georgian,25.194776,55.283192
4470,,United Arab Emirates,Downtown Dubai,,25.194392,55.27798
4471,,United Arab Emirates,Downtown Dubai,italian,25.19685,55.272095
4472,Fouquet's,United Arab Emirates,Downtown Dubai,,25.191378,55.275667
4473,Arabeska Restaurant,United Arab Emirates,Downtown Dubai,,25.193662,55.276398
4474,TOTÓ,United Arab Emirates,Downtown Dubai,italian,25.190436,55.274376
4475,,United Arab Emirates,Downtown Dubai,,25.195096,55.276424
4476,,United Arab Emirates,Downtown Dubai,indian,25.191615,55.269744
4477,,United Arab Emirates,Downtown Dubai,american;asian,25.194958,55.276041
4478,lebanushi,United Arab Emirates,Downtown Dubai,lebanese,25.197349,55.280262
4479,Hamdi,Turkey,Fatih,,41.017163,28.969899
4480,,Turkey,Fatih,,41.012271,28.955118
4481,Konyalı Restaurant,Turkey,Fatih,,41.013559,28.985881
4482,,Turkey,Fatih,,41.016039,28.929986
4483,Marmara 3 Döner&Kumru,Turkey,Fatih,,41.013236,28.932247
4484,Le Caïque,Turkey,Fatih,,41.026546,28.958091
4485,Cibali,Turkey,Fatih,,41.026682,28.957759
4486,Sultan Mehmet Restaurant & Cafe,Turkey,Fatih,,41.009905,28.978848
4487,The Port Shield Pub & Restaurant,Turkey,Fatih,,41.011978,28.978224
4488,Cheers Soul Kitchen,Turkey,Fatih,Turkish_and_International,41.002697,28.974265
4489,Boukoleon Fish Restaurant,Turkey,Fatih,,41.00293,28.975586
4490,Sultan’s Inn,Turkey,Fatih,,41.003173,28.974533
4491,Daruzziyafe,Turkey,Fatih,regional,41.016694,28.962545
4492,Karakol Restaurant,Turkey,Fatih,turkish,41.009296,28.981083
4493,Sarnic Restaurant,Turkey,Fatih,,41.00987,28.979552
4494,Sofia,Turkey,Fatih,,41.009789,28.979445
4495,Giritli,Turkey,Fatih,greek;turkish,41.003659,28.980732
4496,Cankurtaran Öğretmenevi,Turkey,Fatih,,41.004149,28.982151
4497,Mihri,Turkey,Fatih,turkish,41.007266,28.979165
4498,Cistern Restaurant,Turkey,Fatih,,41.009997,28.979475
4499,Karina Fish House,Turkey,Fatih,seafood,41.003032,28.975344
4500,Korean Chinese,Turkey,Fatih,asian,41.003397,28.97426
4501,Nostra Casa,Turkey,Fatih,italian,41.003127,28.974316
4502,Seoul II Restaurant,Turkey,Fatih,korean,41.005366,28.980089
4503,,Turkey,Fatih,regional,41.00513,28.96371
4504,Sultan's Kitchen,Turkey,Fatih,regional,41.006249,28.969526
4505,Cigeristan,Turkey,Fatih,turkish,41.01178,28.949324
4506,Seyhmuz Kebap,Turkey,Fatih,,41.008896,28.969638
4507,,Turkey,Fatih,,41.009966,28.967413
4508,,Turkey,Fatih,,41.010432,28.968683
4509,,Turkey,Fatih,,41.01127,28.967613
4510,,Turkey,Fatih,turkish,41.008297,28.974316
4511,,Turkey,Fatih,turkish,41.008332,28.974002
4512,,Turkey,Fatih,turkish,41.008411,28.974355
4513,,Turkey,Fatih,turkish,41.008472,28.973965
4514,ANTEB Kebab & Pizza,Turkey,Fatih,turkish,41.008581,28.974044
4515,Giorgi,Turkey,Fatih,georgian,41.008008,28.949337
4516,Esmer Chef,Turkey,Fatih,italian;italian_pizza,41.015513,28.975896
4517,Pandeli,Turkey,Fatih,turkish,41.017145,28.971179
4518,Bab-ı Hayat,Turkey,Fatih,turkish,41.015774,28.971745
4519,Paşazade Restaurant,Turkey,Fatih,,41.012726,28.977399
4520,Med Cezir,Turkey,Fatih,,41.006577,28.97956
4521,Sultan Köşesi,Turkey,Fatih,turkish,41.004157,28.976353
4522,istanbul enjoyer,Turkey,Fatih,,41.008192,28.976864
4523,Seven Hills Restaurant,Turkey,Fatih,fish,41.006372,28.979715
4524,Masal,Turkey,Fatih,,41.00823,28.976567
4525,Palmiye,Turkey,Fatih,,41.008122,28.977509
4526,Erzincanlı Ali Baba Restoran,Turkey,Fatih,,41.015514,28.963271
4527,Barbecue House,Turkey,Fatih,,41.00927,28.976861
4528,Erol,Turkey,Fatih,,41.00861,28.973857
4529,Keyf-i Mekan,Turkey,Fatih,turkish,41.012214,28.968072
4530,Mivan Restaurant Cafe,Turkey,Fatih,turkish,41.006213,28.96908
4531,Spectra Cafe,Turkey,Fatih,,41.003848,28.972559
4532,New Season,Turkey,Fatih,turkish,41.003502,28.97598
4533,Little Havanna,Turkey,Fatih,turkish,41.003142,28.975006
4534,Serbethane Cafe & Restaurant,Turkey,Fatih,turkish,41.004306,28.976856
4535,,Turkey,Fatih,,41.014231,28.971054
4536,Spectra Restaurant,Turkey,Fatih,regional,41.005319,28.974202
4537,tacita,Turkey,Fatih,,41.00505,28.973223
4538,By Ferro,Turkey,Fatih,,41.005169,28.969873
4539,Mr Cook Cafe & Restaurant,Turkey,Fatih,turkish,41.010732,28.974828
4540,Le Safran Restaurant,Turkey,Fatih,,41.010508,28.978481
4541,Güler Restaurant,Turkey,Fatih,,41.012583,28.958166
4542,Sultan Saray,Turkey,Fatih,regional,41.008508,28.975213
4543,,Turkey,Fatih,,41.012018,28.940646
4544,Paşa Döner,Turkey,Fatih,,41.02228,28.945109
4545,Antep Kebab,Turkey,Fatih,,41.008657,28.973555
4546,Sorriso Restaurant,Turkey,Fatih,,41.009728,28.954924
4547,Son Osmanli Restaurant,Turkey,Fatih,,41.015489,28.941759
4548,Sultan Ahmet Fish House,Turkey,Fatih,,41.009954,28.975945
4549,Yarenler Restaurant,Turkey,Fatih,,41.009064,28.975502
4550,Akdeniz Hatay Sofrasi,Turkey,Fatih,,41.013908,28.945783
4551,Sur Cafe,Turkey,Fatih,,41.031157,28.93628
4552,Fındık Kabuğu Restoran,Turkey,Fatih,,41.031826,28.948906
4553,AGORA Meyhanesi 1890,Turkey,Fatih,regional,41.033537,28.946766
4554,Balıkçı Sabahattin,Turkey,Fatih,fish;turkish,41.004701,28.980572
4555,Constantine's Ark,Turkey,Fatih,turkish,41.012963,28.977057
4556,Arch Bistro,Turkey,Fatih,,41.004627,28.971265
4557,Öz Kilis Lahmacun ve Kebap,Turkey,Fatih,,41.021729,28.944559
4558,Fatih Sarmacısı,Turkey,Fatih,,41.017662,28.950493
4559,Kalyon,Turkey,Fatih,,41.0032,28.980911
4560,Tamara,Turkey,Fatih,,41.003988,28.976021
4561,,Turkey,Fatih,soba;turkish,41.007981,28.977246
4562,Karadeniz,Turkey,Fatih,,41.008481,28.975056
4563,Fatih Belediyesi,Turkey,Fatih,,41.031038,28.939442
4564,Aras (scam place),Turkey,Fatih,,41.008284,28.97553
4565,Falafel & Humus,Turkey,Fatih,,41.008645,28.971502
4566,Raıf üsta,Turkey,Fatih,,41.01098,28.971032
4567,Kasap Osman,Turkey,Fatih,,41.014928,28.957037
4568,,Turkey,Fatih,,41.019638,28.957894
4569,,Turkey,Fatih,,41.028376,28.95711
4570,,Turkey,Fatih,,41.018712,28.948094
4571,,Turkey,Fatih,,41.011624,28.94153
4572,Güneydoğu Sofrası,Turkey,Fatih,,41.017141,28.954654
4573,Serggea resturant,Turkey,Fatih,,41.01018,28.947737
4574,,Turkey,Fatih,,41.030577,28.945972
4575,,Turkey,Fatih,,41.009104,28.978957
4576,Saray Muhallebicis,Turkey,Fatih,,41.016973,28.973548
4577,Tarihi Sultanahmet Köftecisi Selim Usta,Turkey,Fatih,turkish,41.008003,28.976967
4578,Cihannuma,Turkey,Fatih,,41.008555,28.977766
4579,İmren,Turkey,Fatih,,40.996184,28.927115
4580,Büfe,Turkey,Fatih,,40.994138,28.922629
4581,Köfteci,Turkey,Fatih,,40.995053,28.925656
4582,,Turkey,Fatih,regional;seafood,41.004206,28.964858
4583,,Turkey,Fatih,fish;local,41.004441,28.964785
4584,Yeni Köşem Restaurant,Turkey,Fatih,regional;seafood,41.004386,28.964624
4585,,Turkey,Fatih,regional;seafood,41.004351,28.964914
4586,Sultan Sarniç Dügün & Davet Organizasyon,Turkey,Fatih,,41.025031,28.950161
4587,,Turkey,Fatih,,41.015051,28.967648
4588,Old Ottoman Cafe & Restaurant,Turkey,Fatih,turkish,41.010728,28.975411
4589,DoyDoy Restaurant,Turkey,Fatih,oriental;sandwich;regional;international;breakfast;local;friture;asian;pasta;chicken;curry;turkish,41.004073,28.975458
4590,,Turkey,Fatih,turkish,41.003155,28.975454
4591,Massa Bistro Turkish Kitchen,Turkey,Fatih,asian;coffee_shop;grill;kebab;local;pasta,41.008593,28.975164
4592,2017,Turkey,Fatih,,41.010174,28.947996
4593,Ewan Restaurant,Turkey,Fatih,turkish;kebab,41.010249,28.947407
4594,Sallora Restaurant,Turkey,Fatih,dessert,41.011683,28.947227
4595,Aksaray Restaurant,Turkey,Fatih,turkish;kebab,41.013466,28.94472
4596,Van Restaurant,Turkey,Fatih,turkish;kebab,41.01318,28.944619
4597,Izgara Evi Restuarant,Turkey,Fatih,arab;syrian,41.011029,28.942264
4598,Osmanli Konagi Restuarant,Turkey,Fatih,turkish;kebab,41.011094,28.941682
4599,Domino Cafe,Turkey,Fatih,turkish;arab,41.031776,28.947774
4600,Fateh Alhayr resturant,Turkey,Fatih,,41.012946,28.938687
4601,yemen resturant,Turkey,Fatih,,41.011647,28.941606
4602,Sallouraoğlu halep sofrası,Turkey,Fatih,,41.01152,28.942071
4603,Şam şerif tatlası,Turkey,Fatih,,41.011497,28.942147
4604,zirwe sultan resturant,Turkey,Fatih,,41.011344,28.94273
4605,Allüş cafe,Turkey,Fatih,,41.011017,28.943999
4606,Alnabelsi resturant,Turkey,Fatih,,41.010888,28.94504
4607,Alqubtan resturants,Turkey,Fatih,,41.010845,28.944917
4608,Layale Şamiye,Turkey,Fatih,,41.010536,28.946009
4609,Tarbuş Mutfağı,Turkey,Fatih,,41.010468,28.946286
4610,Mahrusi resturant,Turkey,Fatih,,41.01045,28.946367
4611,Elefendi resturant,Turkey,Fatih,,41.010292,28.946984
4612,Zeyr ve Zater,Turkey,Fatih,,41.010192,28.947226
4613,مطعم مندي,Turkey,Fatih,,41.010247,28.947566
4614,Anas chicken,Turkey,Fatih,,41.01021,28.947541
4615,Sercıya ıstasyonu,Turkey,Fatih,,41.010173,28.947735
4616,Musul Mutfağı,Turkey,Fatih,,41.010201,28.947784
4617,Salloraoğlu tatlısı,Turkey,Fatih,,41.012158,28.950056
4618,Urfa kebap sarayı,Turkey,Fatih,,41.013286,28.948243
4619,Halil ibrahim şark sofrası,Turkey,Fatih,,41.012727,28.948388
4620,zarzor iraqlı lokantası,Turkey,Fatih,,41.012154,28.949334
4621,Acıktım dürüm evi,Turkey,Fatih,,41.011591,28.950018
4622,Hatay medeniyetler sofrası,Turkey,Fatih,,41.011688,28.950053
4623,Kardeşler lokantası,Turkey,Fatih,,41.011615,28.949636
4624,Ciğer sarayı,Turkey,Fatih,,41.011675,28.949555
4625,ciğeristan,Turkey,Fatih,,41.011726,28.949483
4626,Urfalı hacı usta,Turkey,Fatih,,41.011771,28.949396
4627,taç kebap,Turkey,Fatih,,41.01193,28.949166
4628,sanliurfa zaman ciger ve kebap salonu,Turkey,Fatih,,41.012332,28.948377
4629,Gaza Vattan Felafel,Turkey,Fatih,,41.01301,28.947268
4630,Anadolu Büfe,Turkey,Fatih,,41.014361,28.946091
4631,Halep restaurant,Turkey,Fatih,,41.013061,28.947139
4632,Urfa zaman ciğer ve kebep,Turkey,Fatih,,41.013319,28.946656
4633,Pilavcı Kardeşler,Turkey,Fatih,,41.013663,28.946035
4634,Akdeniz Hatay Sofrası,Turkey,Fatih,,41.01383,28.945738
4635,Yesilkir pide bank,Turkey,Fatih,,40.994142,28.925729
4636,Kule köfte,Turkey,Fatih,,40.995951,28.927454
4637,Buryan Kebap Ve Izgara Salonu,Turkey,Fatih,,40.996348,28.92779
4638,Evim Iskender Kebap,Turkey,Fatih,,41.015834,28.939657
4639,Asmaaltı Dürümc,Turkey,Fatih,,41.015705,28.939834
4640,Flavory Restaurant,Turkey,Fatih,,41.010273,28.947322
4641,Bizim Durum kebap Salonu,Turkey,Fatih,,41.012221,28.941455
4642,Dürümcü Haşim Usta,Turkey,Fatih,,41.012823,28.944467
4643,Kasem Abu Alkas Lokantası,Turkey,Fatih,,41.013023,28.944407
4644,Sit Elşam Pasta,Turkey,Fatih,,41.011135,28.947684
4645,Saniyora Tatlası,Turkey,Fatih,,41.011621,28.947279
4646,Çitir Lahmacun,Turkey,Fatih,,41.011647,28.947244
4647,Deniz Ürünleri restoranı,Turkey,Fatih,,41.011686,28.94697
4648,Taehan Uygur Restoranı,Turkey,Fatih,,41.012727,28.945259
4649,Pilavci Resat,Turkey,Fatih,,41.013491,28.944638
4650,Razzak resturan,Turkey,Fatih,,41.01464,28.94285
4651,Bereket Döner,Turkey,Fatih,,41.015638,28.952258
4652,Pihlivan Lokantası,Turkey,Fatih,,41.016427,28.950839
4653,Sultan Resturant,Turkey,Fatih,,41.010257,28.946765
4654,Aksaray Börek,Turkey,Fatih,,41.010631,28.951424
4655,63 Metro Pide,Turkey,Fatih,,41.010516,28.951441
4656,Paçacı Hasan,Turkey,Fatih,,41.010348,28.951465
4657,Nergis Saray,Turkey,Fatih,,41.01029,28.951453
4658,Yücel Unlu Mamulleri,Turkey,Fatih,,41.022529,28.959742
4659,Salihpaşa Börek Fırını,Turkey,Fatih,,41.022554,28.959687
4660,Şafak Et Lokantası,Turkey,Fatih,,41.022313,28.959875
4661,Meşhur Unkapanı Pilavcısı,Turkey,Fatih,,41.02194,28.95987
4662,Jing ya Tang Restaurant,Turkey,Fatih,,41.019096,28.957813
4663,Meşhur Unkapanı Pilavcısı,Turkey,Fatih,,41.020288,28.958759
4664,Zeyrek Cafe Restaurant,Turkey,Fatih,,41.020547,28.958893
4665,Kumpir ve Waffle,Turkey,Fatih,,41.023468,28.960473
4666,Osman Oglu Kebap,Turkey,Fatih,,41.023584,28.960491
4667,Sur Balık,Turkey,Fatih,,41.025698,28.958953
4668,Cibalikapı Balıkçısı Haliç,Turkey,Fatih,,41.025843,28.958921
4669,Umut ev yemekleri,Turkey,Fatih,,41.024629,28.958526
4670,Balaturca,Turkey,Fatih,,41.026144,28.958524
4671,Öz Dürüm,Turkey,Fatih,,41.02469,28.95808
4672,Meşhur Sarıyer börekçisi,Turkey,Fatih,,41.027794,28.955241
4673,Balcafe ve Restaurant,Turkey,Fatih,,41.02658,28.958052
4674,Karagöz Zorba,Turkey,Fatih,,41.027285,28.957007
4675,Cibali Vasilis Balıkçısı,Turkey,Fatih,,41.027277,28.956994
4676,Meyhani,Turkey,Fatih,,41.027386,28.956909
4677,Perispri,Turkey,Fatih,,41.028653,28.953055
4678,Uğur Pastaneleri,Turkey,Fatih,,41.023714,28.95463
4679,Bahçivan Fırını,Turkey,Fatih,,41.023798,28.95466
4680,Günbilir balık lokantası,Turkey,Fatih,,40.993251,28.926857
4681,Engin Pastanesi,Turkey,Fatih,,40.996271,28.924147
4682,Sur Pide ve Lavaş Lahmacun Salonu,Turkey,Fatih,,40.99743,28.924074
4683,Mevlana kasap ızgara salonu,Turkey,Fatih,,40.998215,28.929556
4684,Rize Odun Ekmeği,Turkey,Fatih,,41.026743,28.955885
4685,Gökkuşağı Meze Ve Ev Yemekler,Turkey,Fatih,,41.02691,28.955392
4686,Hasan Usta,Turkey,Fatih,,41.026469,28.955546
4687,Yilmazlar Lokantasi,Turkey,Fatih,,41.026057,28.955509
4688,Aşkın Restoran,Turkey,Fatih,,41.026018,28.955441
4689,Kömür Lokantası,Turkey,Fatih,,41.026034,28.95613
4690,Tarihi Börek,Turkey,Fatih,,41.025992,28.956245
4691,Öz Mostar,Turkey,Fatih,,41.025918,28.956897
4692,Köfteci Ömer Usta,Turkey,Fatih,,41.025873,28.95702
4693,Ensar Aile Börek Salonu,Turkey,Fatih,,41.024694,28.954862
4694,Yedikule kebap pilavcı,Turkey,Fatih,,40.9942,28.922607
4695,Safir Köfte,Turkey,Fatih,,40.9944,28.923538
4696,Trakya Köfte Salonu,Turkey,Fatih,,40.995109,28.925633
4697,Çiğköfteci ömer usta,Turkey,Fatih,,40.996558,28.927473
4698,Ümit Börek Salonu,Turkey,Fatih,,40.996712,28.927669
4699,Eyüp Sultan Sofrası,Turkey,Fatih,,40.996938,28.928076
4700,Kebapçıoğlu,Turkey,Fatih,,40.994334,28.923869
4701,Farrujna,Turkey,Fatih,,40.994452,28.925253
4702,Hükümran Sofrası,Turkey,Fatih,,40.994685,28.925438
4703,Safa meyhanesi,Turkey,Fatih,,40.995032,28.925875
4704,Yedikule kebapçısı,Turkey,Fatih,,40.995066,28.925905
4705,Aydın kardeşler köfte salonu,Turkey,Fatih,turkish,40.995258,28.926161
4706,Aydın kardeşler börekçi,Turkey,Fatih,,40.995358,28.926284
4707,Oses çiğköfte,Turkey,Fatih,,40.995553,28.926592
4708,İncedal et lokantası,Turkey,Fatih,,40.995911,28.927081
4709,Öz Anteplizade,Turkey,Fatih,,40.996143,28.927347
4710,Rumeli Tulumbacısı,Turkey,Fatih,,40.996387,28.927576
4711,Samatya Çapana,Turkey,Fatih,,40.999583,28.932179
4712,Çapana Et Balık,Turkey,Fatih,,40.999647,28.932343
4713,Samatya Mangalbaşı,Turkey,Fatih,,40.99958,28.93244
4714,Samatya Balıkçısı,Turkey,Fatih,,40.999462,28.932219
4715,Sarya,Turkey,Fatih,,40.999488,28.932203
4716,Antik Et Balık,Turkey,Fatih,,40.999521,28.932187
4717,Annemin Yeri,Turkey,Fatih,,40.99955,28.932186
4718,Kucuk Ev,Turkey,Fatih,,40.999691,28.932127
4719,Norjin Samatyon,Turkey,Fatih,,40.999783,28.932027
4720,Forsa Balık,Turkey,Fatih,,40.999799,28.931984
4721,Meze,Turkey,Fatih,,40.999857,28.931947
4722,Matya Kömürde Balık,Turkey,Fatih,,40.999897,28.931914
4723,Samatya Balık Evi,Turkey,Fatih,,40.999937,28.931882
4724,Develi,Turkey,Fatih,,40.999983,28.931844
4725,Ali Haydar İkinci Bahar,Turkey,Fatih,,40.999974,28.931946
4726,Yunca Büfe,Turkey,Fatih,,41.004167,28.934761
4727,Maydanoz,Turkey,Fatih,,41.003338,28.936419
4728,Can Pide Börek,Turkey,Fatih,,41.002746,28.936724
4729,Hasanoğlu Börek Pasta ve Cafe,Turkey,Fatih,,41.002837,28.936713
4730,Samatya Ocakbasi,Turkey,Fatih,,41.000255,28.932711
4731,Günbilir Balık Restaurant,Turkey,Fatih,,41.000059,28.932262
4732,Sedir Et ve Balık,Turkey,Fatih,,41.000005,28.932469
4733,Deniz Balık Restaurant,Turkey,Fatih,,40.999777,28.932343
4734,Cihan Derya Balık,Turkey,Fatih,,40.999659,28.932172
4735,Öztürk Kardeşler Balık Lokantası,Turkey,Fatih,,40.999622,28.932145
4736,Helena Çak Stone,Turkey,Fatih,,41.000186,28.931873
4737,Mevlana Pide,Turkey,Fatih,,41.001176,28.933751
4738,Meşhur Samatya pilavcısı,Turkey,Fatih,,41.002097,28.936527
4739,Tunyalı Ocakbaşı ve Kababı,Turkey,Fatih,,41.002036,28.936331
4740,Dostlar Büfe ve Köfte,Turkey,Fatih,,41.001948,28.935964
4741,Meşhur Tekirdağ Köftecisi,Turkey,Fatih,,41.001453,28.93491
4742,Doyum Kebap Ve Dürüm Salonu,Turkey,Fatih,,41.001284,28.934508
4743,Meşhur Samatya Bilavcısı,Turkey,Fatih,,41.000742,28.932864
4744,Samatya börek ve pide,Turkey,Fatih,,41.001947,28.935803
4745,Hemşerim Durumcusu,Turkey,Fatih,,40.999658,28.931432
4746,Şölen Ocakbaşı,Turkey,Fatih,,41.000138,28.931808
4747,Öz Ağam Kebap Lahmacun Salonu,Turkey,Fatih,,41.002259,28.936811
4748,Meşhur Sarıyer Börekçisi,Turkey,Fatih,,41.002234,28.936746
4749,Kardesler Koftecisi,Turkey,Fatih,,40.999824,28.931546
4750,Saki Pub,Turkey,Fatih,,40.999753,28.93142
4751,Meşhur Sarıyer Börekçisi,Turkey,Fatih,,40.999542,28.931248
4752,Köşem Büfe,Turkey,Fatih,,40.998188,28.93003
4753,Çıtır Börek ve Pide,Turkey,Fatih,,40.998214,28.930067
4754,Mesire kebap ve lahmacun salonu,Turkey,Fatih,,40.999428,28.931055
4755,Tandır Taşfırın Pide Lahmacun Kebap Salonu,Turkey,Fatih,,40.999966,28.931593
4756,Yörem urfa taş fırnı,Turkey,Fatih,,41.003396,28.932497
4757,Çevre Kebap,Turkey,Fatih,,41.003611,28.931883
4758,Valide Kebap ve Lahmacun Salonu,Turkey,Fatih,,41.003521,28.931819
4759,Kırımlı Çibörek,Turkey,Fatih,,41.003481,28.931848
4760,Şafak pide ve lahmacun,Turkey,Fatih,,41.003447,28.931286
4761,Her Telden Çılgın Kebapçı,Turkey,Fatih,,41.003502,28.931261
4762,Urfalı çıtır kadir lahmacun pide,Turkey,Fatih,,41.003304,28.930708
4763,Aziz Urfa Kebap ve Lahmacun Salonu,Turkey,Fatih,,41.003223,28.930735
4764,Kardeşler Yufkacısı,Turkey,Fatih,,41.002162,28.930601
4765,Ay Büfe,Turkey,Fatih,,41.001806,28.930028
4766,Başlangıç Lokantası,Turkey,Fatih,,41.000213,28.931188
4767,Özgul börek,Turkey,Fatih,,41.000048,28.931397
4768,Teyzemin Mutfağı,Turkey,Fatih,,41.003242,28.93504
4769,Duygu Ocakbaşı,Turkey,Fatih,,41.018029,28.951191
4770,Yeşimin Mutfağından Ev Yemekleri,Turkey,Fatih,,41.004016,28.944198
4771,Kardeş büfe,Turkey,Fatih,,41.004119,28.944058
4772,Ahtım Köfte ve Ev Yemekleri,Turkey,Fatih,,41.004393,28.943862
4773,Büfe köfte,Turkey,Fatih,,41.004985,28.943417
4774,Damak Kebap Döner Yemek Salonu,Turkey,Fatih,,41.005123,28.943296
4775,Çeşm-İ Cİhan Ev Yemeklerİ,Turkey,Fatih,,41.005339,28.94314
4776,Ciğerci Kemal Ustanin Yeri,Turkey,Fatih,,41.004301,28.944833
4777,Can Pide Ve Lahmacun Fırını,Turkey,Fatih,,41.004691,28.944975
4778,Meshur Langa Borekcisi,Turkey,Fatih,,41.004613,28.945103
4779,Singapore Famous BBQ Pork,Australia,Sydney CBD,,-33.880777,151.203912
4780,Basket Brothers,Australia,Sydney CBD,Australian,-33.879432,151.209321
4781,Squire's Landing,Australia,Sydney CBD,regional,-33.857526,151.210173
4782,La Mela,Australia,Sydney CBD,,-33.858184,151.20943
4783,Harbourfront,Australia,Sydney CBD,,-33.857295,151.209364
4784,Ploós,Australia,Sydney CBD,,-33.856929,151.209143
4785,6 Head,Australia,Sydney CBD,,-33.856763,151.209021
4786,Cruise Bar,Australia,Sydney CBD,,-33.858813,151.209991
4787,Caminetto Restaurant,Australia,Sydney CBD,,-33.858143,151.208329
4788,Rosetta,Australia,Sydney CBD,italian,-33.86232,151.207161
4789,The Rooftop,Australia,Sydney CBD,,-33.871272,151.204116
4790,Doyles,Australia,Sydney CBD,,-33.872942,151.192048
4791,Madang,Australia,Sydney CBD,korean,-33.876104,151.207489
4792,Crocodile Senior Thai,Australia,Sydney CBD,thai,-33.8804,151.20525
4793,Churrasco,Australia,Sydney CBD,brazilian,-33.874009,151.2153
4794,Spice Room at the Malaya,Australia,Sydney CBD,,-33.867529,151.201803
4795,Gaucho Grill,Australia,Sydney CBD,argentinian,-33.875914,151.215293
4796,Pony dining,Australia,Sydney CBD,,-33.859064,151.208402
4797,,Australia,Sydney CBD,,-33.878261,151.215089
4798,Pizza Lucio,Australia,Sydney CBD,italian,-33.878012,151.216768
4799,Phamish,Australia,Sydney CBD,vietnamese,-33.878149,151.216794
4800,Verde,Australia,Sydney CBD,,-33.875845,151.214883
4801,Simizu,Australia,Sydney CBD,,-33.876896,151.213045
4802,Spice I Am,Australia,Sydney CBD,,-33.879689,151.209562
4803,Wafu,Australia,Sydney CBD,,-33.891518,151.213326
4804,Deli Choice,Australia,Sydney CBD,chinese,-33.869124,151.210193
4805,Cafe Sydney,Australia,Sydney CBD,,-33.862228,151.210823
4806,Nick's 103,Australia,Sydney CBD,,-33.872205,151.202052
4807,Pontoon Bar,Australia,Sydney CBD,,-33.871174,151.202296
4808,Baia,Australia,Sydney CBD,italian,-33.871608,151.202321
4809,Lindt,Australia,Sydney CBD,chocolate,-33.872194,151.202264
4810,Adria,Australia,Sydney CBD,,-33.871929,151.202209
4811,I'm Angus,Australia,Sydney CBD,,-33.871777,151.202237
4812,Homebar,Australia,Sydney CBD,,-33.872713,151.201953
4813,Umi Sushi Express,Australia,Sydney CBD,sushi,-33.875311,151.205963
4814,Cargo bar,Australia,Sydney CBD,,-33.868691,151.201706
4815,Elements Bar and Grill Pyrmont,Australia,Sydney CBD,steak_house;bar_and_grill,-33.865853,151.190978
4816,Blue Eye Dragon,Australia,Sydney CBD,taiwanese,-33.867536,151.193706
4817,Kura,Australia,Sydney CBD,japanese,-33.869925,151.193932
4818,Wokstation,Australia,Sydney CBD,thai,-33.869885,151.19387
4819,Northern Chinese Noodle Restaurant,Australia,Sydney CBD,chinese,-33.870501,151.194557
4820,Mediterranean Magic,Australia,Sydney CBD,greek,-33.863681,151.194446
4821,Tapas,Australia,Sydney CBD,,-33.864401,151.193888
4822,Sala,Australia,Sydney CBD,,-33.862623,151.195331
4823,Fisherman's Wharf Seafood Restaurant,Australia,Sydney CBD,chinese,-33.873639,151.1924
4824,Maybe Frank,Australia,Sydney CBD,pizza,-33.88239,151.216044
4825,Tago-An,Australia,Sydney CBD,japanese,-33.858556,151.203401
4826,Belgian Beer Cafe,Australia,Sydney CBD,,-33.862721,151.206512
4827,Athenian Restaurant,Australia,Sydney CBD,,-33.867817,151.206382
4828,Chinta Ria,Australia,Sydney CBD,,-33.871335,151.202483
4829,Sea Emperor Seafood Restaurant & Oyster Bar,Australia,Sydney CBD,seafood,-33.871797,151.192336
4830,Golden Fang,Australia,Sydney CBD,chinese;malaysian,-33.885001,151.19484
4831,Spices Hunan,Australia,Sydney CBD,,-33.879379,151.202487
4832,Mohr Fish,Australia,Sydney CBD,seafood,-33.886648,151.208903
4833,Holy Cow,Australia,Sydney CBD,indian,-33.891519,151.213539
4834,Pendolino,Australia,Sydney CBD,italian,-33.86947,151.207256
4835,Porteño,Australia,Sydney CBD,international,-33.890703,151.210277
4836,Kindness Vegan Kitchen,Australia,Sydney CBD,,-33.878083,151.216802
4837,Casa di Nico,Australia,Sydney CBD,italian,-33.868314,151.201692
4838,The Canopy,Australia,Sydney CBD,,-33.877021,151.209856
4839,Black Squid Thai,Australia,Sydney CBD,thai,-33.875752,151.215758
4840,Spice Temple,Australia,Sydney CBD,asian_fusion,-33.866113,151.21028
4841,Rockpool Bar & Grill,Australia,Sydney CBD,international,-33.866011,151.21036
4842,The Owl House,Australia,Sydney CBD,,-33.874833,151.216056
4843,Cellini's Cafe,Australia,Sydney CBD,,-33.87056,151.208123
4844,Yuzu,Australia,Sydney CBD,japanese,-33.866841,151.192878
4845,Pancakes on the Rocks,Australia,Sydney CBD,,-33.857209,151.208919
4846,The Century,Australia,Sydney CBD,,-33.867096,151.195284
4847,Menya-City,Australia,Sydney CBD,,-33.871423,151.204474
4848,Prime Steak Restaurant,Australia,Sydney CBD,,-33.867708,151.207831
4849,Gowings Bar & Grill,Australia,Sydney CBD,,-33.870961,151.207659
4850,Shiba's Kitchen,Australia,Sydney CBD,japanese,-33.873414,151.195874
4851,Medusa,Australia,Sydney CBD,greek,-33.870815,151.204694
4852,House Canteen,Australia,Sydney CBD,,-33.858004,151.214025
4853,de Vine,Australia,Sydney CBD,,-33.870845,151.20541
4854,Pavilion on George Food Court,Australia,Sydney CBD,regional,-33.874664,151.207087
4855,Alpha,Australia,Sydney CBD,Modern_Greek,-33.875261,151.209082
4856,Crêperie Suzette,Australia,Sydney CBD,french;crepe;galette;coffee;bagel,-33.859604,151.208054
4857,Glass Brasserie,Australia,Sydney CBD,australian;regional,-33.87189,151.207258
4858,La Guillotine,Australia,Sydney CBD,french,-33.875597,151.205553
4859,Sakura,Australia,Sydney CBD,,-33.874199,151.207901
4860,Laksa Laksa,Australia,Sydney CBD,,-33.873432,151.208254
4861,Kozy,Australia,Sydney CBD,korean,-33.875342,151.207309
4862,Gogyo,Australia,Sydney CBD,japanese,-33.882359,151.210377
4863,Tenkomori,Australia,Sydney CBD,noodle,-33.87483,151.20609
4864,,Australia,Sydney CBD,malaysian,-33.874859,151.20632
4865,Senyai,Australia,Sydney CBD,,-33.87472,151.205646
4866,Tajima Yakiniku,Australia,Sydney CBD,,-33.874378,151.205659
4867,Chinatown Noodle Restaurant,Australia,Sydney CBD,chinese,-33.874271,151.20469
4868,Danjee,Australia,Sydney CBD,korean,-33.875627,151.205788
4869,Mizuya,Australia,Sydney CBD,japanese,-33.875806,151.206542
4870,Galli Galli,Australia,Sydney CBD,,-33.875565,151.207381
4871,Lotus,Australia,Sydney CBD,,-33.872221,151.207381
4872,Yayoi,Australia,Sydney CBD,,-33.872391,151.207536
4873,Ichiban Boshi,Australia,Sydney CBD,noodle;japanese,-33.872646,151.20763
4874,Mother Chu's Vegetarian Kitchen,Australia,Sydney CBD,taiwanese;chinese,-33.875907,151.207712
4875,Naruone,Australia,Sydney CBD,korean,-33.876227,151.207764
4876,Nick's,Australia,Sydney CBD,,-33.867764,151.201654
4877,Hulu,Australia,Sydney CBD,,-33.866768,151.201524
4878,Meat District Co.,Australia,Sydney CBD,,-33.866553,151.2015
4879,George's,Australia,Sydney CBD,,-33.86665,151.201511
4880,Beer DeLuxe,Australia,Sydney CBD,,-33.866323,151.201455
4881,Dopa,Australia,Sydney CBD,japanese,-33.874797,151.20228
4882,Kürtősh,Australia,Sydney CBD,hungarian,-33.874879,151.202407
4883,Doodee,Australia,Sydney CBD,thai,-33.874695,151.202142
4884,Ichoume,Australia,Sydney CBD,,-33.874745,151.202203
4885,Macchiato,Australia,Sydney CBD,pizza,-33.876481,151.208034
4886,Arisun,Australia,Sydney CBD,korean,-33.876264,151.203686
4887,Gyuzou,Australia,Sydney CBD,,-33.875896,151.204026
4888,Wagaya,Australia,Sydney CBD,japanese,-33.878917,151.203534
4889,Mikazuki Modern Japanese,Australia,Sydney CBD,japanese,-33.879508,151.206859
4890,Wandee Thai,Australia,Sydney CBD,thai,-33.8844,151.210985
4891,Lucetta,Australia,Sydney CBD,,-33.862173,151.203677
4892,La Hacienda,Australia,Sydney CBD,peruvian;cafe,-33.874262,151.204396
4893,Peace Harmony,Australia,Sydney CBD,thai,-33.868907,151.203911
4894,GPO Grand Restaurants & Bars,Australia,Sydney CBD,,-33.868195,151.207671
4895,Goldern Century Seafood Restaurant,Australia,Sydney CBD,,-33.877906,151.204677
4896,Casa Asturiana Restaurant,Australia,Sydney CBD,,-33.876452,151.205854
4897,Zushi Sushi,Australia,Sydney CBD,sushi;japanese,-33.881462,151.214579
4898,The Forresters,Australia,Sydney CBD,,-33.884818,151.213052
4899,Karaoke Lounge,Australia,Sydney CBD,,-33.878067,151.203896
4900,Mamak,Australia,Sydney CBD,malaysian,-33.877718,151.204228
4901,PumpHouse,Australia,Sydney CBD,,-33.877522,151.2022
4902,Bamboo Village BBQ Fish,Australia,Sydney CBD,,-33.877811,151.204082
4903,"Guylian, Sydney",Australia,Sydney CBD,,-33.859851,151.21294
4904,The Gardens by Lotus,Australia,Sydney CBD,chinese,-33.876894,151.202083
4905,Quay Seafood,Australia,Sydney CBD,seafood,-33.861348,151.21149
4906,Eastbank,Australia,Sydney CBD,italian,-33.860649,151.212855
4907,Scarlett,Australia,Sydney CBD,,-33.859728,151.208215
4908,The Bavarian,Australia,Sydney CBD,german,-33.868328,151.206138
4909,Vapiano,Australia,Sydney CBD,italian,-33.868821,151.205904
4910,One Tea Lounge & Grill,Australia,Sydney CBD,burger;tea;asian,-33.868423,151.205846
4911,Thr1ve,Australia,Sydney CBD,,-33.868731,151.209287
4912,Vanto,Australia,Sydney CBD,,-33.87192,151.206699
4913,Iku,Australia,Sydney CBD,,-33.864789,151.206821
4914,Claires Kitchen at Le Salon,Australia,Sydney CBD,,-33.87777,151.213119
4915,Mad Mex,Australia,Sydney CBD,,-33.86467,151.206836
4916,est.,Australia,Sydney CBD,australian,-33.864134,151.20768
4917,My Zakaya,Australia,Sydney CBD,,-33.881704,151.216728
4918,Blaq Biq,Australia,Sydney CBD,,-33.877681,151.210511
4919,Thai Lemongrass,Australia,Sydney CBD,thai,-33.875699,151.215362
4920,City Extra,Australia,Sydney CBD,,-33.861301,151.211241
4921,Delima Restaurant,Australia,Sydney CBD,,-33.876481,151.203822
4922,Palace Chinese Restaurant,Australia,Sydney CBD,,-33.871602,151.209197
4923,Jumbo Thai,Australia,Sydney CBD,thai,-33.869666,151.196859
4924,Chat Thai,Australia,Sydney CBD,,-33.879194,151.20659
4925,Mr Wong,Australia,Sydney CBD,,-33.864114,151.208299
4926,Vacanza Pizzeria,Australia,Sydney CBD,pizza,-33.885051,151.215864
4927,Jumbo Thai,Australia,Sydney CBD,thai,-33.881585,151.202712
4928,The Spice Room,Australia,Sydney CBD,indian,-33.86169,151.212293
4929,Fish at the Rocks,Australia,Sydney CBD,fish,-33.858698,151.203421
4930,Bridge Room,Australia,Sydney CBD,,-33.863292,151.210912
4931,Sokyo,Australia,Sydney CBD,asian;sushi;japanese,-33.869546,151.195518
4932,Izakaya Masuya,Australia,Sydney CBD,asian;japanese;sushi,-33.865275,151.209705
4933,Saki Restaurant & Bar,Australia,Sydney CBD,japanese;sushi;asian,-33.858894,151.207493
4934,Yebisu Izakaya,Australia,Sydney CBD,asian;sushi;japanese,-33.874707,151.205881
4935,Red Chilli Sechwan Chinese Restaurant,Australia,Sydney CBD,,-33.876736,151.203895
4936,Via Napoli Pizzeria,Australia,Sydney CBD,italian,-33.890556,151.213136
4937,Rustic Pearl,Australia,Sydney CBD,,-33.886326,151.213689
4938,Kingsleys Australian Steakhouse,Australia,Sydney CBD,grill,-33.868917,151.204018
4939,Storehouse,Australia,Sydney CBD,,-33.878617,151.209456
4940,Saigon Summer,Australia,Sydney CBD,vietnamese,-33.879787,151.209428
4941,Contrabando,Australia,Sydney CBD,,-33.864976,151.211159
4942,Bluestone,Australia,Sydney CBD,,-33.874793,151.216417
4943,Hubert,Australia,Sydney CBD,,-33.865158,151.210304
4944,Pasta Emilia,Australia,Sydney CBD,,-33.881483,151.213397
4945,Tapa Vino,Australia,Sydney CBD,,-33.862527,151.209513
4946,The East,Australia,Sydney CBD,chinese,-33.859379,151.213015
4947,Searock Grill,Australia,Sydney CBD,steak_house;seafood,-33.860191,151.212934
4948,Waglburgers,Australia,Sydney CBD,,-33.860329,151.212899
4949,Phillips Foote BBQ,Australia,Sydney CBD,,-33.859822,151.208589
4950,Chicken V Sydney,Australia,Sydney CBD,korean,-33.876314,151.204409
4951,Jamie Oliver's,Australia,Sydney CBD,,-33.865989,151.210399
4952,Chefs Gallery,Australia,Sydney CBD,chinese,-33.874426,151.206308
4953,,Australia,Sydney CBD,,-33.863321,151.212097
4954,The Naked Duck,Australia,Sydney CBD,,-33.877051,151.210482
4955,Belloccio Restaurant,Australia,Sydney CBD,,-33.879809,151.215586
4956,Palings Kitchen and Bar,Australia,Sydney CBD,australian,-33.866461,151.207433
4957,hemmesphere,Australia,Sydney CBD,,-33.864136,151.207756
4958,dae jang kum,Australia,Sydney CBD,,-33.877756,151.205323
4959,Bills,Australia,Sydney CBD,,-33.883971,151.214143
4960,Birdy's,Australia,Sydney CBD,chicken;burger,-33.871066,151.19607
4961,Masala Kitchen,Australia,Sydney CBD,,-33.877719,151.207467
4962,Zumbo Patisserie,Australia,Sydney CBD,,-33.87209,151.206723
4963,Koko Black,Australia,Sydney CBD,,-33.870976,151.206604
4964,Memory Tongue,Australia,Sydney CBD,asian,-33.876249,151.205758
4965,It's Time for Thai,Australia,Sydney CBD,thai,-33.882012,151.204277
4966,Cook Archie's,Australia,Sydney CBD,,-33.886677,151.207656
4967,The Reservoir,Australia,Sydney CBD,,-33.881389,151.210258
4968,Felix,Australia,Sydney CBD,french,-33.866572,151.207694
4969,The Gantry Restaurant & Bar,Australia,Sydney CBD,,-33.85423,151.208091
4970,The Meat & Wine Co,Australia,Sydney CBD,steak,-33.863569,151.201646
4971,The Little Snail,Australia,Sydney CBD,french,-33.870118,151.197858
4972,Alfredo,Australia,Sydney CBD,italian,-33.862762,151.20976
4973,No.1 Malatang,Australia,Sydney CBD,chinese,-33.876242,151.20439
4974,Nua Lao Thai,Australia,Sydney CBD,,-33.88055,151.205185
4975,Bacio Cucina Italiana,Australia,Sydney CBD,italian,-33.863773,151.209317
4976,Chinese Noodle Restaurant,Australia,Sydney CBD,chinese;noodle,-33.881033,151.203588
4977,Zia Pina Pizzeria,Australia,Sydney CBD,,-33.85941,151.208633
4978,Little Vietnamese Food,Australia,Sydney CBD,,-33.865733,151.208031
4979,Yulli’s,Australia,Sydney CBD,,-33.886376,151.213679
4980,Xage,Australia,Sydney CBD,vietnamese,-33.882888,151.214334
4981,Old Town,Australia,Sydney CBD,chinese,-33.876755,151.203946
4982,Burger Project Black Label,Australia,Sydney CBD,burger,-33.862349,151.207289
4983,Four Frogs Creperie,Australia,Sydney CBD,french,-33.861744,151.209757
4984,Zahli,Australia,Sydney CBD,middle_eastern,-33.88852,151.207899
4985,Bondi Wholefoods,Australia,Sydney CBD,,-33.888326,151.207977
4986,Masala Darbar,Australia,Sydney CBD,indian,-33.891518,151.213396
4987,Beijing Dumpling,Australia,Sydney CBD,,-33.891374,151.212401
4988,Komachi,Australia,Sydney CBD,japanese;noodles;sushi,-33.891323,151.212036
4989,Tara,Australia,Sydney CBD,,-33.89134,151.212982
4990,Han Sun Bang,Australia,Sydney CBD,korean,-33.891494,151.213286
4991,RK San,Australia,Sydney CBD,japanese,-33.891518,151.213448
4992,Spice Hub,Australia,Sydney CBD,indian;pakistani,-33.889964,151.208287
4993,The Prophet,Australia,Sydney CBD,lebanese,-33.889946,151.208236
4994,Nada's Restaurant,Australia,Sydney CBD,lebanese,-33.889877,151.208066
4995,Fatima's,Australia,Sydney CBD,lebanese,-33.890107,151.208703
4996,Emad's,Australia,Sydney CBD,lebanese,-33.890134,151.208784
4997,Le Souk,Australia,Sydney CBD,lebanese,-33.88995,151.212994
4998,Alchemy,Australia,Sydney CBD,polish,-33.889113,151.213421
4999,Bodega,Australia,Sydney CBD,tapas;spanish,-33.883517,151.210115
5000,,Australia,Sydney CBD,mexican,-33.881406,151.210739
5001,Pizza Al Taglio,Australia,Sydney CBD,pizza,-33.882985,151.212102
5002,Meat & Wine Co,Australia,Sydney CBD,steak_house,-33.863156,151.212113
5003,Made in Italy,Australia,Sydney CBD,pizza,-33.869957,151.192967
5004,Balkan Restaurant,Australia,Sydney CBD,croatian;seafood,-33.879739,151.214975
5005,Blue Angel,Australia,Sydney CBD,,-33.877985,151.21627
5006,Trovata,Australia,Sydney CBD,mediterranean;pizza,-33.875724,151.21559
5007,Bill and Tony's,Australia,Sydney CBD,italian,-33.875702,151.215479
5008,Sushi on Stanley,Australia,Sydney CBD,sushi;japanese,-33.875965,151.215669
5009,NOLA New Orleans Style BBQ Restaurant.,Australia,Sydney CBD,,-33.863565,151.201725
5010,789 Korean,Australia,Sydney CBD,korean,-33.878152,151.201812
5011,Holy Basil,Australia,Sydney CBD,thai,-33.87829,151.201836
5012,Bare Grill on Bourke,Australia,Sydney CBD,,-33.882866,151.216078
5013,Wings and Tins,Australia,Sydney CBD,,-33.876022,151.215534
5014,Beautiful Burgers,Australia,Sydney CBD,,-33.886819,151.2016
5015,New Orleans Smokehouse.,Australia,Sydney CBD,,-33.863568,151.201766
5016,Emperor’s Garden Cakes & Bakery,Australia,Sydney CBD,,-33.879245,151.204041
5017,Royal Palace Seafood Restaurant,Australia,Sydney CBD,,-33.878016,151.204651
5018,Solander Dining and Bar,Australia,Sydney CBD,international,-33.867502,151.203247
5019,Down‘N Out Burger,Australia,Sydney CBD,,-33.876456,151.205908
5020,Fratelli Fresh,Australia,Sydney CBD,,-33.863835,151.208131
5021,Fratelli Fresh,Australia,Sydney CBD,,-33.876771,151.20128
5022,Sushi Family,Australia,Sydney CBD,,-33.863487,151.207681
5023,Fix Wine,Australia,Sydney CBD,,-33.869622,151.210173
5024,Marko's Restaurant,Australia,Sydney CBD,,-33.876781,151.212529
5025,Eden Bar & Restaurant,Australia,Sydney CBD,,-33.868319,151.209515
5026,Central Food Market,Australia,Sydney CBD,,-33.882706,151.206839
5027,Don't Tell Aunty,Australia,Sydney CBD,indian,-33.885151,151.216083
5028,Home Thai,Australia,Sydney CBD,thai,-33.874576,151.204178
5029,Chaco Ramen,Australia,Sydney CBD,japanese,-33.878123,151.215585
5030,Xi'an Grill,Australia,Sydney CBD,chinese;barbecue,-33.877231,151.203558
5031,Korean BBQ Yang San Park,Australia,Sydney CBD,korean;BBQ,-33.877286,151.203688
5032,Old Town,Australia,Sydney CBD,,-33.864852,151.201783
5033,Two Sticks,Australia,Sydney CBD,,-33.864954,151.201767
5034,Nando's,Australia,Sydney CBD,chicken;portuguese,-33.86787,151.205029
5035,The Butchers Block,Australia,Sydney CBD,,-33.863846,151.201668
5036,Callao,Australia,Sydney CBD,,-33.863705,151.201646
5037,Born by Tapavino,Australia,Sydney CBD,,-33.865176,151.201505
5038,Pho Mo,Australia,Sydney CBD,vietnamese,-33.86498,151.201341
5039,Spiced by Billus,Australia,Sydney CBD,indian,-33.865238,151.201376
5040,Anason,Australia,Sydney CBD,turkish,-33.864598,151.201283
5041,Love Fish,Australia,Sydney CBD,seafood,-33.864433,151.201279
5042,Born by Tapavino,Australia,Sydney CBD,,-33.865144,151.201353
5043,Muum Maam,Australia,Sydney CBD,,-33.864533,151.201275
5044,Lotus,Australia,Sydney CBD,,-33.864197,151.201251
5045,Zushi,Australia,Sydney CBD,japanese,-33.864878,151.201342
5046,Steersons Steakhouse,Australia,Sydney CBD,,-33.866634,151.201626
5047,Manjit's,Australia,Sydney CBD,indian,-33.868149,151.201794
5048,Lal Qila,Australia,Sydney CBD,,-33.867587,151.202055
5049,Thai Connection,Australia,Sydney CBD,thai,-33.866656,151.203769
5050,Brings Bao+Beer,Australia,Sydney CBD,,-33.863949,151.202535
5051,Made in Italy,Australia,Sydney CBD,,-33.866319,151.205446
5052,Mark + Vinny's,Australia,Sydney CBD,,-33.886712,151.210372
5053,Bad Hombres,Australia,Sydney CBD,,-33.881153,151.209337
5054,Bopp & Tone,Australia,Sydney CBD,,-33.866898,151.206477
5055,Marigold Restaurant,Australia,Sydney CBD,chinese,-33.879747,151.204701
5056,The Carter,Australia,Sydney CBD,,-33.865301,151.209657
5057,Chinese,Australia,Sydney CBD,,-33.88278,151.207345
5058,House Diner,Australia,Sydney CBD,,-33.876529,151.196663
5059,JB's Bar and Grill,Australia,Sydney CBD,,-33.878591,151.203566
5060,Pancakes on the Rocks,Australia,Sydney CBD,pancake;pizza,-33.858873,151.208348
5061,Butter,Australia,Sydney CBD,chicken,-33.879166,151.210589
5062,The Famous!,Australia,Sydney CBD,,-33.881158,151.208917
5063,Yok Yor Thai Food Factory,Australia,Sydney CBD,thai,-33.879615,151.207981
5064,The Secret Alley,Australia,Sydney CBD,,-33.878807,151.203643
5065,Ash St Cellar,Australia,Sydney CBD,,-33.866611,151.207576
5066,Mode Kitchen & Bar,Australia,Sydney CBD,,-33.861602,151.207605
5067,Republic Hotel,Australia,Sydney CBD,,-33.863799,151.208782
5068,MakNyoss,Australia,Sydney CBD,,-33.876628,151.208561
5069,Nour,Australia,Sydney CBD,arab;lebanese,-33.886753,151.213865
5070,Armorica,Australia,Sydney CBD,french,-33.886856,151.213844
5071,Suminoya Japanese Restaurant,Australia,Sydney CBD,japanese,-33.867055,151.209138
5072,Chon Siam Thai Restaurant,Australia,Sydney CBD,thai,-33.879328,151.207594
5073,Nomad,Australia,Sydney CBD,oriental;middle_eastern,-33.879864,151.210302
5074,Noranise Dining,Australia,Sydney CBD,,-33.879706,151.198966
5075,Gou Sushi,Australia,Sydney CBD,sushi,-33.885074,151.207306
5076,Harajuku Gyoza,Australia,Sydney CBD,japanese,-33.877018,151.201351
5077,KOGI Korean BBQ,Australia,Sydney CBD,,-33.879971,151.203613
5078,Leo,Australia,Sydney CBD,,-33.866881,151.207712
